2026-03-18 15:27:10 [debug] : --------------------------------------------------------------------------------- 
2026-03-18 15:27:10 [debug] : C:\Users\dkhar\OneDrive\Documents\GitHub\ee4218 
2026-03-18 15:27:10 [debug] : --------------------------------------------------------------------------------- 
2026-03-18 15:27:10 [debug] : [Logger] Previous user logs are stored in the file - C:\Users\dkhar\.Xilinx\Vitis\2025.1\logs\ide.log 
2026-03-18 15:27:10 [debug] : [Logger] Previous debug logs are stored in the file - C:\Users\dkhar\.Xilinx\Vitis\2025.1\.wsdata\ide_verbose.log 
2026-03-18 15:27:10 [debug] : RIGEL SERVER 15:27:10 INFO  : created .gitignore file for the project C:\Users\dkhar\OneDrive\Documents\GitHub\ee4218 
2026-03-18 15:27:10 [debug] : RIGEL SERVER 15:27:10 INFO  : updated workspace path: C:\Users\dkhar\OneDrive\Documents\GitHub\ee4218 
2026-03-18 15:27:10 [debug] : RIGEL SERVER 15:27:10 INFO  : Marking the target connection as default Local 
2026-03-18 15:27:10 [debug] : RIGEL SERVER 15:27:10 INFO  : Marking the target connection as default Linux Agent 
2026-03-18 15:27:10 [debug] : RIGEL SERVER 15:27:10 INFO  : Marking the target connection as default XRTServer 
2026-03-18 15:27:10 [debug] : RIGEL SERVER 15:27:10 INFO  : Marking the target connection as default LinuxEmulation 
2026-03-18 15:27:10 [debug] : RIGEL SERVER 15:27:10 INFO  : Marking the target connection as default QEMU 
2026-03-18 15:27:10 [debug] : [hosted-plugin: 13456] calling activation function on GitLens — Git supercharged 
2026-03-18 15:27:11 [debug] : RIGEL SERVER 15:27:11 INFO  : [INFO]: Initializing repositories 
2026-03-18 15:27:11 [debug] : RIGEL SERVER 15:27:11 INFO  : [INFO]: Successfully set the EmbeddedSW path, refer .repo.yaml for more details. 
2026-03-18 15:27:11 [debug] : RIGEL SERVER 15:27:11 INFO  : Successfully created repository data at C:\Users\dkhar\AppData\Local\Temp\rigel_lopper_dkhar576477185829226207 
2026-03-18 15:27:11 [debug] : RIGEL SERVER 15:27:11 INFO  : cmd.exe, /C, empyro.bat get_template_data -d C:\Users\dkhar\AppData\Local\Temp\rigel_lopper_dkhar17321797208826948418 -r C:\Users\dkhar\AppData\Local\Temp\rigel_lopper_dkhar576477185829226207\.repo.yaml 
2026-03-18 15:27:13 [debug] : RIGEL SERVER 15:27:13 INFO  : Embedded Template List generated successfully 
2026-03-18 15:27:16 [debug] : [Repository Server] Executing method:getEmbeddedExampleTemplateTree with connection:(object). {"0":"request:","1":{"wrappers_":null,"arrayIndexOffset_":-1,"array":[],"pivot_":1.7976931348623157e+308,"convertedPrimitiveFields_":{}}}
2026-03-18 15:27:16 [debug] : [Application Examples Provider]  updating the embedded templates on workspace event. 
2026-03-18 15:27:16 [debug] : [Application Examples Provider] refresh requested. 
2026-03-18 15:27:16 [debug] : Received event from notification service: ON_DID_UPDATE_WORKSPACE. 
2026-03-18 15:27:16 [debug] : [Logger Client] log levelchanged to  {"0":"Info"}
2026-03-18 15:27:16 [debug] : [Logger UI]  Update Log Level  called 
2026-03-18 15:27:16 [debug] : [Application Examples Provider] common calling method requested. 
2026-03-18 15:27:16 [debug] : [Application Examples Provider] Repositories model update requested. 
2026-03-18 15:27:16 [debug] : [Application Examples Provider] Repositories model update completed. 
2026-03-18 15:27:16 [debug] : [ProjectCache] fetching projects for project-cache 
2026-03-18 15:27:16 [debug] : [Application Examples Provider] Templates model update requested. 
2026-03-18 15:27:16 [debug] : [Repository Service] Executing method:getEmbeddedExampleTemplateTree from frontend. {"0":"request:"}
2026-03-18 15:27:16 [debug] : RIGEL SERVER 15:27:16 INFO  : cmd.exe, /C, empyro.bat repo -st   C:\Xilinx\2025.1\Vitis\data\embeddedsw 
2026-03-18 15:27:16 [debug] : Event posted using notification server in backend. {"0":{"wrappers_":{},"arrayIndexOffset_":-1,"array":["97233682-7f35-4d2d-ba68-733ddaee3fcc",null,54,null,null,null,null,"refresh-summaries"],"pivot_":1.7976931348623157e+308,"convertedPrimitiveFields_":{}}}
2026-03-18 15:27:16 [debug] : Received event from notification service: ON_DID_REFRESH_WORKSPACE_SUMMARIES. 
2026-03-18 15:27:16 [debug] : [909e0042-cbef-4ffe-a3f5-413bb59e302e] Start of 18 plugins: 9158.4 ms [Finished 16.432 s after frontend start] 
2026-03-18 15:27:16 [debug] : [Application Examples Provider] Templates model update completed. 
2026-03-18 15:27:16 [debug] : [Application Examples Provider] common calling method completed. 
2026-03-18 15:27:16 [debug] : [Application Examples Provider] refresh completed. 
2026-03-18 15:27:16 [debug] : [ProjectDecorator] tree decoration updated 
2026-03-18 15:27:16 [debug] : [ProjectCache] Project location updated to undefined 
2026-03-18 15:27:16 [debug] : [ProjectDecorator] tree decoration updated 
2026-03-18 15:27:16 [debug] : [Logger UI]  Update Log Level success {"0":{"success":true,"error":""}}
2026-03-18 15:27:16 [debug] : Received event from notification service: ON_STOP_ANALYSIS_PROGRESS. 
2026-03-18 15:27:16 [debug] : [ProjectCache] fetching projects for project-cache 
2026-03-18 15:27:17 [debug] : MonacoEditorModel.fireDidChangeContent - enter - {
  "changes": [
    {
      "range": {
        "startLineNumber": 1,
        "startColumn": 1,
        "endLineNumber": 1,
        "endColumn": 1
      },
      "rangeLength": 0,
      "text": "{\r\n    \"clangd.fallbackFlags\": []\r\n}",
      "rangeOffset": 0,
      "forceMoveMarkers": false
    }
  ],
  "eol": "\r\n",
  "isEolChange": false,
  "versionId": 2,
  "isUndoing": false,
  "isRedoing": false,
  "isFlush": false
} {"0":"file:///c:/Users/dkhar/OneDrive/Documents/GitHub/ee4218/_ide/settings.json"}
2026-03-18 15:27:17 [debug] : MonacoEditorModel.markAsDirty - enter {"0":"file:///c:/Users/dkhar/OneDrive/Documents/GitHub/ee4218/_ide/settings.json"}
2026-03-18 15:27:17 [debug] : MonacoEditorModel.cancelSync {"0":"file:///c:/Users/dkhar/OneDrive/Documents/GitHub/ee4218/_ide/settings.json"}
2026-03-18 15:27:17 [debug] : MonacoEditorModel.markAsDirty - exit {"0":"file:///c:/Users/dkhar/OneDrive/Documents/GitHub/ee4218/_ide/settings.json"}
2026-03-18 15:27:17 [debug] : MonacoEditorModel.fireDidChangeContent - exit {"0":"file:///c:/Users/dkhar/OneDrive/Documents/GitHub/ee4218/_ide/settings.json"}
2026-03-18 15:27:17 [debug] : MonacoEditorModel.cancelSave {"0":"file:///c:/Users/dkhar/OneDrive/Documents/GitHub/ee4218/_ide/settings.json"}
2026-03-18 15:27:17 [debug] : MonacoEditorModel.cancelSave {"0":"file:///c:/Users/dkhar/OneDrive/Documents/GitHub/ee4218/_ide/settings.json"}
2026-03-18 15:27:17 [debug] : [ProjectDecorator] tree decoration updated 
2026-03-18 15:27:17 [debug] : [ProjectCache] Project location updated to undefined 
2026-03-18 15:27:17 [debug] : [ProjectDecorator] tree decoration updated 
2026-03-18 15:27:17 [debug] : MonacoEditorModel.cancelSync {"0":"file:///c:/Users/dkhar/OneDrive/Documents/GitHub/ee4218/_ide/settings.json"}
2026-03-18 15:27:17 [debug] : MonacoEditorModel.cancelSave {"0":"file:///c:/Users/dkhar/OneDrive/Documents/GitHub/ee4218/_ide/settings.json"}
2026-03-18 15:27:23 [debug] : RIGEL SERVER 15:27:23 INFO  : [INFO]: Initializing repositories 
2026-03-18 15:27:23 [debug] : RIGEL SERVER 15:27:23 INFO  : [INFO]: Successfully set the EmbeddedSW path, refer .repo.yaml for more details. 
2026-03-18 15:27:23 [debug] : RIGEL SERVER 15:27:23 INFO  : Successfully created repository data at C:\Users\dkhar\OneDrive\Documents\GitHub\ee4218/_ide\.wsdata 
2026-03-18 15:27:23 [debug] : RIGEL SERVER 15:27:23 INFO  : cmd.exe, /C, empyro.bat get_template_data -d C:\Users\dkhar\AppData\Local\Temp\rigel_lopper_dkhar13041653791378556638 -r C:\Users\dkhar\OneDrive\Documents\GitHub\ee4218\_ide\.wsdata\.repo.yaml 
2026-03-18 15:27:25 [debug] : RIGEL SERVER 15:27:25 INFO  : Embedded Template List generated successfully 
2026-03-18 15:27:25 [debug] : [Application Examples Provider] Templates model update completed. 
2026-03-18 15:27:25 [debug] : [Application Examples Provider] common calling method completed. 
2026-03-18 15:27:25 [debug] : [Application Examples Provider] refresh completed. 
2026-03-18 15:27:42 [debug] : [Platform Server] Executing method:[getProcessorOSList] with connection:(object). {"0":"request:","1":{"wrappers_":{"6":[{"wrappers_":null,"arrayIndexOffset_":-1,"array":["VITIS_SDT_REPO",null],"pivot_":1.7976931348623157e+308,"convertedPrimitiveFields_":{}},{"wrappers_":null,"arrayIndexOffset_":-1,"array":["VITIS_SDT_BOARD_DTS",null],"pivot_":1.7976931348623157e+308,"convertedPrimitiveFields_":{}},{"wrappers_":null,"arrayIndexOffset_":-1,"array":["VITIS_SDT_INCLUDE_DTS",null],"pivot_":1.7976931348623157e+308,"convertedPrimitiveFields_":{}},{"wrappers_":null,"arrayIndexOffset_":-1,"array":["-dt_overlay","0"],"pivot_":1.7976931348623157e+308,"convertedPrimitiveFields_":{}},{"wrappers_":null,"arrayIndexOffset_":-1,"array":["custom_dtsi",null],"pivot_":1.7976931348623157e+308,"convertedPrimitiveFields_":{}}]},"arrayIndexOffset_":-1,"array":["C:\\Users\\dkhar\\OneDrive\\Documents\\GitHub\\ee4218\\lab2\\hw\\lab2.xsa",null,[],[],null,[["VITIS_SDT_REPO",null],["VITIS_SDT_BOARD_DTS",null],["VITIS_SDT_INCLUDE_DTS",null],["-dt_overlay","0"],["custom_dtsi",null]]],"pivot_":1.7976931348623157e+308,"convertedPrimitiveFields_":{}}}
2026-03-18 15:27:42 [debug] : RIGEL SERVER 15:27:42 INFO  : Using sdt generation script from C:\Xilinx\2025.1\Vitis\vitis-server\scripts\platformutil.tcl 
2026-03-18 15:27:42 [debug] : RIGEL SERVER 15:27:42 INFO  : cmd.exe, /C, sdtgen.bat C:\Xilinx\2025.1\Vitis\vitis-server\scripts\platformutil.tcl C:\Users\dkhar\OneDrive\Documents\GitHub\ee4218\lab2\hw\lab2.xsa C:\Users\dkhar\OneDrive\Documents\GitHub\ee4218\.rigel_lopper_temp_platform\lab2\hw\sdt 
2026-03-18 15:27:49 [debug] : RIGEL SERVER 15:27:49 INFO  : -xsa C:\Users\dkhar\OneDrive\Documents\GitHub\ee4218\lab2\hw\lab2.xsa 
2026-03-18 15:27:49 [debug] : RIGEL SERVER 15:27:49 INFO  : -dir C:\Users\dkhar\OneDrive\Documents\GitHub\ee4218\.rigel_lopper_temp_platform\lab2\hw\sdt 
2026-03-18 15:27:49 [debug] : RIGEL SERVER 15:27:49 INFO  : -board_dts 
2026-03-18 15:27:49 [debug] : RIGEL SERVER 15:27:49 INFO  : -include_dts 
2026-03-18 15:27:49 [debug] : RIGEL SERVER 15:27:49 INFO  : -repo C:/Xilinx/2025.1/Vitis/data/system-device-tree-xlnx
15:27:49 INFO  : -zocl disable
15:27:49 ERROR : ERROR: [Common 17-1293] The path 'C:/Users/dkhar/OneDrive/Documents/GitHub/ee4218/.rigel_lopper_temp_platform/lab2/hw/sdt' already exists, is a directory, but is not writable. 
2026-03-18 15:27:49 [debug] : RIGEL SERVER 15:27:49 INFO  : 
2026-03-18 15:27:49 [debug] : RIGEL SERVER 15:27:49 INFO  :     while executing
15:27:49 INFO  : "hsi::open_hw_design "$xsa_path"" 
2026-03-18 15:27:49 [debug] : RIGEL SERVER 15:27:49 INFO  :     (procedure "generate_sdt" line 90) 
2026-03-18 15:27:49 [debug] : RIGEL SERVER 15:27:49 INFO  :     invoked from within 
2026-03-18 15:27:49 [debug] : RIGEL SERVER 15:27:49 INFO  : "generate_sdt" 
2026-03-18 15:27:49 [debug] : RIGEL SERVER 15:27:49 INFO  :     (file "C:\Xilinx\2025.1\Vitis\vitis-server\scripts\platformutil.tcl" line 77) 
2026-03-18 15:27:49 [debug] : RIGEL SERVER 15:27:49 INFO  : SDT generated successfully 
2026-03-18 15:27:49 [debug] : RIGEL SERVER 15:27:49 ERROR : InValid Platform,System DTS File does not exist in 'C:\Users\dkhar\OneDrive\Documents\GitHub\ee4218\.rigel_lopper_temp_platform\lab2\hw\sdt\system-top.dts'. 
2026-03-18 15:29:56 [debug] : [Platform Server] Executing method:[getProcessorOSList] with connection:(object). {"0":"request:","1":{"wrappers_":{"6":[{"wrappers_":null,"arrayIndexOffset_":-1,"array":["VITIS_SDT_REPO",null],"pivot_":1.7976931348623157e+308,"convertedPrimitiveFields_":{}},{"wrappers_":null,"arrayIndexOffset_":-1,"array":["VITIS_SDT_BOARD_DTS",null],"pivot_":1.7976931348623157e+308,"convertedPrimitiveFields_":{}},{"wrappers_":null,"arrayIndexOffset_":-1,"array":["VITIS_SDT_INCLUDE_DTS",null],"pivot_":1.7976931348623157e+308,"convertedPrimitiveFields_":{}},{"wrappers_":null,"arrayIndexOffset_":-1,"array":["-dt_overlay","0"],"pivot_":1.7976931348623157e+308,"convertedPrimitiveFields_":{}},{"wrappers_":null,"arrayIndexOffset_":-1,"array":["custom_dtsi",null],"pivot_":1.7976931348623157e+308,"convertedPrimitiveFields_":{}}]},"arrayIndexOffset_":-1,"array":["C:\\Users\\dkhar\\OneDrive\\Documents\\GitHub\\ee4218\\lab2\\hw\\lab2.xsa",null,[],[],null,[["VITIS_SDT_REPO",null],["VITIS_SDT_BOARD_DTS",null],["VITIS_SDT_INCLUDE_DTS",null],["-dt_overlay","0"],["custom_dtsi",null]]],"pivot_":1.7976931348623157e+308,"convertedPrimitiveFields_":{}}}
2026-03-18 15:29:57 [debug] : RIGEL SERVER 15:29:57 INFO  : Using sdt generation script from C:\Xilinx\2025.1\Vitis\vitis-server\scripts\platformutil.tcl 
2026-03-18 15:29:57 [debug] : RIGEL SERVER 15:29:57 INFO  : cmd.exe, /C, sdtgen.bat C:\Xilinx\2025.1\Vitis\vitis-server\scripts\platformutil.tcl C:\Users\dkhar\OneDrive\Documents\GitHub\ee4218\lab2\hw\lab2.xsa C:\Users\dkhar\OneDrive\Documents\GitHub\ee4218\.rigel_lopper_temp_platform\lab2\hw\sdt 
2026-03-18 15:30:44 [debug] : RIGEL SERVER 15:30:44 INFO  : -xsa C:\Users\dkhar\OneDrive\Documents\GitHub\ee4218\lab2\hw\lab2.xsa 
2026-03-18 15:30:44 [debug] : RIGEL SERVER 15:30:44 INFO  : -dir C:\Users\dkhar\OneDrive\Documents\GitHub\ee4218\.rigel_lopper_temp_platform\lab2\hw\sdt
15:30:44 INFO  : -board_dts 
2026-03-18 15:30:44 [debug] : RIGEL SERVER 15:30:44 INFO  : -include_dts 
2026-03-18 15:30:44 [debug] : RIGEL SERVER 15:30:44 INFO  : -repo C:/Xilinx/2025.1/Vitis/data/system-device-tree-xlnx
15:30:44 INFO  : -zocl disable 
2026-03-18 15:30:44 [debug] : RIGEL SERVER 15:30:44 INFO  : INFO: [Hsi 55-2053] elapsed time for repository (C:/Xilinx/2025.1/Vitis/data/embeddedsw) loading 0 seconds 
2026-03-18 15:30:44 [debug] : RIGEL SERVER 15:30:44 INFO  : hsi::open_hw_design: Time (s): cpu = 00:00:24 ; elapsed = 00:00:27 . Memory (MB): peak = 241.352 ; gain = 181.559 
2026-03-18 15:30:44 [debug] : RIGEL SERVER 15:30:44 INFO  : SDT generated successfully 
2026-03-18 15:30:45 [debug] : RIGEL SERVER 15:30:45 INFO  : Lopper command for cpu List generation: lopper.bat --enhanced --werror -f -O C:\Users\dkhar\OneDrive\Documents\GitHub\ee4218\.rigel_lopper -i lop-cpu-oslist.dts C:\Users\dkhar\OneDrive\Documents\GitHub\ee4218\.rigel_lopper_temp_platform\lab2\hw\sdt\system-top.dts 
2026-03-18 15:30:45 [debug] : RIGEL SERVER 15:30:45 INFO  : cmd.exe, /C, lopper.bat --enhanced --werror -f -O C:\Users\dkhar\OneDrive\Documents\GitHub\ee4218\.rigel_lopper -i lop-cpu-oslist.dts C:\Users\dkhar\OneDrive\Documents\GitHub\ee4218\.rigel_lopper_temp_platform\lab2\hw\sdt\system-top.dts 
2026-03-18 15:31:10 [debug] : RIGEL SERVER 15:31:10 INFO  : CPU List generated successfully 
2026-03-18 15:31:18 [debug] : [Platform Server] Executing method:[createPlatformProject] with connection:(object). {"0":"request:","1":{"wrappers_":{"19":[{"wrappers_":null,"arrayIndexOffset_":-1,"array":["VITIS_SDT_REPO",null],"pivot_":1.7976931348623157e+308,"convertedPrimitiveFields_":{}},{"wrappers_":null,"arrayIndexOffset_":-1,"array":["VITIS_SDT_BOARD_DTS",null],"pivot_":1.7976931348623157e+308,"convertedPrimitiveFields_":{}},{"wrappers_":null,"arrayIndexOffset_":-1,"array":["VITIS_SDT_INCLUDE_DTS",null],"pivot_":1.7976931348623157e+308,"convertedPrimitiveFields_":{}},{"wrappers_":null,"arrayIndexOffset_":-1,"array":["-dt_overlay","0"],"pivot_":1.7976931348623157e+308,"convertedPrimitiveFields_":{}}]},"arrayIndexOffset_":-1,"array":["platform",null,"C:\\Users\\dkhar\\OneDrive\\Documents\\GitHub\\ee4218\\platform","C:\\Users\\dkhar\\OneDrive\\Documents\\GitHub\\ee4218\\lab2\\hw\\lab2.xsa","psu_cortexa53_0","standalone",null,null,null,"psu_cortexa53_0",null,null,null,true,null,"",null,null,[["VITIS_SDT_REPO",null],["VITIS_SDT_BOARD_DTS",null],["VITIS_SDT_INCLUDE_DTS",null],["-dt_overlay","0"]],1,1],"pivot_":1.7976931348623157e+308,"convertedPrimitiveFields_":{}}}
2026-03-18 15:31:18 [debug] : [Platform Server] Create platform platform requested with internal id 'b990208f-f945-4d7f-b702-4adcd6c7807d'. 
2026-03-18 15:31:18 [debug] : RIGEL SERVER 15:31:18 INFO  : Platform platform creation started. 
2026-03-18 15:31:18 [debug] : [Platform Output] Creating platform platform with id 'b990208f-f945-4d7f-b702-4adcd6c7807d' started. 
2026-03-18 15:31:18 [debug] : RIGEL SERVER 15:31:18 INFO  : Lopper command for cpu List generation: lopper.bat --enhanced --werror -f -O C:\Users\dkhar\OneDrive\Documents\GitHub\ee4218\.rigel_lopper -i lop-cpu-oslist.dts C:\Users\dkhar\OneDrive\Documents\GitHub\ee4218\platform\hw\sdt\system-top.dts 
2026-03-18 15:31:18 [debug] : RIGEL SERVER 15:31:18 INFO  : cmd.exe, /C, lopper.bat --enhanced --werror -f -O C:\Users\dkhar\OneDrive\Documents\GitHub\ee4218\.rigel_lopper -i lop-cpu-oslist.dts C:\Users\dkhar\OneDrive\Documents\GitHub\ee4218\platform\hw\sdt\system-top.dts 
2026-03-18 15:31:27 [debug] : RIGEL SERVER 15:31:27 INFO  : CPU List generated successfully 
2026-03-18 15:31:27 [debug] : RIGEL SERVER 15:31:27 INFO  : SDT generated successfully. 
2026-03-18 15:31:27 [debug] : RIGEL SERVER 15:31:27 INFO  : created .gitignore file for the project C:\Users\dkhar\OneDrive\Documents\GitHub\ee4218\platform 
2026-03-18 15:31:27 [debug] : Received event from notification service: ON_DID_CREATE_COMPONENT. 
2026-03-18 15:31:28 [debug] : RIGEL SERVER 15:31:28 INFO  : ZYNQMP: Using the QEMU args from install at  : C:\Xilinx\2025.1\Vitis\data\emulation\platforms\zynqmp\sw\a53_linux\qemu\qemu_args.txt 
2026-03-18 15:31:28 [debug] : RIGEL SERVER 15:31:28 INFO  : ZYNQMP: Using the PMUQEMU args from install at  : C:\Xilinx\2025.1\Vitis\data\emulation\platforms\zynqmp\sw\a53_linux\qemu\pmu_args.txt 
2026-03-18 15:31:28 [debug] : RIGEL SERVER 15:31:28 INFO  : ZYNQMP: Using the QEMU args from install at  : C:\Xilinx\2025.1\Vitis\data\emulation\platforms\zynqmp\sw\a53_standalone\qemu\qemu_args.txt 
2026-03-18 15:31:28 [debug] : RIGEL SERVER 15:31:28 INFO  : ZYNQMP: Using the QEMU args from install at  : C:\Xilinx\2025.1\Vitis\data\emulation\platforms\zynqmp\sw\a53_standalone\qemu\qemu_args.txt 
2026-03-18 15:31:28 [debug] : RIGEL SERVER 15:31:28 INFO  : ZYNQMP: Using the PMUQEMU args from install at  : C:\Xilinx\2025.1\Vitis\data\emulation\platforms\zynqmp\sw\a53_standalone\qemu\pmu_args.txt 
2026-03-18 15:31:28 [debug] : RIGEL SERVER 15:31:28 INFO  : ZYNQMP: Using the PMUQEMU args from install at  : C:\Xilinx\2025.1\Vitis\data\emulation\platforms\zynqmp\sw\a53_standalone\qemu\pmu_args.txt 
2026-03-18 15:31:28 [debug] : RIGEL SERVER 15:31:28 INFO  : lopper command to generate BSP :empyro.bat create_bsp -w C:\Users\dkhar\OneDrive\Documents\GitHub\ee4218\platform\zynqmp_fsbl\zynqmp_fsbl_bsp -p psu_cortexa53_0 -o standalone -s C:\Users\dkhar\OneDrive\Documents\GitHub\ee4218\platform\hw\sdt\system-top.dts -t zynqmp_fsbl -r C:\Users\dkhar\OneDrive\Documents\GitHub\ee4218\_ide\.wsdata\.repo.yaml
15:31:28 INFO  : lopper command to generate BSP :empyro.bat create_bsp -w C:\Users\dkhar\OneDrive\Documents\GitHub\ee4218\platform\psu_cortexa53_0\standalone_psu_cortexa53_0\bsp -p psu_cortexa53_0 -o standalone -s C:\Users\dkhar\OneDrive\Documents\GitHub\ee4218\platform\hw\sdt\system-top.dts -t empty_application -r C:\Users\dkhar\OneDrive\Documents\GitHub\ee4218\_ide\.wsdata\.repo.yaml 
2026-03-18 15:31:28 [debug] : RIGEL SERVER 15:31:28 INFO  : cmd.exe, /C, empyro.bat create_bsp -w C:\Users\dkhar\OneDrive\Documents\GitHub\ee4218\platform\zynqmp_fsbl\zynqmp_fsbl_bsp -p psu_cortexa53_0 -o standalone -s C:\Users\dkhar\OneDrive\Documents\GitHub\ee4218\platform\hw\sdt\system-top.dts -t zynqmp_fsbl -r C:\Users\dkhar\OneDrive\Documents\GitHub\ee4218\_ide\.wsdata\.repo.yaml 
2026-03-18 15:31:28 [debug] : RIGEL SERVER 15:31:28 INFO  : cmd.exe, /C, empyro.bat create_bsp -w C:\Users\dkhar\OneDrive\Documents\GitHub\ee4218\platform\psu_cortexa53_0\standalone_psu_cortexa53_0\bsp -p psu_cortexa53_0 -o standalone -s C:\Users\dkhar\OneDrive\Documents\GitHub\ee4218\platform\hw\sdt\system-top.dts -t empty_application -r C:\Users\dkhar\OneDrive\Documents\GitHub\ee4218\_ide\.wsdata\.repo.yaml 
2026-03-18 15:33:24 [debug] : RIGEL SERVER 15:33:24 INFO  : [INFO]: Starting domain creation 
2026-03-18 15:33:24 [debug] : RIGEL SERVER 15:33:24 INFO  : [INFO]: Generating Domain-specific DTS for psu_cortexa53_0
15:33:24 INFO  : [INFO]: Generating required metadata from domain specific DT 
2026-03-18 15:33:24 [debug] : RIGEL SERVER 15:33:24 INFO  : [INFO]: Successfully created Domain at C:\Users\dkhar\OneDrive\Documents\GitHub\ee4218\platform\psu_cortexa53_0\standalone_psu_cortexa53_0\bsp 
2026-03-18 15:33:24 [debug] : RIGEL SERVER 15:33:24 INFO  : Successfully Generated Domain C:\Users\dkhar\OneDrive\Documents\GitHub\ee4218\platform\psu_cortexa53_0\standalone_psu_cortexa53_0\bsp 
2026-03-18 15:33:24 [debug] : RIGEL SERVER 15:33:24 INFO  : Domain standalone_psu_cortexa53_0 added successfully. 
2026-03-18 15:33:24 [debug] : Received event from notification service: ON_UPDATE_PLATFORM_STATUS. 
2026-03-18 15:33:28 [debug] : RIGEL SERVER 15:33:28 INFO  : [INFO]: Starting domain creation 
2026-03-18 15:33:28 [debug] : RIGEL SERVER 15:33:28 INFO  : [INFO]: Generating Domain-specific DTS for psu_cortexa53_0 
2026-03-18 15:33:28 [debug] : RIGEL SERVER 15:33:28 INFO  : [INFO]: Generating required metadata from domain specific DT
15:33:28 INFO  : [INFO]: Successfully created Domain at C:\Users\dkhar\OneDrive\Documents\GitHub\ee4218\platform\zynqmp_fsbl\zynqmp_fsbl_bsp 
2026-03-18 15:33:28 [debug] : RIGEL SERVER 15:33:28 INFO  : Successfully Generated Domain C:\Users\dkhar\OneDrive\Documents\GitHub\ee4218\platform\zynqmp_fsbl\zynqmp_fsbl_bsp 
2026-03-18 15:33:28 [debug] : Received event from notification service: ON_UPDATE_PLATFORM_STATUS. 
2026-03-18 15:33:28 [debug] : RIGEL SERVER 15:33:28 INFO  : lopper command to create baremetal application :empyro.bat create_app --src_dir C:\Users\dkhar\OneDrive\Documents\GitHub\ee4218\platform\zynqmp_fsbl -t zynqmp_fsbl -d C:\Users\dkhar\OneDrive\Documents\GitHub\ee4218\platform\zynqmp_fsbl\zynqmp_fsbl_bsp -n fsbl -r C:\Users\dkhar\OneDrive\Documents\GitHub\ee4218\_ide\.wsdata\.repo.yaml 
2026-03-18 15:33:28 [debug] : RIGEL SERVER 15:33:28 INFO  : cmd.exe, /C, empyro.bat validate_bsp -t zynqmp_fsbl -d C:\Users\dkhar\OneDrive\Documents\GitHub\ee4218\platform\zynqmp_fsbl\zynqmp_fsbl_bsp -r C:\Users\dkhar\OneDrive\Documents\GitHub\ee4218\_ide\.wsdata\.repo.yaml 
2026-03-18 15:33:40 [debug] : RIGEL SERVER 15:33:40 INFO  : Successfully validated template zynqmp_fsbl 
2026-03-18 15:33:40 [debug] : RIGEL SERVER 15:33:40 INFO  : cmd.exe, /C, empyro.bat create_app --src_dir C:\Users\dkhar\OneDrive\Documents\GitHub\ee4218\platform\zynqmp_fsbl -t zynqmp_fsbl -d C:\Users\dkhar\OneDrive\Documents\GitHub\ee4218\platform\zynqmp_fsbl\zynqmp_fsbl_bsp -n fsbl -r C:\Users\dkhar\OneDrive\Documents\GitHub\ee4218\_ide\.wsdata\.repo.yaml 
2026-03-18 15:33:56 [debug] : RIGEL SERVER 15:33:56 INFO  : [INFO]: Generating Linker script for zynqmp_fsbl 
2026-03-18 15:33:56 [debug] : RIGEL SERVER 15:33:56 INFO  : [INFO]: Successfully Created Application sources at C:/Users/dkhar/OneDrive/Documents/GitHub/ee4218/platform/zynqmp_fsbl
15:33:56 INFO  : Successfully created Application C:\Users\dkhar\OneDrive\Documents\GitHub\ee4218\platform\zynqmp_fsbl 
2026-03-18 15:33:56 [debug] : RIGEL SERVER 15:33:56 INFO  : Platform FSBL Boot domain added successfully. 
2026-03-18 15:33:56 [debug] : RIGEL SERVER 15:33:56 INFO  : Platform creation finished successfully.
15:33:56 INFO  : Platform Quick Build initiated. 
2026-03-18 15:33:56 [debug] : Received event from notification service: ON_DID_UPDATE_COMPONENT. 
2026-03-18 15:33:56 [debug] : Received event from notification service: ON_UPDATE_PLATFORM_STATUS. 
2026-03-18 15:33:56 [debug] : Received event from notification service: ON_DID_OPEN_COMPONENT. 
2026-03-18 15:33:56 [debug] : Received event from notification service: ON_DID_BUILD_START. 
2026-03-18 15:33:56 [debug] : RIGEL SERVER 15:33:56 INFO  : Generating Export directory 
2026-03-18 15:33:56 [debug] : Received event from notification service: ON_UPDATE_FLOWNAVIGATOR_STATUS. 
2026-03-18 15:33:57 [debug] : Received event from notification service: ON_DID_MODIFY_PLATFORM_REPOS. 
2026-03-18 15:33:57 [debug] : RIGEL SERVER 15:33:57 INFO  : Generated platform metadata for creating application(s) based on platform platform. 
2026-03-18 15:33:57 [debug] : [Platform Server] Creating platform platform  completed on 'platform' with internal id 'b990208f-f945-4d7f-b702-4adcd6c7807d'. 
2026-03-18 15:33:57 [debug] : [Platform Server] Creating platform platform  status event - label: platform, status_code:0, status_details:. 
2026-03-18 15:33:57 [debug] : [Platform Server] Creating platform platform  output steam finished on 'platform' with internal id 'b990208f-f945-4d7f-b702-4adcd6c7807d'. 
2026-03-18 15:33:57 [info] : [Platform Server] Creating platform platform  output stream finished - platform. 
2026-03-18 15:33:57 [debug] : [Platform Output] Creating platform platform with id 'b990208f-f945-4d7f-b702-4adcd6c7807d' completed. 
2026-03-18 15:33:57 [debug] : [Platform Output] Deleting and canceling the build task with id 'b990208f-f945-4d7f-b702-4adcd6c7807d'. 
2026-03-18 15:33:57 [debug] : Received event from notification service: ON_DID_BUILD_STOP. 
2026-03-18 15:33:57 [debug] : [ProjectCache] fetching projects for project-cache 
2026-03-18 15:33:57 [debug] : [Component Provider] updating project C:\Users\dkhar\OneDrive\Documents\GitHub\ee4218\platform 
2026-03-18 15:33:57 [debug] : [ProjectDecorator] tree decoration updated 
2026-03-18 15:33:57 [debug] : [ProjectCache] Project location updated to C:\Users\dkhar\OneDrive\Documents\GitHub\ee4218\platform 
2026-03-18 15:33:57 [debug] : [ProjectDecorator] tree decoration updated 
2026-03-18 15:33:57 [debug] : [Platform Provider] updating project C:\Users\dkhar\OneDrive\Documents\GitHub\ee4218\platform 
2026-03-18 15:33:57 [debug] : [ProjectDecorator] tree decoration updated 
2026-03-18 15:33:57 [debug] : [ProjectCache] Project location updated to C:\Users\dkhar\OneDrive\Documents\GitHub\ee4218\platform 
2026-03-18 15:33:57 [debug] : Received event from notification service: ON_UPDATE_FLOWNAVIGATOR_STATUS. 
2026-03-18 15:33:57 [debug] : Received event from notification service: ON_DID_UPDATE_COMPONENT. 
2026-03-18 15:33:57 [debug] : [Component Provider] project updated C:\Users\dkhar\OneDrive\Documents\GitHub\ee4218\platform 
2026-03-18 15:33:57 [debug] : [Platform Provider] project updated C:\Users\dkhar\OneDrive\Documents\GitHub\ee4218\platform {"0":{"platformName":"platform","platformDescription":"","platformLocation":"C:\\Users\\dkhar\\OneDrive\\Documents\\GitHub\\ee4218\\platform","xsaPath":"C:\\Users\\dkhar\\OneDrive\\Documents\\GitHub\\ee4218\\lab2\\hw\\lab2.xsa","xsapathinplatform":"platform\\hw\\lab2.xsa","isCustomFsbl":false,"fsblPath":"","pmufwElf":"","supportedFamily":"zynquplus","flow":3,"emulationXsaPath":"","emulationXsaPathInPlatform":"","stdGenHooksList":[]}}
2026-03-18 15:33:57 [debug] : [Platform Server] Executing method:[listDomains] with connection:(object). {"0":"request:","1":{"wrappers_":null,"arrayIndexOffset_":-1,"array":["C:\\Users\\dkhar\\OneDrive\\Documents\\GitHub\\ee4218\\platform"],"pivot_":1.7976931348623157e+308,"convertedPrimitiveFields_":{}}}
2026-03-18 15:33:58 [debug] : [Platform Server] Executing method:[getPartFromXSA] with connection:(object). {"0":"request:","1":{"wrappers_":null,"arrayIndexOffset_":-1,"array":["C:\\Users\\dkhar\\OneDrive\\Documents\\GitHub\\ee4218\\platform"],"pivot_":1.7976931348623157e+308,"convertedPrimitiveFields_":{}}}
2026-03-18 15:33:58 [debug] : [hosted-plugin: 13456] PLUGIN_HOST(13456): PluginManagerExtImpl/loadPlugin(C:\Xilinx\2025.1\Vitis\ide\electron-app\win64\resources\app\plugins\vitis-output-0.0.1\extension\lib\extension.js) 
2026-03-18 15:33:58 [debug] : [hosted-plugin: 13456] calling activation function on amd.vitis-output 
2026-03-18 15:34:05 [debug] : [Platform Server] Executing method:[getBspData] with connection:(object). {"0":"request:","1":{"wrappers_":null,"arrayIndexOffset_":-1,"array":["C:\\Users\\dkhar\\OneDrive\\Documents\\GitHub\\ee4218\\platform","standalone_psu_cortexa53_0"],"pivot_":1.7976931348623157e+308,"convertedPrimitiveFields_":{}}}
2026-03-18 15:34:05 [debug] : RIGEL SERVER 15:34:05 INFO  : cmd.exe, /C, lopper.bat -O  . C:\Users\dkhar\OneDrive\Documents\GitHub\ee4218\platform\hw\sdt\system-top.dts -- baremetal_getsupported_comp_xlnx psu_cortexa53_0 C:\Users\dkhar\OneDrive\Documents\GitHub\ee4218\_ide\.wsdata\.repo.yaml 
2026-03-18 15:34:12 [debug] : RIGEL SERVER 15:34:12 INFO  : Supported Library List generated. 
2026-03-18 15:34:22 [debug] : MonacoEditorModel.cancelSync {"0":"file:///c:/Users/dkhar/OneDrive/Documents/GitHub/ee4218/_ide/logs/vitis.log"}
2026-03-18 15:34:22 [debug] : MonacoEditorModel.doSync - enter {"0":"file:///c:/Users/dkhar/OneDrive/Documents/GitHub/ee4218/_ide/logs/vitis.log"}
2026-03-18 15:34:22 [debug] : MonacoEditorModel.cancelSync {"0":"file:///c:/Users/dkhar/OneDrive/Documents/GitHub/ee4218/_ide/logs/vitis.log"}
2026-03-18 15:34:22 [debug] : MonacoEditorModel.cancelSync {"0":"file:///c:/Users/dkhar/OneDrive/Documents/GitHub/ee4218/_ide/logs/vitis.log"}
2026-03-18 15:34:22 [debug] : MonacoEditorModel.doSync - exit - cancelled while looking for a resource {"0":"file:///c:/Users/dkhar/OneDrive/Documents/GitHub/ee4218/_ide/logs/vitis.log"}
2026-03-18 15:34:22 [debug] : MonacoEditorModel.doSync - enter {"0":"file:///c:/Users/dkhar/OneDrive/Documents/GitHub/ee4218/_ide/logs/vitis.log"}
2026-03-18 15:34:22 [debug] : MonacoEditorModel.doSync - exit - cancelled {"0":"file:///c:/Users/dkhar/OneDrive/Documents/GitHub/ee4218/_ide/logs/vitis.log"}
2026-03-18 15:34:22 [debug] : MonacoEditorModel.doSync - enter {"0":"file:///c:/Users/dkhar/OneDrive/Documents/GitHub/ee4218/_ide/logs/vitis.log"}
2026-03-18 15:34:22 [debug] : MonacoEditorModel.fireDidChangeContent - enter - {
  "changes": [
    {
      "range": {
        "startLineNumber": 89,
        "startColumn": 1,
        "endLineNumber": 89,
        "endColumn": 1
      },
      "rangeLength": 0,
      "text": "15:34:05 INFO  : cmd.exe, /C, lopper.bat -O  . C:\\Users\\dkhar\\OneDrive\\Documents\\GitHub\\ee4218\\platform\\hw\\sdt\\system-top.dts -- baremetal_getsupported_comp_xlnx psu_cortexa53_0 C:\\Users\\dkhar\\OneDrive\\Documents\\GitHub\\ee4218\\_ide\\.wsdata\\.repo.yaml\r\n15:34:12 INFO  : Supported Library List generated.\r\n",
      "rangeOffset": 10604,
      "forceMoveMarkers": true
    }
  ],
  "eol": "\r\n",
  "isEolChange": false,
  "versionId": 2,
  "isUndoing": false,
  "isRedoing": false,
  "isFlush": false
} {"0":"file:///c:/Users/dkhar/OneDrive/Documents/GitHub/ee4218/_ide/logs/vitis.log"}
2026-03-18 15:34:22 [debug] : MonacoEditorModel.markAsDirty - enter {"0":"file:///c:/Users/dkhar/OneDrive/Documents/GitHub/ee4218/_ide/logs/vitis.log"}
2026-03-18 15:34:22 [debug] : MonacoEditorModel.markAsDirty - exit - ignoring dirty changes enabled {"0":"file:///c:/Users/dkhar/OneDrive/Documents/GitHub/ee4218/_ide/logs/vitis.log"}
2026-03-18 15:34:22 [debug] : MonacoEditorModel.fireDidChangeContent - exit {"0":"file:///c:/Users/dkhar/OneDrive/Documents/GitHub/ee4218/_ide/logs/vitis.log"}
2026-03-18 15:34:22 [debug] : MonacoEditorModel.doSync - exit {"0":"file:///c:/Users/dkhar/OneDrive/Documents/GitHub/ee4218/_ide/logs/vitis.log"}
2026-03-18 15:34:55 [debug] : [Platform Server] Executing method:[getDrivers] with connection:(object). {"0":"request:","1":{"wrappers_":null,"arrayIndexOffset_":-1,"array":["C:\\Users\\dkhar\\OneDrive\\Documents\\GitHub\\ee4218\\platform","standalone_psu_cortexa53_0"],"pivot_":1.7976931348623157e+308,"convertedPrimitiveFields_":{}}}
2026-03-18 15:34:55 [debug] : RIGEL SERVER 15:34:55 INFO  : Updating Examples in Driver C:\Users\dkhar\OneDrive\Documents\GitHub\ee4218\platform\psu_cortexa53_0\standalone_psu_cortexa53_0\bsp 
2026-03-18 15:34:55 [debug] : RIGEL SERVER 15:34:55 INFO  : cmd.exe, /C, empyro.bat load_example -d C:\Users\dkhar\OneDrive\Documents\GitHub\ee4218\platform\psu_cortexa53_0\standalone_psu_cortexa53_0\bsp 
2026-03-18 15:35:26 [debug] : RIGEL SERVER 15:35:26 INFO  : [INFO]: Loading Valid Example names for BSP 
2026-03-18 15:35:26 [debug] : RIGEL SERVER 15:35:26 INFO  : -- The C compiler identification is GNU 13.3.0
15:35:26 INFO  : -- The CXX compiler identification is GNU 13.3.0
15:35:26 INFO  : -- Detecting C compiler ABI info
15:35:26 INFO  : -- Detecting C compiler ABI info - done
15:35:26 INFO  : -- Check for working C compiler: C:/Xilinx/2025.1/Vitis/gnu/aarch64/nt/aarch64-none/bin/aarch64-none-elf-gcc.exe - skipped 
2026-03-18 15:35:26 [debug] : RIGEL SERVER 15:35:26 INFO  : -- Detecting C compile features 
2026-03-18 15:35:26 [debug] : RIGEL SERVER 15:35:26 INFO  : -- Detecting C compile features - done
15:35:26 INFO  : -- Detecting CXX compiler ABI info
15:35:26 INFO  : -- Detecting CXX compiler ABI info - done
15:35:26 INFO  : -- Check for working CXX compiler: C:/Xilinx/2025.1/Vitis/gnu/aarch64/nt/aarch64-none/bin/aarch64-none-elf-g++.exe - skipped 
2026-03-18 15:35:26 [debug] : RIGEL SERVER 15:35:26 INFO  : -- Detecting CXX compile features
15:35:26 INFO  : -- Detecting CXX compile features - done
15:35:26 INFO  : -- Configuring done
15:35:26 INFO  : -- Generating done
15:35:26 INFO  : -- Build files have been written to: C:/Users/dkhar/OneDrive/Documents/GitHub/ee4218/platform/psu_cortexa53_0/standalone_psu_cortexa53_0/bsp/libsrc/build_configs/exmetadata 
2026-03-18 15:35:26 [debug] : RIGEL SERVER 15:35:26 INFO  : [INFO]: Gathering examples metadata 
2026-03-18 15:35:26 [debug] : RIGEL SERVER 15:35:26 INFO  : [INFO]: Successfully loaded all the valid examples for the BSP 
2026-03-18 15:35:26 [debug] : RIGEL SERVER 15:35:26 INFO  : Updated Examples in Driver 
2026-03-18 15:37:14 [debug] : Executing method:[createComponentProject] with connection:(object). {"0":"request:","1":{"wrappers_":{"13":{"wrappers_":null,"arrayIndexOffset_":-1,"array":[[]],"pivot_":1.7976931348623157e+308,"convertedPrimitiveFields_":{}},"16":{"wrappers_":null,"arrayIndexOffset_":-1,"array":["xuartps_hello_world_example.c","psu_uart_1"],"pivot_":1.7976931348623157e+308,"convertedPrimitiveFields_":{}}},"arrayIndexOffset_":-1,"array":["xuartps_hello_world_example","C:\\Users\\dkhar\\OneDrive\\Documents\\GitHub\\ee4218\\xuartps_hello_world_example",3,"C:\\Users\\dkhar\\OneDrive\\Documents\\GitHub\\ee4218\\platform\\export\\platform\\platform.xpfm",null,"standalone_psu_cortexa53_0",null,null,null,null,"standalone_psu_cortexa53_0",[],[[]],null,null,["xuartps_hello_world_example.c","psu_uart_1"],null,null],"pivot_":1.7976931348623157e+308,"convertedPrimitiveFields_":{}}}
2026-03-18 15:37:14 [debug] : RIGEL SERVER 15:37:14 INFO  : lopper command to import example :empyro.bat create_example -d C:\Users\dkhar\OneDrive\Documents\GitHub\ee4218\platform\export\platform\sw\standalone_psu_cortexa53_0 -e xuartps_hello_world_example.c -n psu_uart_1 -w C:\Users\dkhar\OneDrive\Documents\GitHub\ee4218\xuartps_hello_world_example -r C:\Users\dkhar\OneDrive\Documents\GitHub\ee4218\_ide\.wsdata\.repo.yaml 
2026-03-18 15:37:14 [debug] : RIGEL SERVER 15:37:14 INFO  : cmd.exe, /C, empyro.bat create_example -d C:\Users\dkhar\OneDrive\Documents\GitHub\ee4218\platform\export\platform\sw\standalone_psu_cortexa53_0 -e xuartps_hello_world_example.c -n psu_uart_1 -w C:\Users\dkhar\OneDrive\Documents\GitHub\ee4218\xuartps_hello_world_example -r C:\Users\dkhar\OneDrive\Documents\GitHub\ee4218\_ide\.wsdata\.repo.yaml 
2026-03-18 15:37:28 [debug] : RIGEL SERVER 15:37:28 INFO  : [INFO]: Creating example xuartps_hello_world_example.c
15:37:28 INFO  : [INFO]: Generating Linker script for xuartps_hello_world_example.c
15:37:28 INFO  : [INFO]: Running CMake Configuration
15:37:28 INFO  : [INFO]: Successfully created example sources at C:/Users/dkhar/OneDrive/Documents/GitHub/ee4218/xuartps_hello_world_example/src
15:37:28 INFO  : Successfully imported example xuartps_hello_world_example.c on C:\Users\dkhar\OneDrive\Documents\GitHub\ee4218\xuartps_hello_world_example 
2026-03-18 15:37:28 [debug] : RIGEL SERVER 15:37:28 INFO  : created .gitignore file for the project C:\Users\dkhar\OneDrive\Documents\GitHub\ee4218\xuartps_hello_world_example 
2026-03-18 15:37:28 [debug] : RIGEL SERVER 15:37:28 INFO  : The hardware specification used by project 'C:\Users\dkhar\OneDrive\Documents\GitHub\ee4218\xuartps_hello_world_example' is out of sync with the platform. Resource files extracted from the hardware specification will be updated. 
2026-03-18 15:37:28 [debug] : RIGEL SERVER 15:37:28 INFO  : The updated bitstream files are copied from platform to folder 'C:\Users\dkhar\OneDrive\Documents\GitHub\ee4218\xuartps_hello_world_example\_ide\bitstream' in project 'C:\Users\dkhar\OneDrive\Documents\GitHub\ee4218\xuartps_hello_world_example'. 
2026-03-18 15:37:28 [debug] : Received event from notification service: ON_DID_CREATE_COMPONENT. 
2026-03-18 15:37:28 [debug] : RIGEL SERVER 15:37:28 INFO  : The updated ps init files are copied from platform to folder 'C:\Users\dkhar\OneDrive\Documents\GitHub\ee4218\xuartps_hello_world_example\_ide\psinit' in project 'C:\Users\dkhar\OneDrive\Documents\GitHub\ee4218\xuartps_hello_world_example'. 
2026-03-18 15:37:28 [debug] : [ProjectCache] fetching projects for project-cache 
2026-03-18 15:37:28 [debug] : [Component Provider] updating project C:\Users\dkhar\OneDrive\Documents\GitHub\ee4218\xuartps_hello_world_example 
2026-03-18 15:37:28 [debug] : [ProjectDecorator] tree decoration updated 
2026-03-18 15:37:28 [debug] : [Platform Provider] updating project C:\Users\dkhar\OneDrive\Documents\GitHub\ee4218\platform 
2026-03-18 15:37:28 [debug] : [Component Provider] updating project C:\Users\dkhar\OneDrive\Documents\GitHub\ee4218\xuartps_hello_world_example 
2026-03-18 15:37:28 [debug] : [ProjectDecorator] tree decoration updated 
2026-03-18 15:37:28 [debug] : [ProjectCache] Project location updated to C:\Users\dkhar\OneDrive\Documents\GitHub\ee4218\xuartps_hello_world_example 
2026-03-18 15:37:28 [debug] : [Component Provider] project updated C:\Users\dkhar\OneDrive\Documents\GitHub\ee4218\xuartps_hello_world_example 
2026-03-18 15:37:29 [debug] : [Component Provider] project updated C:\Users\dkhar\OneDrive\Documents\GitHub\ee4218\xuartps_hello_world_example 
2026-03-18 15:37:29 [debug] : [Platform Server] Executing method:[listDomains] with connection:(object). {"0":"request:","1":{"wrappers_":null,"arrayIndexOffset_":-1,"array":["C:\\Users\\dkhar\\OneDrive\\Documents\\GitHub\\ee4218\\platform"],"pivot_":1.7976931348623157e+308,"convertedPrimitiveFields_":{}}}
2026-03-18 15:37:29 [debug] : [Platform Provider] project updated C:\Users\dkhar\OneDrive\Documents\GitHub\ee4218\platform {"0":{"platformName":"platform","platformDescription":"","platformLocation":"C:\\Users\\dkhar\\OneDrive\\Documents\\GitHub\\ee4218\\platform","xsaPath":"C:\\Users\\dkhar\\OneDrive\\Documents\\GitHub\\ee4218\\lab2\\hw\\lab2.xsa","xsapathinplatform":"platform\\hw\\lab2.xsa","isCustomFsbl":false,"fsblPath":"","pmufwElf":"","supportedFamily":"zynquplus","flow":3,"emulationXsaPath":"","emulationXsaPathInPlatform":"","stdGenHooksList":[]}}
2026-03-18 15:37:29 [debug] : [Repository Server] Executing method:getHwPlatform with connection:(object). {"0":"request:","1":{"platformPath":"C:\\Users\\dkhar\\OneDrive\\Documents\\GitHub\\ee4218\\platform\\export\\platform\\platform.xpfm"}}
2026-03-18 15:37:29 [debug] : [Platform Server] Executing method:[getPartFromXSA] with connection:(object). {"0":"request:","1":{"wrappers_":null,"arrayIndexOffset_":-1,"array":["C:\\Users\\dkhar\\OneDrive\\Documents\\GitHub\\ee4218\\platform"],"pivot_":1.7976931348623157e+308,"convertedPrimitiveFields_":{}}}
2026-03-18 15:37:29 [debug] : [Repository Server] Executing method:getSwPlatform with connection:(object). {"0":"request:","1":{"platformPath":"C:\\Users\\dkhar\\OneDrive\\Documents\\GitHub\\ee4218\\platform\\export\\platform\\platform.xpfm"}}
2026-03-18 15:37:29 [debug] : [Repository Server] Executing method:getHwPlatformImg with connection:(object). {"0":"request:","1":"C:/Users/dkhar/OneDrive/Documents/GitHub/ee4218/platform/export/platform/hw/lab2.xsa"}
2026-03-18 15:38:25 [debug] : [ProjectDecorator] tree decoration updated 
2026-03-18 15:38:25 [debug] : [ProjectCache] Project location updated to C:\Users\dkhar\OneDrive\Documents\GitHub\ee4218\xuartps_hello_world_example 
2026-03-18 15:38:27 [debug] : [Platform Server] Executing method:[generatePlatform] with connection:(object). {"0":"request:","1":"C:\\Users\\dkhar\\OneDrive\\Documents\\GitHub\\ee4218\\platform"}
2026-03-18 15:38:27 [debug] : [Platform Server] Generate platform requested for platform with internal id '1d93b4f9-3afc-44fd-9972-89590cd595c1'. 
2026-03-18 15:38:27 [debug] : Received event from notification service: ON_DID_OPEN_COMPONENT. 
2026-03-18 15:38:27 [debug] : Received event from notification service: ON_DID_BUILD_START. 
2026-03-18 15:38:27 [debug] : Received event from notification service: ON_UPDATE_FLOWNAVIGATOR_STATUS. 
2026-03-18 15:38:27 [debug] : RIGEL SERVER 15:38:27 INFO  : BSP build will be initiated for Domain standalone_psu_cortexa53_0 
2026-03-18 15:38:27 [debug] : RIGEL SERVER 15:38:27 INFO  : Generating BSP for the domain C:\Users\dkhar\OneDrive\Documents\GitHub\ee4218\platform\psu_cortexa53_0\standalone_psu_cortexa53_0\bsp 
2026-03-18 15:38:27 [debug] : RIGEL SERVER 15:38:27 INFO  : lopper command to reconfigure BSP :empyro.bat reconfig_bsp -d C:\Users\dkhar\OneDrive\Documents\GitHub\ee4218\platform\psu_cortexa53_0\standalone_psu_cortexa53_0\bsp 
2026-03-18 15:38:27 [debug] : RIGEL SERVER 15:38:27 INFO  : cmd.exe, /C, empyro.bat reconfig_bsp -d C:\Users\dkhar\OneDrive\Documents\GitHub\ee4218\platform\psu_cortexa53_0\standalone_psu_cortexa53_0\bsp 
2026-03-18 15:38:27 [debug] : RIGEL SERVER 15:38:27 INFO  : BSP build will be initiated for Domain zynqmp_fsbl 
2026-03-18 15:38:27 [debug] : RIGEL SERVER 15:38:27 INFO  : Generating BSP for the domain C:\Users\dkhar\OneDrive\Documents\GitHub\ee4218\platform\zynqmp_fsbl\zynqmp_fsbl_bsp 
2026-03-18 15:38:27 [debug] : RIGEL SERVER 15:38:27 INFO  : lopper command to reconfigure BSP :empyro.bat reconfig_bsp -d C:\Users\dkhar\OneDrive\Documents\GitHub\ee4218\platform\zynqmp_fsbl\zynqmp_fsbl_bsp 
2026-03-18 15:38:27 [debug] : RIGEL SERVER 15:38:27 INFO  : cmd.exe, /C, empyro.bat reconfig_bsp -d C:\Users\dkhar\OneDrive\Documents\GitHub\ee4218\platform\zynqmp_fsbl\zynqmp_fsbl_bsp 
2026-03-18 15:38:30 [debug] : RIGEL SERVER 15:38:30 INFO  : Domain reconfigured successfully 
2026-03-18 15:38:30 [debug] : RIGEL SERVER 15:38:30 INFO  : Generating BSP for the domain C:\Users\dkhar\OneDrive\Documents\GitHub\ee4218\platform\zynqmp_fsbl\zynqmp_fsbl_bsp 
2026-03-18 15:38:30 [debug] : RIGEL SERVER 15:38:30 INFO  : lopper command to build BSP :empyro.bat build_bsp -d C:\Users\dkhar\OneDrive\Documents\GitHub\ee4218\platform\zynqmp_fsbl\zynqmp_fsbl_bsp 
2026-03-18 15:38:30 [debug] : RIGEL SERVER 15:38:30 INFO  : cmd.exe, /C, empyro.bat build_bsp -d C:\Users\dkhar\OneDrive\Documents\GitHub\ee4218\platform\zynqmp_fsbl\zynqmp_fsbl_bsp 
2026-03-18 15:38:30 [debug] : RIGEL SERVER 15:38:30 INFO  : Domain reconfigured successfully 
2026-03-18 15:38:30 [debug] : RIGEL SERVER 15:38:30 INFO  : Generating BSP for the domain C:\Users\dkhar\OneDrive\Documents\GitHub\ee4218\platform\psu_cortexa53_0\standalone_psu_cortexa53_0\bsp 
2026-03-18 15:38:30 [debug] : RIGEL SERVER 15:38:30 INFO  : lopper command to build BSP :empyro.bat build_bsp -d C:\Users\dkhar\OneDrive\Documents\GitHub\ee4218\platform\psu_cortexa53_0\standalone_psu_cortexa53_0\bsp 
2026-03-18 15:38:30 [debug] : RIGEL SERVER 15:38:30 INFO  : cmd.exe, /C, empyro.bat build_bsp -d C:\Users\dkhar\OneDrive\Documents\GitHub\ee4218\platform\psu_cortexa53_0\standalone_psu_cortexa53_0\bsp 
2026-03-18 15:38:35 [debug] : [Platform Output] Generate platform platform with id '1d93b4f9-3afc-44fd-9972-89590cd595c1' started. 
2026-03-18 15:39:12 [debug] : MonacoEditorModel.cancelSync {"0":"file:///c:/Users/dkhar/OneDrive/Documents/GitHub/ee4218/_ide/logs/vitis.log"}
2026-03-18 15:39:12 [debug] : MonacoEditorModel.doSync - enter {"0":"file:///c:/Users/dkhar/OneDrive/Documents/GitHub/ee4218/_ide/logs/vitis.log"}
2026-03-18 15:39:12 [debug] : MonacoEditorModel.cancelSync {"0":"file:///c:/Users/dkhar/OneDrive/Documents/GitHub/ee4218/_ide/logs/vitis.log"}
2026-03-18 15:39:12 [debug] : MonacoEditorModel.cancelSync {"0":"file:///c:/Users/dkhar/OneDrive/Documents/GitHub/ee4218/_ide/logs/vitis.log"}
2026-03-18 15:39:12 [debug] : MonacoEditorModel.doSync - exit - cancelled while looking for a resource {"0":"file:///c:/Users/dkhar/OneDrive/Documents/GitHub/ee4218/_ide/logs/vitis.log"}
2026-03-18 15:39:12 [debug] : MonacoEditorModel.doSync - enter {"0":"file:///c:/Users/dkhar/OneDrive/Documents/GitHub/ee4218/_ide/logs/vitis.log"}
2026-03-18 15:39:12 [debug] : MonacoEditorModel.doSync - exit - cancelled {"0":"file:///c:/Users/dkhar/OneDrive/Documents/GitHub/ee4218/_ide/logs/vitis.log"}
2026-03-18 15:39:12 [debug] : MonacoEditorModel.doSync - enter {"0":"file:///c:/Users/dkhar/OneDrive/Documents/GitHub/ee4218/_ide/logs/vitis.log"}
2026-03-18 15:39:12 [debug] : MonacoEditorModel.fireDidChangeContent - enter - {
  "changes": [
    {
      "range": {
        "startLineNumber": 91,
        "startColumn": 1,
        "endLineNumber": 91,
        "endColumn": 1
      },
      "rangeLength": 0,
      "text": "15:34:55 INFO  : Updating Examples in Driver C:\\Users\\dkhar\\OneDrive\\Documents\\GitHub\\ee4218\\platform\\psu_cortexa53_0\\standalone_psu_cortexa53_0\\bsp\r\n15:34:55 INFO  : cmd.exe, /C, empyro.bat load_example -d C:\\Users\\dkhar\\OneDrive\\Documents\\GitHub\\ee4218\\platform\\psu_cortexa53_0\\standalone_psu_cortexa53_0\\bsp\r\n15:35:26 INFO  : [INFO]: Loading Valid Example names for BSP\r\n15:35:26 INFO  : -- The C compiler identification is GNU 13.3.0\r\n15:35:26 INFO  : -- The CXX compiler identification is GNU 13.3.0\r\n15:35:26 INFO  : -- Detecting C compiler ABI info\r\n15:35:26 INFO  : -- Detecting C compiler ABI info - done\r\n15:35:26 INFO  : -- Check for working C compiler: C:/Xilinx/2025.1/Vitis/gnu/aarch64/nt/aarch64-none/bin/aarch64-none-elf-gcc.exe - skipped\r\n15:35:26 INFO  : -- Detecting C compile features\r\n15:35:26 INFO  : -- Detecting C compile features - done\r\n15:35:26 INFO  : -- Detecting CXX compiler ABI info\r\n15:35:26 INFO  : -- Detecting CXX compiler ABI info - done\r\n15:35:26 INFO  : -- Check for working CXX compiler: C:/Xilinx/2025.1/Vitis/gnu/aarch64/nt/aarch64-none/bin/aarch64-none-elf-g++.exe - skipped\r\n15:35:26 INFO  : -- Detecting CXX compile features\r\n15:35:26 INFO  : -- Detecting CXX compile features - done\r\n15:35:26 INFO  : -- Configuring done\r\n15:35:26 INFO  : -- Generating done\r\n15:35:26 INFO  : -- Build files have been written to: C:/Users/dkhar/OneDrive/Documents/GitHub/ee4218/platform/psu_cortexa53_0/standalone_psu_cortexa53_0/bsp/libsrc/build_configs/exmetadata\r\n15:35:26 INFO  : [INFO]: Gathering examples metadata\r\n15:35:26 INFO  : [INFO]: Successfully loaded all the valid examples for the BSP\r\n15:35:26 INFO  : Updated Examples in Driver\r\n15:37:14 INFO  : lopper command to import example :empyro.bat create_example -d C:\\Users\\dkhar\\OneDrive\\Documents\\GitHub\\ee4218\\platform\\export\\platform\\sw\\standalone_psu_cortexa53_0 -e xuartps_hello_world_example.c -n psu_uart_1 -w C:\\Users\\dkhar\\OneDrive\\Documents\\GitHub\\ee4218\\xuartps_hello_world_example -r C:\\Users\\dkhar\\OneDrive\\Documents\\GitHub\\ee4218\\_ide\\.wsdata\\.repo.yaml\r\n15:37:14 INFO  : cmd.exe, /C, empyro.bat create_example -d C:\\Users\\dkhar\\OneDrive\\Documents\\GitHub\\ee4218\\platform\\export\\platform\\sw\\standalone_psu_cortexa53_0 -e xuartps_hello_world_example.c -n psu_uart_1 -w C:\\Users\\dkhar\\OneDrive\\Documents\\GitHub\\ee4218\\xuartps_hello_world_example -r C:\\Users\\dkhar\\OneDrive\\Documents\\GitHub\\ee4218\\_ide\\.wsdata\\.repo.yaml\r\n15:37:28 INFO  : [INFO]: Creating example xuartps_hello_world_example.c\r\n15:37:28 INFO  : [INFO]: Generating Linker script for xuartps_hello_world_example.c\r\n15:37:28 INFO  : [INFO]: Running CMake Configuration\r\n15:37:28 INFO  : [INFO]: Successfully created example sources at C:/Users/dkhar/OneDrive/Documents/GitHub/ee4218/xuartps_hello_world_example/src\r\n15:37:28 INFO  : Successfully imported example xuartps_hello_world_example.c on C:\\Users\\dkhar\\OneDrive\\Documents\\GitHub\\ee4218\\xuartps_hello_world_example\r\n15:37:28 INFO  : created .gitignore file for the project C:\\Users\\dkhar\\OneDrive\\Documents\\GitHub\\ee4218\\xuartps_hello_world_example\r\n15:37:28 INFO  : The hardware specification used by project 'C:\\Users\\dkhar\\OneDrive\\Documents\\GitHub\\ee4218\\xuartps_hello_world_example' is out of sync with the platform. Resource files extracted from the hardware specification will be updated.\r\n15:37:28 INFO  : The updated bitstream files are copied from platform to folder 'C:\\Users\\dkhar\\OneDrive\\Documents\\GitHub\\ee4218\\xuartps_hello_world_example\\_ide\\bitstream' in project 'C:\\Users\\dkhar\\OneDrive\\Documents\\GitHub\\ee4218\\xuartps_hello_world_example'.\r\n15:37:28 INFO  : The updated ps init files are copied from platform to folder 'C:\\Users\\dkhar\\OneDrive\\Documents\\GitHub\\ee4218\\xuartps_hello_world_example\\_ide\\psinit' in project 'C:\\Users\\dkhar\\OneDrive\\Documents\\GitHub\\ee4218\\xuartps_hello_world_example'.\r\n15:38:27 INFO  : BSP build will be initiated for Domain standalone_psu_cortexa53_0\r\n15:38:27 INFO  : Generating BSP for the domain C:\\Users\\dkhar\\OneDrive\\Documents\\GitHub\\ee4218\\platform\\psu_cortexa53_0\\standalone_psu_cortexa53_0\\bsp\r\n15:38:27 INFO  : lopper command to reconfigure BSP :empyro.bat reconfig_bsp -d C:\\Users\\dkhar\\OneDrive\\Documents\\GitHub\\ee4218\\platform\\psu_cortexa53_0\\standalone_psu_cortexa53_0\\bsp\r\n15:38:27 INFO  : cmd.exe, /C, empyro.bat reconfig_bsp -d C:\\Users\\dkhar\\OneDrive\\Documents\\GitHub\\ee4218\\platform\\psu_cortexa53_0\\standalone_psu_cortexa53_0\\bsp\r\n15:38:27 INFO  : BSP build will be initiated for Domain zynqmp_fsbl\r\n15:38:27 INFO  : Generating BSP for the domain C:\\Users\\dkhar\\OneDrive\\Documents\\GitHub\\ee4218\\platform\\zynqmp_fsbl\\zynqmp_fsbl_bsp\r\n15:38:27 INFO  : lopper command to reconfigure BSP :empyro.bat reconfig_bsp -d C:\\Users\\dkhar\\OneDrive\\Documents\\GitHub\\ee4218\\platform\\zynqmp_fsbl\\zynqmp_fsbl_bsp\r\n15:38:27 INFO  : cmd.exe, /C, empyro.bat reconfig_bsp -d C:\\Users\\dkhar\\OneDrive\\Documents\\GitHub\\ee4218\\platform\\zynqmp_fsbl\\zynqmp_fsbl_bsp\r\n15:38:30 INFO  : Domain reconfigured successfully\r\n15:38:30 INFO  : Generating BSP for the domain C:\\Users\\dkhar\\OneDrive\\Documents\\GitHub\\ee4218\\platform\\zynqmp_fsbl\\zynqmp_fsbl_bsp\r\n15:38:30 INFO  : lopper command to build BSP :empyro.bat build_bsp -d C:\\Users\\dkhar\\OneDrive\\Documents\\GitHub\\ee4218\\platform\\zynqmp_fsbl\\zynqmp_fsbl_bsp\r\n15:38:30 INFO  : cmd.exe, /C, empyro.bat build_bsp -d C:\\Users\\dkhar\\OneDrive\\Documents\\GitHub\\ee4218\\platform\\zynqmp_fsbl\\zynqmp_fsbl_bsp\r\n15:38:30 INFO  : Domain reconfigured successfully\r\n15:38:30 INFO  : Generating BSP for the domain C:\\Users\\dkhar\\OneDrive\\Documents\\GitHub\\ee4218\\platform\\psu_cortexa53_0\\standalone_psu_cortexa53_0\\bsp\r\n15:38:30 INFO  : lopper command to build BSP :empyro.bat build_bsp -d C:\\Users\\dkhar\\OneDrive\\Documents\\GitHub\\ee4218\\platform\\psu_cortexa53_0\\standalone_psu_cortexa53_0\\bsp\r\n15:38:30 INFO  : cmd.exe, /C, empyro.bat build_bsp -d C:\\Users\\dkhar\\OneDrive\\Documents\\GitHub\\ee4218\\platform\\psu_cortexa53_0\\standalone_psu_cortexa53_0\\bsp\r\n",
      "rangeOffset": 10907,
      "forceMoveMarkers": true
    }
  ],
  "eol": "\r\n",
  "isEolChange": false,
  "versionId": 3,
  "isUndoing": false,
  "isRedoing": false,
  "isFlush": false
} {"0":"file:///c:/Users/dkhar/OneDrive/Documents/GitHub/ee4218/_ide/logs/vitis.log"}
2026-03-18 15:39:12 [debug] : MonacoEditorModel.markAsDirty - enter {"0":"file:///c:/Users/dkhar/OneDrive/Documents/GitHub/ee4218/_ide/logs/vitis.log"}
2026-03-18 15:39:12 [debug] : MonacoEditorModel.markAsDirty - exit - ignoring dirty changes enabled {"0":"file:///c:/Users/dkhar/OneDrive/Documents/GitHub/ee4218/_ide/logs/vitis.log"}
2026-03-18 15:39:12 [debug] : MonacoEditorModel.fireDidChangeContent - exit {"0":"file:///c:/Users/dkhar/OneDrive/Documents/GitHub/ee4218/_ide/logs/vitis.log"}
2026-03-18 15:39:12 [debug] : MonacoEditorModel.doSync - exit {"0":"file:///c:/Users/dkhar/OneDrive/Documents/GitHub/ee4218/_ide/logs/vitis.log"}
2026-03-18 15:39:36 [debug] : RIGEL SERVER 15:39:36 INFO  : Domain build successfully 
2026-03-18 15:39:39 [debug] : RIGEL SERVER 15:39:39 INFO  : Domain build successfully 
2026-03-18 15:39:39 [debug] : RIGEL SERVER 15:39:39 INFO  : Generating Boot ELFs 
2026-03-18 15:39:39 [debug] : RIGEL SERVER 15:39:39 INFO  : lopper command to retarget baremetal application :empyro.bat retarget_app -s C:\Users\dkhar\OneDrive\Documents\GitHub\ee4218\platform\zynqmp_fsbl -d C:\Users\dkhar\OneDrive\Documents\GitHub\ee4218\platform\zynqmp_fsbl\zynqmp_fsbl_bsp -b C:\Users\dkhar\OneDrive\Documents\GitHub\ee4218\platform\zynqmp_fsbl\build 
2026-03-18 15:39:39 [debug] : RIGEL SERVER 15:39:39 INFO  : cmd.exe, /C, empyro.bat retarget_app -s C:\Users\dkhar\OneDrive\Documents\GitHub\ee4218\platform\zynqmp_fsbl -d C:\Users\dkhar\OneDrive\Documents\GitHub\ee4218\platform\zynqmp_fsbl\zynqmp_fsbl_bsp -b C:\Users\dkhar\OneDrive\Documents\GitHub\ee4218\platform\zynqmp_fsbl\build 
2026-03-18 15:39:42 [debug] : RIGEL SERVER 15:39:42 INFO  : [INFO]: Retargeting app 
2026-03-18 15:39:42 [debug] : RIGEL SERVER 15:39:42 INFO  : [INFO]: Updating link libraries based on new domain
15:39:42 INFO  : Successfully retargeted Application C:\Users\dkhar\OneDrive\Documents\GitHub\ee4218\platform\zynqmp_fsbl 
2026-03-18 15:39:42 [debug] : RIGEL SERVER 15:39:42 INFO  : lopper command to build baremetal application :empyro.bat build_app --src_dir C:\Users\dkhar\OneDrive\Documents\GitHub\ee4218\platform\zynqmp_fsbl --build_dir C:\Users\dkhar\OneDrive\Documents\GitHub\ee4218\platform\zynqmp_fsbl\build 
2026-03-18 15:39:42 [debug] : RIGEL SERVER 15:39:42 INFO  : cmd.exe, /C, empyro.bat build_app --src_dir C:\Users\dkhar\OneDrive\Documents\GitHub\ee4218\platform\zynqmp_fsbl --build_dir C:\Users\dkhar\OneDrive\Documents\GitHub\ee4218\platform\zynqmp_fsbl\build 
2026-03-18 15:40:10 [debug] : RIGEL SERVER 15:40:10 INFO  : Successfully building the baremetal applicationC:\Users\dkhar\OneDrive\Documents\GitHub\ee4218\platform\zynqmp_fsbl\build 
2026-03-18 15:40:10 [debug] : RIGEL SERVER 15:40:10 INFO  : Generating Export directory 
2026-03-18 15:40:10 [debug] : Received event from notification service: ON_DID_UPDATE_COMPONENT. 
2026-03-18 15:40:10 [debug] : Received event from notification service: ON_UPDATE_PLATFORM_STATUS. 
2026-03-18 15:40:11 [debug] : [Platform Server] Generate platform completed on 'platform' with internal id '1d93b4f9-3afc-44fd-9972-89590cd595c1'. 
2026-03-18 15:40:11 [debug] : [Platform Server] Generate platform status event - label: platform, status_code:0, status_details:. 
2026-03-18 15:40:11 [debug] : [Platform Server] Generate platform output steam finished on 'platform' with internal id '1d93b4f9-3afc-44fd-9972-89590cd595c1'. 
2026-03-18 15:40:11 [info] : [Platform Server] Generate platform output stream finished - platform. 
2026-03-18 15:40:11 [debug] : RIGEL SERVER 15:40:11 INFO  : Platform Build Finished successfully. 
2026-03-18 15:40:11 [debug] : Received event from notification service: ON_DID_MODIFY_PLATFORM_REPOS. 
2026-03-18 15:40:11 [debug] : [Platform Output] Generate platform platform with id '1d93b4f9-3afc-44fd-9972-89590cd595c1' completed. 
2026-03-18 15:40:11 [debug] : [Platform Output] Deleting and canceling the build task with id '1d93b4f9-3afc-44fd-9972-89590cd595c1'. 
2026-03-18 15:40:11 [debug] : [Build Server] Executing method:build with connection:(object). {"0":"request:","1":{"appParentPath":"c:\\Users\\dkhar\\OneDrive\\Documents\\GitHub\\ee4218","appName":"xuartps_hello_world_example","buildCfg":"","componentName":"","type":0,"buildTarget":"all","workDirPath":"","customCommand":"","containerName":"","serialBuild":true,"buildComps":false,"componentsToBuildList":[]}}
2026-03-18 15:40:11 [debug] : [Build Server] Build requested on 'xuartps_hello_world_example::' with internal id 'a7568847-329f-4490-b23a-fbdc05dcdb33'. 
2026-03-18 15:40:11 [debug] : Received event from notification service: ON_DID_BUILD_STOP. 
2026-03-18 15:40:11 [debug] : Received event from notification service: ON_DID_OPEN_COMPONENT. 
2026-03-18 15:40:11 [debug] : Received event from notification service: ON_DID_BUILD_START. 
2026-03-18 15:40:11 [debug] : [Platform Server] Executing method:[getPartFromXSA] with connection:(object). {"0":"request:","1":{"wrappers_":null,"arrayIndexOffset_":-1,"array":["C:\\Users\\dkhar\\OneDrive\\Documents\\GitHub\\ee4218\\platform"],"pivot_":1.7976931348623157e+308,"convertedPrimitiveFields_":{}}}
2026-03-18 15:40:11 [debug] : Received event from notification service: ON_UPDATE_FLOWNAVIGATOR_STATUS. 
2026-03-18 15:40:11 [debug] : RIGEL SERVER 15:40:11 INFO  : lopper command to retarget baremetal application :empyro.bat retarget_app -s c:\Users\dkhar\OneDrive\Documents\GitHub\ee4218\xuartps_hello_world_example\src -d C:\Users\dkhar\OneDrive\Documents\GitHub\ee4218\platform\export\platform\sw\standalone_psu_cortexa53_0 -b c:\Users\dkhar\OneDrive\Documents\GitHub\ee4218\xuartps_hello_world_example\build 
2026-03-18 15:40:11 [debug] : RIGEL SERVER 15:40:11 INFO  : cmd.exe, /C, empyro.bat retarget_app -s c:\Users\dkhar\OneDrive\Documents\GitHub\ee4218\xuartps_hello_world_example\src -d C:\Users\dkhar\OneDrive\Documents\GitHub\ee4218\platform\export\platform\sw\standalone_psu_cortexa53_0 -b c:\Users\dkhar\OneDrive\Documents\GitHub\ee4218\xuartps_hello_world_example\build 
2026-03-18 15:40:11 [debug] : Received event from notification service: ON_UPDATE_FLOWNAVIGATOR_STATUS. 
2026-03-18 15:40:13 [debug] : RIGEL SERVER 15:40:13 INFO  : [INFO]: Retargeting app 
2026-03-18 15:40:13 [debug] : RIGEL SERVER 15:40:13 INFO  : [INFO]: Updating link libraries based on new domain
15:40:13 INFO  : Successfully retargeted Application c:\Users\dkhar\OneDrive\Documents\GitHub\ee4218\xuartps_hello_world_example\src 
2026-03-18 15:40:13 [debug] : RIGEL SERVER 15:40:13 INFO  : cmd.exe, /C, empyro.bat build_app -s c:\Users\dkhar\OneDrive\Documents\GitHub\ee4218\xuartps_hello_world_example\src -b c:\Users\dkhar\OneDrive\Documents\GitHub\ee4218\xuartps_hello_world_example\build 
2026-03-18 15:40:14 [debug] : [Build Output] Build for xuartps_hello_world_example::build with id 'a7568847-329f-4490-b23a-fbdc05dcdb33' started. 
2026-03-18 15:40:22 [debug] : [Build Server] Build completed on 'xuartps_hello_world_example::' with internal id 'a7568847-329f-4490-b23a-fbdc05dcdb33'. 
2026-03-18 15:40:22 [debug] : [Build Server] Build status event - label: xuartps_hello_world_example::, status_code:0, status_details:. 
2026-03-18 15:40:22 [debug] : [Build Server] Build output steam finished on 'xuartps_hello_world_example::' with internal id 'a7568847-329f-4490-b23a-fbdc05dcdb33'. 
2026-03-18 15:40:22 [info] : [Build Server] Build output stream finished - xuartps_hello_world_example::. 
2026-03-18 15:40:22 [debug] : [Workspace Service] Attempting to restart clangd - unimplemented 
2026-03-18 15:40:22 [debug] : Received event from notification service: ON_DID_UPDATE_COMPILE_COMMAND. 
2026-03-18 15:40:22 [debug] : [Build Output] Build for xuartps_hello_world_example::build with id 'a7568847-329f-4490-b23a-fbdc05dcdb33' completed. 
2026-03-18 15:40:22 [debug] : [Build Output] Deleting and canceling the build task with id 'a7568847-329f-4490-b23a-fbdc05dcdb33'. 
2026-03-18 15:40:22 [debug] : Received event from notification service: ON_DID_BUILD_STOP. 
2026-03-18 15:40:22 [debug] : Received event from notification service: ON_UPDATE_FLOWNAVIGATOR_STATUS. 
2026-03-18 15:41:27 [debug] : [Debugger Server] In 'List target connections' with connection:[object Object] request:{"wrappers_":null,"arrayIndexOffset_":-1,"array":[],"pivot_":1.7976931348623157e+308,"convertedPrimitiveFields_":{}} 
2026-03-18 15:41:27 [debug] : [Debugger Server] In 'getCrossTriggerDefinition' with connection:[object Object] request:{"wrappers_":null,"arrayIndexOffset_":-1,"array":["zynq_mp"],"pivot_":1.7976931348623157e+308,"convertedPrimitiveFields_":{}} 
2026-03-18 15:41:29 [debug] : [Build Server] Executing method:[ReadCMakeBuildSettings] with connection:(object). {"0":"request:","1":{"userCmakeFilePath":"C:\\Users\\dkhar\\OneDrive\\Documents\\GitHub\\ee4218\\xuartps_hello_world_example\\src\\UserConfig.cmake"}}
2026-03-18 15:41:29 [debug] : [hosted-plugin: 13456] PLUGIN_HOST(13456): PluginManagerExtImpl/loadPlugin(C:\Xilinx\2025.1\Vitis\ide\electron-app\win64\resources\app\plugins\twxs.cmake\extension\out\extension) 
2026-03-18 15:41:29 [debug] : [hosted-plugin: 13456] calling activation function on CMake 
2026-03-18 15:41:31 [debug] : Widget was activated, but did not accept focus after 2000ms: cmake-build-setting-widget:file:///c%3A/Users/dkhar/OneDrive/Documents/GitHub/ee4218/xuartps_hello_world_example/src/UserConfig.cmake 
2026-03-18 15:41:31 [debug] : 18.5 {"0":39,"1":20.5,"2":13,"3":false}
2026-03-18 15:41:31 [debug] : 18.5 {"0":80,"1":61.5,"2":132,"3":true}
2026-03-18 15:41:31 [debug] : SELECTED {"0":"cmake-build-setting-form-widget:file:///c%3A/Users/dkhar/OneDrive/Documents/GitHub/ee4218/xuartps_hello_world_example/src/UserConfig.cmake:symbols"}
2026-03-18 15:41:31 [debug] : 264 {"0":39,"1":225,"2":13,"3":false}
2026-03-18 15:41:31 [debug] : 264 {"0":80,"1":184,"2":132,"3":false}
2026-03-18 15:41:31 [debug] : 264 {"0":359,"1":95,"2":119.5,"3":true}
2026-03-18 15:41:31 [debug] : SELECTED {"0":"cmake-build-setting-form-widget:file:///c%3A/Users/dkhar/OneDrive/Documents/GitHub/ee4218/xuartps_hello_world_example/src/UserConfig.cmake:directories"}
2026-03-18 15:41:31 [debug] : 593 {"0":39,"1":554,"2":13,"3":false}
2026-03-18 15:41:31 [debug] : 593 {"0":80,"1":513,"2":132,"3":false}
2026-03-18 15:41:31 [debug] : 593 {"0":359,"1":234,"2":119.5,"3":false}
2026-03-18 15:41:31 [debug] : 593 {"0":613,"1":20,"2":203,"3":true}
2026-03-18 15:41:31 [debug] : SELECTED {"0":"cmake-build-setting-form-widget:file:///c%3A/Users/dkhar/OneDrive/Documents/GitHub/ee4218/xuartps_hello_world_example/src/UserConfig.cmake:sources"}
2026-03-18 15:41:32 [debug] : 890 {"0":39,"1":851,"2":13,"3":false}
2026-03-18 15:41:32 [debug] : 890 {"0":80,"1":810,"2":132,"3":false}
2026-03-18 15:41:32 [debug] : 890 {"0":359,"1":531,"2":119.5,"3":false}
2026-03-18 15:41:32 [debug] : 890 {"0":613,"1":277,"2":203,"3":false}
2026-03-18 15:41:32 [debug] : 890 {"0":1034,"1":144,"2":122,"3":false}
2026-03-18 15:41:32 [debug] : 890 {"0":1293,"1":403,"2":122,"3":false}
2026-03-18 15:41:32 [debug] : 890 {"0":1552,"1":662,"2":314,"3":false}
2026-03-18 15:41:32 [debug] : 890 {"0":2195,"1":1305,"2":162.5,"3":false}
2026-03-18 15:41:32 [debug] : 890 {"0":2535,"1":1645,"2":13,"3":false}
2026-03-18 15:41:32 [debug] : 890 {"0":2576,"1":1686,"2":185,"3":false}
2026-03-18 15:41:32 [debug] : 890 {"0":2961,"1":2071,"2":112,"3":false}
2026-03-18 15:41:32 [debug] : 890 {"0":3200,"1":2310,"2":58.5,"3":false}
2026-03-18 15:41:32 [debug] : 890 {"0":3332,"1":2442,"2":67.5,"3":false}
2026-03-18 15:41:32 [debug] : 1287 {"0":39,"1":1248,"2":13,"3":false}
2026-03-18 15:41:32 [debug] : 1287 {"0":80,"1":1207,"2":132,"3":false}
2026-03-18 15:41:32 [debug] : 1287 {"0":359,"1":928,"2":119.5,"3":false}
2026-03-18 15:41:32 [debug] : 1287 {"0":613,"1":674,"2":203,"3":false}
2026-03-18 15:41:32 [debug] : 1287 {"0":1034,"1":253,"2":122,"3":false}
2026-03-18 15:41:32 [debug] : 1287 {"0":1293,"1":6,"2":122,"3":true}
2026-03-18 15:41:32 [debug] : SELECTED {"0":"cmake-build-setting-form-widget:file:///c%3A/Users/dkhar/OneDrive/Documents/GitHub/ee4218/xuartps_hello_world_example/src/UserConfig.cmake:debugging"}
2026-03-18 15:41:32 [debug] : 1682 {"0":39,"1":1643,"2":13,"3":false}
2026-03-18 15:41:32 [debug] : 1682 {"0":80,"1":1602,"2":132,"3":false}
2026-03-18 15:41:32 [debug] : 1682 {"0":359,"1":1323,"2":119.5,"3":false}
2026-03-18 15:41:32 [debug] : 1682 {"0":613,"1":1069,"2":203,"3":false}
2026-03-18 15:41:32 [debug] : 1682 {"0":1034,"1":648,"2":122,"3":false}
2026-03-18 15:41:32 [debug] : 1682 {"0":1293,"1":389,"2":122,"3":false}
2026-03-18 15:41:32 [debug] : 1682 {"0":1552,"1":130,"2":314,"3":true}
2026-03-18 15:41:32 [debug] : SELECTED {"0":"cmake-build-setting-form-widget:file:///c%3A/Users/dkhar/OneDrive/Documents/GitHub/ee4218/xuartps_hello_world_example/src/UserConfig.cmake:warnings"}
2026-03-18 15:41:32 [debug] : 2007.5 {"0":39,"1":1968.5,"2":13,"3":false}
2026-03-18 15:41:32 [debug] : 2007.5 {"0":80,"1":1927.5,"2":132,"3":false}
2026-03-18 15:41:32 [debug] : 2007.5 {"0":359,"1":1648.5,"2":119.5,"3":false}
2026-03-18 15:41:32 [debug] : 2007.5 {"0":613,"1":1394.5,"2":203,"3":false}
2026-03-18 15:41:32 [debug] : 2007.5 {"0":1034,"1":973.5,"2":122,"3":false}
2026-03-18 15:41:32 [debug] : 2007.5 {"0":1293,"1":714.5,"2":122,"3":false}
2026-03-18 15:41:32 [debug] : 2007.5 {"0":1552,"1":455.5,"2":314,"3":false}
2026-03-18 15:41:32 [debug] : 2007.5 {"0":2195,"1":187.5,"2":162.5,"3":false}
2026-03-18 15:41:32 [debug] : 2007.5 {"0":2535,"1":527.5,"2":13,"3":false}
2026-03-18 15:41:32 [debug] : 2007.5 {"0":2576,"1":568.5,"2":185,"3":false}
2026-03-18 15:41:32 [debug] : 2007.5 {"0":2961,"1":953.5,"2":112,"3":false}
2026-03-18 15:41:32 [debug] : 2007.5 {"0":3200,"1":1192.5,"2":58.5,"3":false}
2026-03-18 15:41:32 [debug] : 2007.5 {"0":3332,"1":1324.5,"2":67.5,"3":false}
2026-03-18 15:41:32 [debug] : 2216.5 {"0":39,"1":2177.5,"2":13,"3":false}
2026-03-18 15:41:32 [debug] : 2216.5 {"0":80,"1":2136.5,"2":132,"3":false}
2026-03-18 15:41:32 [debug] : 2216.5 {"0":359,"1":1857.5,"2":119.5,"3":false}
2026-03-18 15:41:32 [debug] : 2216.5 {"0":613,"1":1603.5,"2":203,"3":false}
2026-03-18 15:41:32 [debug] : 2216.5 {"0":1034,"1":1182.5,"2":122,"3":false}
2026-03-18 15:41:32 [debug] : 2216.5 {"0":1293,"1":923.5,"2":122,"3":false}
2026-03-18 15:41:32 [debug] : 2216.5 {"0":1552,"1":664.5,"2":314,"3":false}
2026-03-18 15:41:32 [debug] : 2216.5 {"0":2195,"1":21.5,"2":162.5,"3":true}
2026-03-18 15:41:32 [debug] : SELECTED {"0":"cmake-build-setting-form-widget:file:///c%3A/Users/dkhar/OneDrive/Documents/GitHub/ee4218/xuartps_hello_world_example/src/UserConfig.cmake:compiler_misc"}
2026-03-18 15:41:32 [debug] : 2377 {"0":39,"1":2338,"2":13,"3":false}
2026-03-18 15:41:32 [debug] : 2377 {"0":80,"1":2297,"2":132,"3":false}
2026-03-18 15:41:32 [debug] : 2377 {"0":359,"1":2018,"2":119.5,"3":false}
2026-03-18 15:41:32 [debug] : 2377 {"0":613,"1":1764,"2":203,"3":false}
2026-03-18 15:41:32 [debug] : 2377 {"0":1034,"1":1343,"2":122,"3":false}
2026-03-18 15:41:32 [debug] : 2377 {"0":1293,"1":1084,"2":122,"3":false}
2026-03-18 15:41:32 [debug] : 2377 {"0":1552,"1":825,"2":314,"3":false}
2026-03-18 15:41:32 [debug] : 2377 {"0":2195,"1":182,"2":162.5,"3":false}
2026-03-18 15:41:32 [debug] : 2377 {"0":2535,"1":158,"2":13,"3":false}
2026-03-18 15:41:32 [debug] : 2377 {"0":2576,"1":199,"2":185,"3":false}
2026-03-18 15:41:32 [debug] : 2377 {"0":2961,"1":584,"2":112,"3":false}
2026-03-18 15:41:32 [debug] : 2377 {"0":3200,"1":823,"2":58.5,"3":false}
2026-03-18 15:41:32 [debug] : 2377 {"0":3332,"1":955,"2":67.5,"3":false}
2026-03-18 15:41:32 [debug] : 2432 {"0":39,"1":2393,"2":13,"3":false}
2026-03-18 15:41:32 [debug] : 2432 {"0":80,"1":2352,"2":132,"3":false}
2026-03-18 15:41:32 [debug] : 2432 {"0":359,"1":2073,"2":119.5,"3":false}
2026-03-18 15:41:32 [debug] : 2432 {"0":613,"1":1819,"2":203,"3":false}
2026-03-18 15:41:32 [debug] : 2432 {"0":1034,"1":1398,"2":122,"3":false}
2026-03-18 15:41:32 [debug] : 2432 {"0":1293,"1":1139,"2":122,"3":false}
2026-03-18 15:41:32 [debug] : 2432 {"0":1552,"1":880,"2":314,"3":false}
2026-03-18 15:41:32 [debug] : 2432 {"0":2195,"1":237,"2":162.5,"3":false}
2026-03-18 15:41:32 [debug] : 2432 {"0":2535,"1":103,"2":13,"3":false}
2026-03-18 15:41:32 [debug] : 2432 {"0":2576,"1":144,"2":185,"3":true}
2026-03-18 15:41:32 [debug] : SELECTED {"0":"cmake-build-setting-form-widget:file:///c%3A/Users/dkhar/OneDrive/Documents/GitHub/ee4218/xuartps_hello_world_example/src/UserConfig.cmake:general"}
2026-03-18 15:41:32 [debug] : 2440 {"0":39,"1":2401,"2":13,"3":false}
2026-03-18 15:41:32 [debug] : 2440 {"0":80,"1":2360,"2":132,"3":false}
2026-03-18 15:41:32 [debug] : 2440 {"0":359,"1":2081,"2":119.5,"3":false}
2026-03-18 15:41:32 [debug] : 2440 {"0":613,"1":1827,"2":203,"3":false}
2026-03-18 15:41:32 [debug] : 2440 {"0":1034,"1":1406,"2":122,"3":false}
2026-03-18 15:41:32 [debug] : 2440 {"0":1293,"1":1147,"2":122,"3":false}
2026-03-18 15:41:32 [debug] : 2440 {"0":1552,"1":888,"2":314,"3":false}
2026-03-18 15:41:32 [debug] : 2440 {"0":2195,"1":245,"2":162.5,"3":false}
2026-03-18 15:41:32 [debug] : 2440 {"0":2535,"1":95,"2":13,"3":false}
2026-03-18 15:41:32 [debug] : 2440 {"0":2576,"1":136,"2":185,"3":true}
2026-03-18 15:41:32 [debug] : SELECTED {"0":"cmake-build-setting-form-widget:file:///c%3A/Users/dkhar/OneDrive/Documents/GitHub/ee4218/xuartps_hello_world_example/src/UserConfig.cmake:general"}
2026-03-18 15:41:32 [debug] : 2439.5 {"0":39,"1":2400.5,"2":13,"3":false}
2026-03-18 15:41:32 [debug] : 2439.5 {"0":80,"1":2359.5,"2":132,"3":false}
2026-03-18 15:41:32 [debug] : 2439.5 {"0":359,"1":2080.5,"2":119.5,"3":false}
2026-03-18 15:41:32 [debug] : 2439.5 {"0":613,"1":1826.5,"2":203,"3":false}
2026-03-18 15:41:32 [debug] : 2439.5 {"0":1034,"1":1405.5,"2":122,"3":false}
2026-03-18 15:41:32 [debug] : 2439.5 {"0":1293,"1":1146.5,"2":122,"3":false}
2026-03-18 15:41:32 [debug] : 2439.5 {"0":1552,"1":887.5,"2":314,"3":false}
2026-03-18 15:41:32 [debug] : 2439.5 {"0":2195,"1":244.5,"2":162.5,"3":false}
2026-03-18 15:41:32 [debug] : 2439.5 {"0":2535,"1":95.5,"2":13,"3":false}
2026-03-18 15:41:32 [debug] : 2439.5 {"0":2576,"1":136.5,"2":185,"3":true}
2026-03-18 15:41:32 [debug] : SELECTED {"0":"cmake-build-setting-form-widget:file:///c%3A/Users/dkhar/OneDrive/Documents/GitHub/ee4218/xuartps_hello_world_example/src/UserConfig.cmake:general"}
2026-03-18 15:41:32 [debug] : 2434 {"0":39,"1":2395,"2":13,"3":false}
2026-03-18 15:41:32 [debug] : 2434 {"0":80,"1":2354,"2":132,"3":false}
2026-03-18 15:41:32 [debug] : 2434 {"0":359,"1":2075,"2":119.5,"3":false}
2026-03-18 15:41:32 [debug] : 2434 {"0":613,"1":1821,"2":203,"3":false}
2026-03-18 15:41:32 [debug] : 2434 {"0":1034,"1":1400,"2":122,"3":false}
2026-03-18 15:41:32 [debug] : 2434 {"0":1293,"1":1141,"2":122,"3":false}
2026-03-18 15:41:32 [debug] : 2434 {"0":1552,"1":882,"2":314,"3":false}
2026-03-18 15:41:32 [debug] : 2434 {"0":2195,"1":239,"2":162.5,"3":false}
2026-03-18 15:41:32 [debug] : 2434 {"0":2535,"1":101,"2":13,"3":false}
2026-03-18 15:41:32 [debug] : 2434 {"0":2576,"1":142,"2":185,"3":true}
2026-03-18 15:41:32 [debug] : SELECTED {"0":"cmake-build-setting-form-widget:file:///c%3A/Users/dkhar/OneDrive/Documents/GitHub/ee4218/xuartps_hello_world_example/src/UserConfig.cmake:general"}
2026-03-18 15:41:32 [debug] : 2421 {"0":39,"1":2382,"2":13,"3":false}
2026-03-18 15:41:32 [debug] : 2421 {"0":80,"1":2341,"2":132,"3":false}
2026-03-18 15:41:32 [debug] : 2421 {"0":359,"1":2062,"2":119.5,"3":false}
2026-03-18 15:41:32 [debug] : 2421 {"0":613,"1":1808,"2":203,"3":false}
2026-03-18 15:41:32 [debug] : 2421 {"0":1034,"1":1387,"2":122,"3":false}
2026-03-18 15:41:32 [debug] : 2421 {"0":1293,"1":1128,"2":122,"3":false}
2026-03-18 15:41:32 [debug] : 2421 {"0":1552,"1":869,"2":314,"3":false}
2026-03-18 15:41:32 [debug] : 2421 {"0":2195,"1":226,"2":162.5,"3":false}
2026-03-18 15:41:32 [debug] : 2421 {"0":2535,"1":114,"2":13,"3":false}
2026-03-18 15:41:32 [debug] : 2421 {"0":2576,"1":155,"2":185,"3":true}
2026-03-18 15:41:32 [debug] : SELECTED {"0":"cmake-build-setting-form-widget:file:///c%3A/Users/dkhar/OneDrive/Documents/GitHub/ee4218/xuartps_hello_world_example/src/UserConfig.cmake:general"}
2026-03-18 15:41:32 [debug] : 2408 {"0":39,"1":2369,"2":13,"3":false}
2026-03-18 15:41:32 [debug] : 2408 {"0":80,"1":2328,"2":132,"3":false}
2026-03-18 15:41:32 [debug] : 2408 {"0":359,"1":2049,"2":119.5,"3":false}
2026-03-18 15:41:32 [debug] : 2408 {"0":613,"1":1795,"2":203,"3":false}
2026-03-18 15:41:32 [debug] : 2408 {"0":1034,"1":1374,"2":122,"3":false}
2026-03-18 15:41:32 [debug] : 2408 {"0":1293,"1":1115,"2":122,"3":false}
2026-03-18 15:41:32 [debug] : 2408 {"0":1552,"1":856,"2":314,"3":false}
2026-03-18 15:41:32 [debug] : 2408 {"0":2195,"1":213,"2":162.5,"3":false}
2026-03-18 15:41:32 [debug] : 2408 {"0":2535,"1":127,"2":13,"3":false}
2026-03-18 15:41:32 [debug] : 2408 {"0":2576,"1":168,"2":185,"3":true}
2026-03-18 15:41:32 [debug] : SELECTED {"0":"cmake-build-setting-form-widget:file:///c%3A/Users/dkhar/OneDrive/Documents/GitHub/ee4218/xuartps_hello_world_example/src/UserConfig.cmake:general"}
2026-03-18 15:41:32 [debug] : 2389 {"0":39,"1":2350,"2":13,"3":false}
2026-03-18 15:41:32 [debug] : 2389 {"0":80,"1":2309,"2":132,"3":false}
2026-03-18 15:41:32 [debug] : 2389 {"0":359,"1":2030,"2":119.5,"3":false}
2026-03-18 15:41:32 [debug] : 2389 {"0":613,"1":1776,"2":203,"3":false}
2026-03-18 15:41:32 [debug] : 2389 {"0":1034,"1":1355,"2":122,"3":false}
2026-03-18 15:41:32 [debug] : 2389 {"0":1293,"1":1096,"2":122,"3":false}
2026-03-18 15:41:32 [debug] : 2389 {"0":1552,"1":837,"2":314,"3":false}
2026-03-18 15:41:32 [debug] : 2389 {"0":2195,"1":194,"2":162.5,"3":false}
2026-03-18 15:41:32 [debug] : 2389 {"0":2535,"1":146,"2":13,"3":false}
2026-03-18 15:41:32 [debug] : 2389 {"0":2576,"1":187,"2":185,"3":false}
2026-03-18 15:41:32 [debug] : 2389 {"0":2961,"1":572,"2":112,"3":false}
2026-03-18 15:41:32 [debug] : 2389 {"0":3200,"1":811,"2":58.5,"3":false}
2026-03-18 15:41:32 [debug] : 2389 {"0":3332,"1":943,"2":67.5,"3":false}
2026-03-18 15:41:32 [debug] : 2359 {"0":39,"1":2320,"2":13,"3":false}
2026-03-18 15:41:32 [debug] : 2359 {"0":80,"1":2279,"2":132,"3":false}
2026-03-18 15:41:32 [debug] : 2359 {"0":359,"1":2000,"2":119.5,"3":false}
2026-03-18 15:41:32 [debug] : 2359 {"0":613,"1":1746,"2":203,"3":false}
2026-03-18 15:41:32 [debug] : 2359 {"0":1034,"1":1325,"2":122,"3":false}
2026-03-18 15:41:32 [debug] : 2359 {"0":1293,"1":1066,"2":122,"3":false}
2026-03-18 15:41:32 [debug] : 2359 {"0":1552,"1":807,"2":314,"3":false}
2026-03-18 15:41:32 [debug] : 2359 {"0":2195,"1":164,"2":162.5,"3":false}
2026-03-18 15:41:32 [debug] : 2359 {"0":2535,"1":176,"2":13,"3":false}
2026-03-18 15:41:32 [debug] : 2359 {"0":2576,"1":217,"2":185,"3":false}
2026-03-18 15:41:32 [debug] : 2359 {"0":2961,"1":602,"2":112,"3":false}
2026-03-18 15:41:32 [debug] : 2359 {"0":3200,"1":841,"2":58.5,"3":false}
2026-03-18 15:41:32 [debug] : 2359 {"0":3332,"1":973,"2":67.5,"3":false}
2026-03-18 15:41:32 [debug] : 2340.5 {"0":39,"1":2301.5,"2":13,"3":false}
2026-03-18 15:41:32 [debug] : 2340.5 {"0":80,"1":2260.5,"2":132,"3":false}
2026-03-18 15:41:32 [debug] : 2340.5 {"0":359,"1":1981.5,"2":119.5,"3":false}
2026-03-18 15:41:32 [debug] : 2340.5 {"0":613,"1":1727.5,"2":203,"3":false}
2026-03-18 15:41:32 [debug] : 2340.5 {"0":1034,"1":1306.5,"2":122,"3":false}
2026-03-18 15:41:32 [debug] : 2340.5 {"0":1293,"1":1047.5,"2":122,"3":false}
2026-03-18 15:41:32 [debug] : 2340.5 {"0":1552,"1":788.5,"2":314,"3":false}
2026-03-18 15:41:32 [debug] : 2340.5 {"0":2195,"1":145.5,"2":162.5,"3":true}
2026-03-18 15:41:32 [debug] : SELECTED {"0":"cmake-build-setting-form-widget:file:///c%3A/Users/dkhar/OneDrive/Documents/GitHub/ee4218/xuartps_hello_world_example/src/UserConfig.cmake:compiler_misc"}
2026-03-18 15:41:32 [debug] : 2144.5 {"0":39,"1":2105.5,"2":13,"3":false}
2026-03-18 15:41:32 [debug] : 2144.5 {"0":80,"1":2064.5,"2":132,"3":false}
2026-03-18 15:41:32 [debug] : 2144.5 {"0":359,"1":1785.5,"2":119.5,"3":false}
2026-03-18 15:41:32 [debug] : 2144.5 {"0":613,"1":1531.5,"2":203,"3":false}
2026-03-18 15:41:32 [debug] : 2144.5 {"0":1034,"1":1110.5,"2":122,"3":false}
2026-03-18 15:41:32 [debug] : 2144.5 {"0":1293,"1":851.5,"2":122,"3":false}
2026-03-18 15:41:32 [debug] : 2144.5 {"0":1552,"1":592.5,"2":314,"3":false}
2026-03-18 15:41:32 [debug] : 2144.5 {"0":2195,"1":50.5,"2":162.5,"3":true}
2026-03-18 15:41:32 [debug] : SELECTED {"0":"cmake-build-setting-form-widget:file:///c%3A/Users/dkhar/OneDrive/Documents/GitHub/ee4218/xuartps_hello_world_example/src/UserConfig.cmake:compiler_misc"}
2026-03-18 15:41:33 [debug] : 1745.5 {"0":39,"1":1706.5,"2":13,"3":false}
2026-03-18 15:41:33 [debug] : 1745.5 {"0":80,"1":1665.5,"2":132,"3":false}
2026-03-18 15:41:33 [debug] : 1745.5 {"0":359,"1":1386.5,"2":119.5,"3":false}
2026-03-18 15:41:33 [debug] : 1745.5 {"0":613,"1":1132.5,"2":203,"3":false}
2026-03-18 15:41:33 [debug] : 1745.5 {"0":1034,"1":711.5,"2":122,"3":false}
2026-03-18 15:41:33 [debug] : 1745.5 {"0":1293,"1":452.5,"2":122,"3":false}
2026-03-18 15:41:33 [debug] : 1745.5 {"0":1552,"1":193.5,"2":314,"3":true}
2026-03-18 15:41:33 [debug] : SELECTED {"0":"cmake-build-setting-form-widget:file:///c%3A/Users/dkhar/OneDrive/Documents/GitHub/ee4218/xuartps_hello_world_example/src/UserConfig.cmake:warnings"}
2026-03-18 15:41:33 [debug] : 1526.5 {"0":39,"1":1487.5,"2":13,"3":false}
2026-03-18 15:41:33 [debug] : 1526.5 {"0":80,"1":1446.5,"2":132,"3":false}
2026-03-18 15:41:33 [debug] : 1526.5 {"0":359,"1":1167.5,"2":119.5,"3":false}
2026-03-18 15:41:33 [debug] : 1526.5 {"0":613,"1":913.5,"2":203,"3":false}
2026-03-18 15:41:33 [debug] : 1526.5 {"0":1034,"1":492.5,"2":122,"3":false}
2026-03-18 15:41:33 [debug] : 1526.5 {"0":1293,"1":233.5,"2":122,"3":false}
2026-03-18 15:41:33 [debug] : 1526.5 {"0":1552,"1":25.5,"2":314,"3":true}
2026-03-18 15:41:33 [debug] : SELECTED {"0":"cmake-build-setting-form-widget:file:///c%3A/Users/dkhar/OneDrive/Documents/GitHub/ee4218/xuartps_hello_world_example/src/UserConfig.cmake:warnings"}
2026-03-18 15:41:33 [debug] : 1426 {"0":39,"1":1387,"2":13,"3":false}
2026-03-18 15:41:33 [debug] : 1426 {"0":80,"1":1346,"2":132,"3":false}
2026-03-18 15:41:33 [debug] : 1426 {"0":359,"1":1067,"2":119.5,"3":false}
2026-03-18 15:41:33 [debug] : 1426 {"0":613,"1":813,"2":203,"3":false}
2026-03-18 15:41:33 [debug] : 1426 {"0":1034,"1":392,"2":122,"3":false}
2026-03-18 15:41:33 [debug] : 1426 {"0":1293,"1":133,"2":122,"3":false}
2026-03-18 15:41:33 [debug] : 1426 {"0":1552,"1":126,"2":314,"3":true}
2026-03-18 15:41:33 [debug] : SELECTED {"0":"cmake-build-setting-form-widget:file:///c%3A/Users/dkhar/OneDrive/Documents/GitHub/ee4218/xuartps_hello_world_example/src/UserConfig.cmake:warnings"}
2026-03-18 15:41:33 [debug] : 1425.5 {"0":39,"1":1386.5,"2":13,"3":false}
2026-03-18 15:41:33 [debug] : 1425.5 {"0":80,"1":1345.5,"2":132,"3":false}
2026-03-18 15:41:33 [debug] : 1425.5 {"0":359,"1":1066.5,"2":119.5,"3":false}
2026-03-18 15:41:33 [debug] : 1425.5 {"0":613,"1":812.5,"2":203,"3":false}
2026-03-18 15:41:33 [debug] : 1425.5 {"0":1034,"1":391.5,"2":122,"3":false}
2026-03-18 15:41:33 [debug] : 1425.5 {"0":1293,"1":132.5,"2":122,"3":false}
2026-03-18 15:41:33 [debug] : 1425.5 {"0":1552,"1":126.5,"2":314,"3":true}
2026-03-18 15:41:33 [debug] : SELECTED {"0":"cmake-build-setting-form-widget:file:///c%3A/Users/dkhar/OneDrive/Documents/GitHub/ee4218/xuartps_hello_world_example/src/UserConfig.cmake:warnings"}
2026-03-18 15:41:33 [debug] : 1425 {"0":39,"1":1386,"2":13,"3":false}
2026-03-18 15:41:33 [debug] : 1425 {"0":80,"1":1345,"2":132,"3":false}
2026-03-18 15:41:33 [debug] : 1425 {"0":359,"1":1066,"2":119.5,"3":false}
2026-03-18 15:41:33 [debug] : 1425 {"0":613,"1":812,"2":203,"3":false}
2026-03-18 15:41:33 [debug] : 1425 {"0":1034,"1":391,"2":122,"3":false}
2026-03-18 15:41:33 [debug] : 1425 {"0":1293,"1":132,"2":122,"3":false}
2026-03-18 15:41:33 [debug] : 1425 {"0":1552,"1":127,"2":314,"3":true}
2026-03-18 15:41:33 [debug] : SELECTED {"0":"cmake-build-setting-form-widget:file:///c%3A/Users/dkhar/OneDrive/Documents/GitHub/ee4218/xuartps_hello_world_example/src/UserConfig.cmake:warnings"}
2026-03-18 15:41:33 [debug] : 1410 {"0":39,"1":1371,"2":13,"3":false}
2026-03-18 15:41:33 [debug] : 1410 {"0":80,"1":1330,"2":132,"3":false}
2026-03-18 15:41:33 [debug] : 1410 {"0":359,"1":1051,"2":119.5,"3":false}
2026-03-18 15:41:33 [debug] : 1410 {"0":613,"1":797,"2":203,"3":false}
2026-03-18 15:41:33 [debug] : 1410 {"0":1034,"1":376,"2":122,"3":false}
2026-03-18 15:41:33 [debug] : 1410 {"0":1293,"1":117,"2":122,"3":true}
2026-03-18 15:41:33 [debug] : SELECTED {"0":"cmake-build-setting-form-widget:file:///c%3A/Users/dkhar/OneDrive/Documents/GitHub/ee4218/xuartps_hello_world_example/src/UserConfig.cmake:debugging"}
2026-03-18 15:41:34 [debug] : 1212 {"0":39,"1":1173,"2":13,"3":false}
2026-03-18 15:41:34 [debug] : 1212 {"0":80,"1":1132,"2":132,"3":false}
2026-03-18 15:41:34 [debug] : 1212 {"0":359,"1":853,"2":119.5,"3":false}
2026-03-18 15:41:34 [debug] : 1212 {"0":613,"1":599,"2":203,"3":false}
2026-03-18 15:41:34 [debug] : 1212 {"0":1034,"1":178,"2":122,"3":false}
2026-03-18 15:41:34 [debug] : 1212 {"0":1293,"1":81,"2":122,"3":true}
2026-03-18 15:41:34 [debug] : SELECTED {"0":"cmake-build-setting-form-widget:file:///c%3A/Users/dkhar/OneDrive/Documents/GitHub/ee4218/xuartps_hello_world_example/src/UserConfig.cmake:debugging"}
2026-03-18 15:41:34 [debug] : 905.5 {"0":39,"1":866.5,"2":13,"3":false}
2026-03-18 15:41:34 [debug] : 905.5 {"0":80,"1":825.5,"2":132,"3":false}
2026-03-18 15:41:34 [debug] : 905.5 {"0":359,"1":546.5,"2":119.5,"3":false}
2026-03-18 15:41:34 [debug] : 905.5 {"0":613,"1":292.5,"2":203,"3":false}
2026-03-18 15:41:34 [debug] : 905.5 {"0":1034,"1":128.5,"2":122,"3":false}
2026-03-18 15:41:34 [debug] : 905.5 {"0":1293,"1":387.5,"2":122,"3":false}
2026-03-18 15:41:34 [debug] : 905.5 {"0":1552,"1":646.5,"2":314,"3":false}
2026-03-18 15:41:34 [debug] : 905.5 {"0":2195,"1":1289.5,"2":162.5,"3":false}
2026-03-18 15:41:34 [debug] : 905.5 {"0":2535,"1":1629.5,"2":13,"3":false}
2026-03-18 15:41:34 [debug] : 905.5 {"0":2576,"1":1670.5,"2":185,"3":false}
2026-03-18 15:41:34 [debug] : 905.5 {"0":2961,"1":2055.5,"2":112,"3":false}
2026-03-18 15:41:34 [debug] : 905.5 {"0":3200,"1":2294.5,"2":58.5,"3":false}
2026-03-18 15:41:34 [debug] : 905.5 {"0":3332,"1":2426.5,"2":67.5,"3":false}
2026-03-18 15:41:34 [debug] : 685.5 {"0":39,"1":646.5,"2":13,"3":false}
2026-03-18 15:41:34 [debug] : 685.5 {"0":80,"1":605.5,"2":132,"3":false}
2026-03-18 15:41:34 [debug] : 685.5 {"0":359,"1":326.5,"2":119.5,"3":false}
2026-03-18 15:41:34 [debug] : 685.5 {"0":613,"1":72.5,"2":203,"3":true}
2026-03-18 15:41:34 [debug] : SELECTED {"0":"cmake-build-setting-form-widget:file:///c%3A/Users/dkhar/OneDrive/Documents/GitHub/ee4218/xuartps_hello_world_example/src/UserConfig.cmake:sources"}
2026-03-18 15:41:34 [debug] : 666.5 {"0":39,"1":627.5,"2":13,"3":false}
2026-03-18 15:41:34 [debug] : 666.5 {"0":80,"1":586.5,"2":132,"3":false}
2026-03-18 15:41:34 [debug] : 666.5 {"0":359,"1":307.5,"2":119.5,"3":false}
2026-03-18 15:41:34 [debug] : 666.5 {"0":613,"1":53.5,"2":203,"3":true}
2026-03-18 15:41:34 [debug] : SELECTED {"0":"cmake-build-setting-form-widget:file:///c%3A/Users/dkhar/OneDrive/Documents/GitHub/ee4218/xuartps_hello_world_example/src/UserConfig.cmake:sources"}
2026-03-18 15:41:34 [debug] : 666 {"0":39,"1":627,"2":13,"3":false}
2026-03-18 15:41:34 [debug] : 666 {"0":80,"1":586,"2":132,"3":false}
2026-03-18 15:41:34 [debug] : 666 {"0":359,"1":307,"2":119.5,"3":false}
2026-03-18 15:41:34 [debug] : 666 {"0":613,"1":53,"2":203,"3":true}
2026-03-18 15:41:34 [debug] : SELECTED {"0":"cmake-build-setting-form-widget:file:///c%3A/Users/dkhar/OneDrive/Documents/GitHub/ee4218/xuartps_hello_world_example/src/UserConfig.cmake:sources"}
2026-03-18 15:41:35 [debug] : 658.5 {"0":39,"1":619.5,"2":13,"3":false}
2026-03-18 15:41:35 [debug] : 658.5 {"0":80,"1":578.5,"2":132,"3":false}
2026-03-18 15:41:35 [debug] : 658.5 {"0":359,"1":299.5,"2":119.5,"3":false}
2026-03-18 15:41:35 [debug] : 658.5 {"0":613,"1":45.5,"2":203,"3":true}
2026-03-18 15:41:35 [debug] : SELECTED {"0":"cmake-build-setting-form-widget:file:///c%3A/Users/dkhar/OneDrive/Documents/GitHub/ee4218/xuartps_hello_world_example/src/UserConfig.cmake:sources"}
2026-03-18 15:41:35 [debug] : 517.5 {"0":39,"1":478.5,"2":13,"3":false}
2026-03-18 15:41:35 [debug] : 517.5 {"0":80,"1":437.5,"2":132,"3":false}
2026-03-18 15:41:35 [debug] : 517.5 {"0":359,"1":158.5,"2":119.5,"3":false}
2026-03-18 15:41:35 [debug] : 517.5 {"0":613,"1":95.5,"2":203,"3":true}
2026-03-18 15:41:35 [debug] : SELECTED {"0":"cmake-build-setting-form-widget:file:///c%3A/Users/dkhar/OneDrive/Documents/GitHub/ee4218/xuartps_hello_world_example/src/UserConfig.cmake:sources"}
2026-03-18 15:41:35 [debug] : 220.5 {"0":39,"1":181.5,"2":13,"3":false}
2026-03-18 15:41:35 [debug] : 220.5 {"0":80,"1":140.5,"2":132,"3":false}
2026-03-18 15:41:35 [debug] : 220.5 {"0":359,"1":138.5,"2":119.5,"3":false}
2026-03-18 15:41:35 [debug] : 220.5 {"0":613,"1":392.5,"2":203,"3":false}
2026-03-18 15:41:35 [debug] : 220.5 {"0":1034,"1":813.5,"2":122,"3":false}
2026-03-18 15:41:35 [debug] : 220.5 {"0":1293,"1":1072.5,"2":122,"3":false}
2026-03-18 15:41:35 [debug] : 220.5 {"0":1552,"1":1331.5,"2":314,"3":false}
2026-03-18 15:41:35 [debug] : 220.5 {"0":2195,"1":1974.5,"2":162.5,"3":false}
2026-03-18 15:41:35 [debug] : 220.5 {"0":2535,"1":2314.5,"2":13,"3":false}
2026-03-18 15:41:35 [debug] : 220.5 {"0":2576,"1":2355.5,"2":185,"3":false}
2026-03-18 15:41:35 [debug] : 220.5 {"0":2961,"1":2740.5,"2":112,"3":false}
2026-03-18 15:41:35 [debug] : 220.5 {"0":3200,"1":2979.5,"2":58.5,"3":false}
2026-03-18 15:41:35 [debug] : 220.5 {"0":3332,"1":3111.5,"2":67.5,"3":false}
2026-03-18 15:41:35 [debug] : 18.5 {"0":39,"1":20.5,"2":13,"3":false}
2026-03-18 15:41:35 [debug] : 18.5 {"0":80,"1":61.5,"2":132,"3":true}
2026-03-18 15:41:35 [debug] : SELECTED {"0":"cmake-build-setting-form-widget:file:///c%3A/Users/dkhar/OneDrive/Documents/GitHub/ee4218/xuartps_hello_world_example/src/UserConfig.cmake:symbols"}
2026-03-18 15:41:35 [debug] : SELECTED {"0":"cmake-build-setting-form-widget:file:///c%3A/Users/dkhar/OneDrive/Documents/GitHub/ee4218/xuartps_hello_world_example/src/UserConfig.cmake:symbols"}
2026-03-18 15:41:35 [debug] : 4.5 {"0":39,"1":34.5,"2":13,"3":false}
2026-03-18 15:41:35 [debug] : 4.5 {"0":80,"1":75.5,"2":132,"3":true}
2026-03-18 15:41:35 [debug] : SELECTED {"0":"cmake-build-setting-form-widget:file:///c%3A/Users/dkhar/OneDrive/Documents/GitHub/ee4218/xuartps_hello_world_example/src/UserConfig.cmake:symbols"}
2026-03-18 15:41:36 [debug] : 80.5 {"0":39,"1":41.5,"2":13,"3":false}
2026-03-18 15:41:36 [debug] : 80.5 {"0":80,"1":0.5,"2":132,"3":true}
2026-03-18 15:41:36 [debug] : SELECTED {"0":"cmake-build-setting-form-widget:file:///c%3A/Users/dkhar/OneDrive/Documents/GitHub/ee4218/xuartps_hello_world_example/src/UserConfig.cmake:symbols"}
2026-03-18 15:41:36 [debug] : 434 {"0":39,"1":395,"2":13,"3":false}
2026-03-18 15:41:36 [debug] : 434 {"0":80,"1":354,"2":132,"3":false}
2026-03-18 15:41:36 [debug] : 434 {"0":359,"1":75,"2":119.5,"3":true}
2026-03-18 15:41:36 [debug] : SELECTED {"0":"cmake-build-setting-form-widget:file:///c%3A/Users/dkhar/OneDrive/Documents/GitHub/ee4218/xuartps_hello_world_example/src/UserConfig.cmake:directories"}
2026-03-18 15:41:36 [debug] : 726 {"0":39,"1":687,"2":13,"3":false}
2026-03-18 15:41:36 [debug] : 726 {"0":80,"1":646,"2":132,"3":false}
2026-03-18 15:41:36 [debug] : 726 {"0":359,"1":367,"2":119.5,"3":false}
2026-03-18 15:41:36 [debug] : 726 {"0":613,"1":113,"2":203,"3":true}
2026-03-18 15:41:36 [debug] : SELECTED {"0":"cmake-build-setting-form-widget:file:///c%3A/Users/dkhar/OneDrive/Documents/GitHub/ee4218/xuartps_hello_world_example/src/UserConfig.cmake:sources"}
2026-03-18 15:41:36 [debug] : 826.5 {"0":39,"1":787.5,"2":13,"3":false}
2026-03-18 15:41:36 [debug] : 826.5 {"0":80,"1":746.5,"2":132,"3":false}
2026-03-18 15:41:36 [debug] : 826.5 {"0":359,"1":467.5,"2":119.5,"3":false}
2026-03-18 15:41:36 [debug] : 826.5 {"0":613,"1":213.5,"2":203,"3":false}
2026-03-18 15:41:36 [debug] : 826.5 {"0":1034,"1":207.5,"2":122,"3":false}
2026-03-18 15:41:36 [debug] : 826.5 {"0":1293,"1":466.5,"2":122,"3":false}
2026-03-18 15:41:36 [debug] : 826.5 {"0":1552,"1":725.5,"2":314,"3":false}
2026-03-18 15:41:36 [debug] : 826.5 {"0":2195,"1":1368.5,"2":162.5,"3":false}
2026-03-18 15:41:36 [debug] : 826.5 {"0":2535,"1":1708.5,"2":13,"3":false}
2026-03-18 15:41:36 [debug] : 826.5 {"0":2576,"1":1749.5,"2":185,"3":false}
2026-03-18 15:41:36 [debug] : 826.5 {"0":2961,"1":2134.5,"2":112,"3":false}
2026-03-18 15:41:36 [debug] : 826.5 {"0":3200,"1":2373.5,"2":58.5,"3":false}
2026-03-18 15:41:36 [debug] : 826.5 {"0":3332,"1":2505.5,"2":67.5,"3":false}
2026-03-18 15:41:36 [debug] : 838 {"0":39,"1":799,"2":13,"3":false}
2026-03-18 15:41:36 [debug] : 838 {"0":80,"1":758,"2":132,"3":false}
2026-03-18 15:41:36 [debug] : 838 {"0":359,"1":479,"2":119.5,"3":false}
2026-03-18 15:41:36 [debug] : 838 {"0":613,"1":225,"2":203,"3":false}
2026-03-18 15:41:36 [debug] : 838 {"0":1034,"1":196,"2":122,"3":false}
2026-03-18 15:41:36 [debug] : 838 {"0":1293,"1":455,"2":122,"3":false}
2026-03-18 15:41:36 [debug] : 838 {"0":1552,"1":714,"2":314,"3":false}
2026-03-18 15:41:36 [debug] : 838 {"0":2195,"1":1357,"2":162.5,"3":false}
2026-03-18 15:41:36 [debug] : 838 {"0":2535,"1":1697,"2":13,"3":false}
2026-03-18 15:41:36 [debug] : 838 {"0":2576,"1":1738,"2":185,"3":false}
2026-03-18 15:41:36 [debug] : 838 {"0":2961,"1":2123,"2":112,"3":false}
2026-03-18 15:41:36 [debug] : 838 {"0":3200,"1":2362,"2":58.5,"3":false}
2026-03-18 15:41:36 [debug] : 838 {"0":3332,"1":2494,"2":67.5,"3":false}
2026-03-18 15:41:36 [debug] : 999 {"0":39,"1":960,"2":13,"3":false}
2026-03-18 15:41:36 [debug] : 999 {"0":80,"1":919,"2":132,"3":false}
2026-03-18 15:41:36 [debug] : 999 {"0":359,"1":640,"2":119.5,"3":false}
2026-03-18 15:41:36 [debug] : 999 {"0":613,"1":386,"2":203,"3":false}
2026-03-18 15:41:36 [debug] : 999 {"0":1034,"1":35,"2":122,"3":true}
2026-03-18 15:41:36 [debug] : SELECTED {"0":"cmake-build-setting-form-widget:file:///c%3A/Users/dkhar/OneDrive/Documents/GitHub/ee4218/xuartps_hello_world_example/src/UserConfig.cmake:optimization"}
2026-03-18 15:41:36 [debug] : 1412.5 {"0":39,"1":1373.5,"2":13,"3":false}
2026-03-18 15:41:36 [debug] : 1412.5 {"0":80,"1":1332.5,"2":132,"3":false}
2026-03-18 15:41:36 [debug] : 1412.5 {"0":359,"1":1053.5,"2":119.5,"3":false}
2026-03-18 15:41:36 [debug] : 1412.5 {"0":613,"1":799.5,"2":203,"3":false}
2026-03-18 15:41:36 [debug] : 1412.5 {"0":1034,"1":378.5,"2":122,"3":false}
2026-03-18 15:41:36 [debug] : 1412.5 {"0":1293,"1":119.5,"2":122,"3":true}
2026-03-18 15:41:36 [debug] : SELECTED {"0":"cmake-build-setting-form-widget:file:///c%3A/Users/dkhar/OneDrive/Documents/GitHub/ee4218/xuartps_hello_world_example/src/UserConfig.cmake:debugging"}
2026-03-18 15:41:36 [debug] : 1589 {"0":39,"1":1550,"2":13,"3":false}
2026-03-18 15:41:36 [debug] : 1589 {"0":80,"1":1509,"2":132,"3":false}
2026-03-18 15:41:36 [debug] : 1589 {"0":359,"1":1230,"2":119.5,"3":false}
2026-03-18 15:41:36 [debug] : 1589 {"0":613,"1":976,"2":203,"3":false}
2026-03-18 15:41:36 [debug] : 1589 {"0":1034,"1":555,"2":122,"3":false}
2026-03-18 15:41:36 [debug] : 1589 {"0":1293,"1":296,"2":122,"3":false}
2026-03-18 15:41:36 [debug] : 1589 {"0":1552,"1":37,"2":314,"3":true}
2026-03-18 15:41:36 [debug] : SELECTED {"0":"cmake-build-setting-form-widget:file:///c%3A/Users/dkhar/OneDrive/Documents/GitHub/ee4218/xuartps_hello_world_example/src/UserConfig.cmake:warnings"}
2026-03-18 15:41:36 [debug] : 1593.5 {"0":39,"1":1554.5,"2":13,"3":false}
2026-03-18 15:41:36 [debug] : 1593.5 {"0":80,"1":1513.5,"2":132,"3":false}
2026-03-18 15:41:36 [debug] : 1593.5 {"0":359,"1":1234.5,"2":119.5,"3":false}
2026-03-18 15:41:36 [debug] : 1593.5 {"0":613,"1":980.5,"2":203,"3":false}
2026-03-18 15:41:36 [debug] : 1593.5 {"0":1034,"1":559.5,"2":122,"3":false}
2026-03-18 15:41:36 [debug] : 1593.5 {"0":1293,"1":300.5,"2":122,"3":false}
2026-03-18 15:41:36 [debug] : 1593.5 {"0":1552,"1":41.5,"2":314,"3":true}
2026-03-18 15:41:36 [debug] : SELECTED {"0":"cmake-build-setting-form-widget:file:///c%3A/Users/dkhar/OneDrive/Documents/GitHub/ee4218/xuartps_hello_world_example/src/UserConfig.cmake:warnings"}
2026-03-18 15:41:36 [debug] : 1595 {"0":39,"1":1556,"2":13,"3":false}
2026-03-18 15:41:36 [debug] : 1595 {"0":80,"1":1515,"2":132,"3":false}
2026-03-18 15:41:36 [debug] : 1595 {"0":359,"1":1236,"2":119.5,"3":false}
2026-03-18 15:41:36 [debug] : 1595 {"0":613,"1":982,"2":203,"3":false}
2026-03-18 15:41:36 [debug] : 1595 {"0":1034,"1":561,"2":122,"3":false}
2026-03-18 15:41:36 [debug] : 1595 {"0":1293,"1":302,"2":122,"3":false}
2026-03-18 15:41:36 [debug] : 1595 {"0":1552,"1":43,"2":314,"3":true}
2026-03-18 15:41:36 [debug] : SELECTED {"0":"cmake-build-setting-form-widget:file:///c%3A/Users/dkhar/OneDrive/Documents/GitHub/ee4218/xuartps_hello_world_example/src/UserConfig.cmake:warnings"}
2026-03-18 15:41:36 [debug] : 1627.5 {"0":39,"1":1588.5,"2":13,"3":false}
2026-03-18 15:41:36 [debug] : 1627.5 {"0":80,"1":1547.5,"2":132,"3":false}
2026-03-18 15:41:36 [debug] : 1627.5 {"0":359,"1":1268.5,"2":119.5,"3":false}
2026-03-18 15:41:36 [debug] : 1627.5 {"0":613,"1":1014.5,"2":203,"3":false}
2026-03-18 15:41:36 [debug] : 1627.5 {"0":1034,"1":593.5,"2":122,"3":false}
2026-03-18 15:41:36 [debug] : 1627.5 {"0":1293,"1":334.5,"2":122,"3":false}
2026-03-18 15:41:36 [debug] : 1627.5 {"0":1552,"1":75.5,"2":314,"3":true}
2026-03-18 15:41:36 [debug] : SELECTED {"0":"cmake-build-setting-form-widget:file:///c%3A/Users/dkhar/OneDrive/Documents/GitHub/ee4218/xuartps_hello_world_example/src/UserConfig.cmake:warnings"}
2026-03-18 15:41:36 [debug] : 1740 {"0":39,"1":1701,"2":13,"3":false}
2026-03-18 15:41:36 [debug] : 1740 {"0":80,"1":1660,"2":132,"3":false}
2026-03-18 15:41:36 [debug] : 1740 {"0":359,"1":1381,"2":119.5,"3":false}
2026-03-18 15:41:36 [debug] : 1740 {"0":613,"1":1127,"2":203,"3":false}
2026-03-18 15:41:36 [debug] : 1740 {"0":1034,"1":706,"2":122,"3":false}
2026-03-18 15:41:36 [debug] : 1740 {"0":1293,"1":447,"2":122,"3":false}
2026-03-18 15:41:36 [debug] : 1740 {"0":1552,"1":188,"2":314,"3":true}
2026-03-18 15:41:36 [debug] : SELECTED {"0":"cmake-build-setting-form-widget:file:///c%3A/Users/dkhar/OneDrive/Documents/GitHub/ee4218/xuartps_hello_world_example/src/UserConfig.cmake:warnings"}
2026-03-18 15:41:37 [debug] : 1808 {"0":39,"1":1769,"2":13,"3":false}
2026-03-18 15:41:37 [debug] : 1808 {"0":80,"1":1728,"2":132,"3":false}
2026-03-18 15:41:37 [debug] : 1808 {"0":359,"1":1449,"2":119.5,"3":false}
2026-03-18 15:41:37 [debug] : 1808 {"0":613,"1":1195,"2":203,"3":false}
2026-03-18 15:41:37 [debug] : 1808 {"0":1034,"1":774,"2":122,"3":false}
2026-03-18 15:41:37 [debug] : 1808 {"0":1293,"1":515,"2":122,"3":false}
2026-03-18 15:41:37 [debug] : 1808 {"0":1552,"1":256,"2":314,"3":true}
2026-03-18 15:41:37 [debug] : SELECTED {"0":"cmake-build-setting-form-widget:file:///c%3A/Users/dkhar/OneDrive/Documents/GitHub/ee4218/xuartps_hello_world_example/src/UserConfig.cmake:warnings"}
2026-03-18 15:41:37 [debug] : 1833.5 {"0":39,"1":1794.5,"2":13,"3":false}
2026-03-18 15:41:37 [debug] : 1833.5 {"0":80,"1":1753.5,"2":132,"3":false}
2026-03-18 15:41:37 [debug] : 1833.5 {"0":359,"1":1474.5,"2":119.5,"3":false}
2026-03-18 15:41:37 [debug] : 1833.5 {"0":613,"1":1220.5,"2":203,"3":false}
2026-03-18 15:41:37 [debug] : 1833.5 {"0":1034,"1":799.5,"2":122,"3":false}
2026-03-18 15:41:37 [debug] : 1833.5 {"0":1293,"1":540.5,"2":122,"3":false}
2026-03-18 15:41:37 [debug] : 1833.5 {"0":1552,"1":281.5,"2":314,"3":true}
2026-03-18 15:41:37 [debug] : SELECTED {"0":"cmake-build-setting-form-widget:file:///c%3A/Users/dkhar/OneDrive/Documents/GitHub/ee4218/xuartps_hello_world_example/src/UserConfig.cmake:warnings"}
2026-03-18 15:41:37 [debug] : 1836 {"0":39,"1":1797,"2":13,"3":false}
2026-03-18 15:41:37 [debug] : 1836 {"0":80,"1":1756,"2":132,"3":false}
2026-03-18 15:41:37 [debug] : 1836 {"0":359,"1":1477,"2":119.5,"3":false}
2026-03-18 15:41:37 [debug] : 1836 {"0":613,"1":1223,"2":203,"3":false}
2026-03-18 15:41:37 [debug] : 1836 {"0":1034,"1":802,"2":122,"3":false}
2026-03-18 15:41:37 [debug] : 1836 {"0":1293,"1":543,"2":122,"3":false}
2026-03-18 15:41:37 [debug] : 1836 {"0":1552,"1":284,"2":314,"3":true}
2026-03-18 15:41:37 [debug] : SELECTED {"0":"cmake-build-setting-form-widget:file:///c%3A/Users/dkhar/OneDrive/Documents/GitHub/ee4218/xuartps_hello_world_example/src/UserConfig.cmake:warnings"}
2026-03-18 15:41:37 [debug] : 1855 {"0":39,"1":1816,"2":13,"3":false}
2026-03-18 15:41:37 [debug] : 1855 {"0":80,"1":1775,"2":132,"3":false}
2026-03-18 15:41:37 [debug] : 1855 {"0":359,"1":1496,"2":119.5,"3":false}
2026-03-18 15:41:37 [debug] : 1855 {"0":613,"1":1242,"2":203,"3":false}
2026-03-18 15:41:37 [debug] : 1855 {"0":1034,"1":821,"2":122,"3":false}
2026-03-18 15:41:37 [debug] : 1855 {"0":1293,"1":562,"2":122,"3":false}
2026-03-18 15:41:37 [debug] : 1855 {"0":1552,"1":303,"2":314,"3":true}
2026-03-18 15:41:37 [debug] : SELECTED {"0":"cmake-build-setting-form-widget:file:///c%3A/Users/dkhar/OneDrive/Documents/GitHub/ee4218/xuartps_hello_world_example/src/UserConfig.cmake:warnings"}
2026-03-18 15:41:37 [debug] : 2060 {"0":39,"1":2021,"2":13,"3":false}
2026-03-18 15:41:37 [debug] : 2060 {"0":80,"1":1980,"2":132,"3":false}
2026-03-18 15:41:37 [debug] : 2060 {"0":359,"1":1701,"2":119.5,"3":false}
2026-03-18 15:41:37 [debug] : 2060 {"0":613,"1":1447,"2":203,"3":false}
2026-03-18 15:41:37 [debug] : 2060 {"0":1034,"1":1026,"2":122,"3":false}
2026-03-18 15:41:37 [debug] : 2060 {"0":1293,"1":767,"2":122,"3":false}
2026-03-18 15:41:37 [debug] : 2060 {"0":1552,"1":508,"2":314,"3":false}
2026-03-18 15:41:37 [debug] : 2060 {"0":2195,"1":135,"2":162.5,"3":true}
2026-03-18 15:41:37 [debug] : SELECTED {"0":"cmake-build-setting-form-widget:file:///c%3A/Users/dkhar/OneDrive/Documents/GitHub/ee4218/xuartps_hello_world_example/src/UserConfig.cmake:compiler_misc"}
2026-03-18 15:41:37 [debug] : 2251 {"0":39,"1":2212,"2":13,"3":false}
2026-03-18 15:41:37 [debug] : 2251 {"0":80,"1":2171,"2":132,"3":false}
2026-03-18 15:41:37 [debug] : 2251 {"0":359,"1":1892,"2":119.5,"3":false}
2026-03-18 15:41:37 [debug] : 2251 {"0":613,"1":1638,"2":203,"3":false}
2026-03-18 15:41:37 [debug] : 2251 {"0":1034,"1":1217,"2":122,"3":false}
2026-03-18 15:41:37 [debug] : 2251 {"0":1293,"1":958,"2":122,"3":false}
2026-03-18 15:41:37 [debug] : 2251 {"0":1552,"1":699,"2":314,"3":false}
2026-03-18 15:41:37 [debug] : 2251 {"0":2195,"1":56,"2":162.5,"3":true}
2026-03-18 15:41:37 [debug] : SELECTED {"0":"cmake-build-setting-form-widget:file:///c%3A/Users/dkhar/OneDrive/Documents/GitHub/ee4218/xuartps_hello_world_example/src/UserConfig.cmake:compiler_misc"}
2026-03-18 15:41:37 [debug] : 2298.5 {"0":39,"1":2259.5,"2":13,"3":false}
2026-03-18 15:41:37 [debug] : 2298.5 {"0":80,"1":2218.5,"2":132,"3":false}
2026-03-18 15:41:37 [debug] : 2298.5 {"0":359,"1":1939.5,"2":119.5,"3":false}
2026-03-18 15:41:37 [debug] : 2298.5 {"0":613,"1":1685.5,"2":203,"3":false}
2026-03-18 15:41:37 [debug] : 2298.5 {"0":1034,"1":1264.5,"2":122,"3":false}
2026-03-18 15:41:37 [debug] : 2298.5 {"0":1293,"1":1005.5,"2":122,"3":false}
2026-03-18 15:41:37 [debug] : 2298.5 {"0":1552,"1":746.5,"2":314,"3":false}
2026-03-18 15:41:37 [debug] : 2298.5 {"0":2195,"1":103.5,"2":162.5,"3":true}
2026-03-18 15:41:37 [debug] : SELECTED {"0":"cmake-build-setting-form-widget:file:///c%3A/Users/dkhar/OneDrive/Documents/GitHub/ee4218/xuartps_hello_world_example/src/UserConfig.cmake:compiler_misc"}
2026-03-18 15:41:38 [debug] : 2301.5 {"0":39,"1":2262.5,"2":13,"3":false}
2026-03-18 15:41:38 [debug] : 2301.5 {"0":80,"1":2221.5,"2":132,"3":false}
2026-03-18 15:41:38 [debug] : 2301.5 {"0":359,"1":1942.5,"2":119.5,"3":false}
2026-03-18 15:41:38 [debug] : 2301.5 {"0":613,"1":1688.5,"2":203,"3":false}
2026-03-18 15:41:38 [debug] : 2301.5 {"0":1034,"1":1267.5,"2":122,"3":false}
2026-03-18 15:41:38 [debug] : 2301.5 {"0":1293,"1":1008.5,"2":122,"3":false}
2026-03-18 15:41:38 [debug] : 2301.5 {"0":1552,"1":749.5,"2":314,"3":false}
2026-03-18 15:41:38 [debug] : 2301.5 {"0":2195,"1":106.5,"2":162.5,"3":true}
2026-03-18 15:41:38 [debug] : SELECTED {"0":"cmake-build-setting-form-widget:file:///c%3A/Users/dkhar/OneDrive/Documents/GitHub/ee4218/xuartps_hello_world_example/src/UserConfig.cmake:compiler_misc"}
2026-03-18 15:41:38 [debug] : 2362 {"0":39,"1":2323,"2":13,"3":false}
2026-03-18 15:41:38 [debug] : 2362 {"0":80,"1":2282,"2":132,"3":false}
2026-03-18 15:41:38 [debug] : 2362 {"0":359,"1":2003,"2":119.5,"3":false}
2026-03-18 15:41:38 [debug] : 2362 {"0":613,"1":1749,"2":203,"3":false}
2026-03-18 15:41:38 [debug] : 2362 {"0":1034,"1":1328,"2":122,"3":false}
2026-03-18 15:41:38 [debug] : 2362 {"0":1293,"1":1069,"2":122,"3":false}
2026-03-18 15:41:38 [debug] : 2362 {"0":1552,"1":810,"2":314,"3":false}
2026-03-18 15:41:38 [debug] : 2362 {"0":2195,"1":167,"2":162.5,"3":false}
2026-03-18 15:41:38 [debug] : 2362 {"0":2535,"1":173,"2":13,"3":false}
2026-03-18 15:41:38 [debug] : 2362 {"0":2576,"1":214,"2":185,"3":false}
2026-03-18 15:41:38 [debug] : 2362 {"0":2961,"1":599,"2":112,"3":false}
2026-03-18 15:41:38 [debug] : 2362 {"0":3200,"1":838,"2":58.5,"3":false}
2026-03-18 15:41:38 [debug] : 2362 {"0":3332,"1":970,"2":67.5,"3":false}
2026-03-18 15:41:38 [debug] : 2667.5 {"0":39,"1":2628.5,"2":13,"3":false}
2026-03-18 15:41:38 [debug] : 2667.5 {"0":80,"1":2587.5,"2":132,"3":false}
2026-03-18 15:41:38 [debug] : 2667.5 {"0":359,"1":2308.5,"2":119.5,"3":false}
2026-03-18 15:41:38 [debug] : 2667.5 {"0":613,"1":2054.5,"2":203,"3":false}
2026-03-18 15:41:38 [debug] : 2667.5 {"0":1034,"1":1633.5,"2":122,"3":false}
2026-03-18 15:41:38 [debug] : 2667.5 {"0":1293,"1":1374.5,"2":122,"3":false}
2026-03-18 15:41:38 [debug] : 2667.5 {"0":1552,"1":1115.5,"2":314,"3":false}
2026-03-18 15:41:38 [debug] : 2667.5 {"0":2195,"1":472.5,"2":162.5,"3":false}
2026-03-18 15:41:38 [debug] : 2667.5 {"0":2535,"1":132.5,"2":13,"3":false}
2026-03-18 15:41:38 [debug] : 2667.5 {"0":2576,"1":91.5,"2":185,"3":true}
2026-03-18 15:41:38 [debug] : SELECTED {"0":"cmake-build-setting-form-widget:file:///c%3A/Users/dkhar/OneDrive/Documents/GitHub/ee4218/xuartps_hello_world_example/src/UserConfig.cmake:general"}
2026-03-18 15:41:38 [debug] : 2862.5 {"0":39,"1":2823.5,"2":13,"3":false}
2026-03-18 15:41:38 [debug] : 2862.5 {"0":80,"1":2782.5,"2":132,"3":false}
2026-03-18 15:41:38 [debug] : 2862.5 {"0":359,"1":2503.5,"2":119.5,"3":false}
2026-03-18 15:41:38 [debug] : 2862.5 {"0":613,"1":2249.5,"2":203,"3":false}
2026-03-18 15:41:38 [debug] : 2862.5 {"0":1034,"1":1828.5,"2":122,"3":false}
2026-03-18 15:41:38 [debug] : 2862.5 {"0":1293,"1":1569.5,"2":122,"3":false}
2026-03-18 15:41:38 [debug] : 2862.5 {"0":1552,"1":1310.5,"2":314,"3":false}
2026-03-18 15:41:38 [debug] : 2862.5 {"0":2195,"1":667.5,"2":162.5,"3":false}
2026-03-18 15:41:38 [debug] : 2862.5 {"0":2535,"1":327.5,"2":13,"3":false}
2026-03-18 15:41:38 [debug] : 2862.5 {"0":2576,"1":286.5,"2":185,"3":false}
2026-03-18 15:41:38 [debug] : 2862.5 {"0":2961,"1":98.5,"2":112,"3":true}
2026-03-18 15:41:38 [debug] : SELECTED {"0":"cmake-build-setting-form-widget:file:///c%3A/Users/dkhar/OneDrive/Documents/GitHub/ee4218/xuartps_hello_world_example/src/UserConfig.cmake:libraries"}
2026-03-18 15:41:38 [debug] : 2887.5 {"0":39,"1":2848.5,"2":13,"3":false}
2026-03-18 15:41:38 [debug] : 2887.5 {"0":80,"1":2807.5,"2":132,"3":false}
2026-03-18 15:41:38 [debug] : 2887.5 {"0":359,"1":2528.5,"2":119.5,"3":false}
2026-03-18 15:41:38 [debug] : 2887.5 {"0":613,"1":2274.5,"2":203,"3":false}
2026-03-18 15:41:38 [debug] : 2887.5 {"0":1034,"1":1853.5,"2":122,"3":false}
2026-03-18 15:41:38 [debug] : 2887.5 {"0":1293,"1":1594.5,"2":122,"3":false}
2026-03-18 15:41:38 [debug] : 2887.5 {"0":1552,"1":1335.5,"2":314,"3":false}
2026-03-18 15:41:38 [debug] : 2887.5 {"0":2195,"1":692.5,"2":162.5,"3":false}
2026-03-18 15:41:38 [debug] : 2887.5 {"0":2535,"1":352.5,"2":13,"3":false}
2026-03-18 15:41:38 [debug] : 2887.5 {"0":2576,"1":311.5,"2":185,"3":false}
2026-03-18 15:41:38 [debug] : 2887.5 {"0":2961,"1":73.5,"2":112,"3":true}
2026-03-18 15:41:38 [debug] : SELECTED {"0":"cmake-build-setting-form-widget:file:///c%3A/Users/dkhar/OneDrive/Documents/GitHub/ee4218/xuartps_hello_world_example/src/UserConfig.cmake:libraries"}
2026-03-18 15:41:38 [debug] : 2888 {"0":39,"1":2849,"2":13,"3":false}
2026-03-18 15:41:38 [debug] : 2888 {"0":80,"1":2808,"2":132,"3":false}
2026-03-18 15:41:38 [debug] : 2888 {"0":359,"1":2529,"2":119.5,"3":false}
2026-03-18 15:41:38 [debug] : 2888 {"0":613,"1":2275,"2":203,"3":false}
2026-03-18 15:41:38 [debug] : 2888 {"0":1034,"1":1854,"2":122,"3":false}
2026-03-18 15:41:38 [debug] : 2888 {"0":1293,"1":1595,"2":122,"3":false}
2026-03-18 15:41:38 [debug] : 2888 {"0":1552,"1":1336,"2":314,"3":false}
2026-03-18 15:41:38 [debug] : 2888 {"0":2195,"1":693,"2":162.5,"3":false}
2026-03-18 15:41:38 [debug] : 2888 {"0":2535,"1":353,"2":13,"3":false}
2026-03-18 15:41:38 [debug] : 2888 {"0":2576,"1":312,"2":185,"3":false}
2026-03-18 15:41:38 [debug] : 2888 {"0":2961,"1":73,"2":112,"3":true}
2026-03-18 15:41:38 [debug] : SELECTED {"0":"cmake-build-setting-form-widget:file:///c%3A/Users/dkhar/OneDrive/Documents/GitHub/ee4218/xuartps_hello_world_example/src/UserConfig.cmake:libraries"}
2026-03-18 15:41:38 [debug] : 2888.5 {"0":39,"1":2849.5,"2":13,"3":false}
2026-03-18 15:41:38 [debug] : 2888.5 {"0":80,"1":2808.5,"2":132,"3":false}
2026-03-18 15:41:38 [debug] : 2888.5 {"0":359,"1":2529.5,"2":119.5,"3":false}
2026-03-18 15:41:38 [debug] : 2888.5 {"0":613,"1":2275.5,"2":203,"3":false}
2026-03-18 15:41:38 [debug] : 2888.5 {"0":1034,"1":1854.5,"2":122,"3":false}
2026-03-18 15:41:38 [debug] : 2888.5 {"0":1293,"1":1595.5,"2":122,"3":false}
2026-03-18 15:41:38 [debug] : 2888.5 {"0":1552,"1":1336.5,"2":314,"3":false}
2026-03-18 15:41:38 [debug] : 2888.5 {"0":2195,"1":693.5,"2":162.5,"3":false}
2026-03-18 15:41:38 [debug] : 2888.5 {"0":2535,"1":353.5,"2":13,"3":false}
2026-03-18 15:41:38 [debug] : 2888.5 {"0":2576,"1":312.5,"2":185,"3":false}
2026-03-18 15:41:38 [debug] : 2888.5 {"0":2961,"1":72.5,"2":112,"3":true}
2026-03-18 15:41:38 [debug] : SELECTED {"0":"cmake-build-setting-form-widget:file:///c%3A/Users/dkhar/OneDrive/Documents/GitHub/ee4218/xuartps_hello_world_example/src/UserConfig.cmake:libraries"}
2026-03-18 15:41:39 [debug] : 2890.5 {"0":39,"1":2851.5,"2":13,"3":false}
2026-03-18 15:41:39 [debug] : 2890.5 {"0":80,"1":2810.5,"2":132,"3":false}
2026-03-18 15:41:39 [debug] : 2890.5 {"0":359,"1":2531.5,"2":119.5,"3":false}
2026-03-18 15:41:39 [debug] : 2890.5 {"0":613,"1":2277.5,"2":203,"3":false}
2026-03-18 15:41:39 [debug] : 2890.5 {"0":1034,"1":1856.5,"2":122,"3":false}
2026-03-18 15:41:39 [debug] : 2890.5 {"0":1293,"1":1597.5,"2":122,"3":false}
2026-03-18 15:41:39 [debug] : 2890.5 {"0":1552,"1":1338.5,"2":314,"3":false}
2026-03-18 15:41:39 [debug] : 2890.5 {"0":2195,"1":695.5,"2":162.5,"3":false}
2026-03-18 15:41:39 [debug] : 2890.5 {"0":2535,"1":355.5,"2":13,"3":false}
2026-03-18 15:41:39 [debug] : 2890.5 {"0":2576,"1":314.5,"2":185,"3":false}
2026-03-18 15:41:39 [debug] : 2890.5 {"0":2961,"1":70.5,"2":112,"3":true}
2026-03-18 15:41:39 [debug] : SELECTED {"0":"cmake-build-setting-form-widget:file:///c%3A/Users/dkhar/OneDrive/Documents/GitHub/ee4218/xuartps_hello_world_example/src/UserConfig.cmake:libraries"}
2026-03-18 15:41:39 [debug] : 2921 {"0":39,"1":2882,"2":13,"3":false}
2026-03-18 15:41:39 [debug] : 2921 {"0":80,"1":2841,"2":132,"3":false}
2026-03-18 15:41:39 [debug] : 2921 {"0":359,"1":2562,"2":119.5,"3":false}
2026-03-18 15:41:39 [debug] : 2921 {"0":613,"1":2308,"2":203,"3":false}
2026-03-18 15:41:39 [debug] : 2921 {"0":1034,"1":1887,"2":122,"3":false}
2026-03-18 15:41:39 [debug] : 2921 {"0":1293,"1":1628,"2":122,"3":false}
2026-03-18 15:41:39 [debug] : 2921 {"0":1552,"1":1369,"2":314,"3":false}
2026-03-18 15:41:39 [debug] : 2921 {"0":2195,"1":726,"2":162.5,"3":false}
2026-03-18 15:41:39 [debug] : 2921 {"0":2535,"1":386,"2":13,"3":false}
2026-03-18 15:41:39 [debug] : 2921 {"0":2576,"1":345,"2":185,"3":false}
2026-03-18 15:41:39 [debug] : 2921 {"0":2961,"1":40,"2":112,"3":true}
2026-03-18 15:41:39 [debug] : SELECTED {"0":"cmake-build-setting-form-widget:file:///c%3A/Users/dkhar/OneDrive/Documents/GitHub/ee4218/xuartps_hello_world_example/src/UserConfig.cmake:libraries"}
2026-03-18 15:41:39 [debug] : 2971 {"0":39,"1":2932,"2":13,"3":false}
2026-03-18 15:41:39 [debug] : 2971 {"0":80,"1":2891,"2":132,"3":false}
2026-03-18 15:41:39 [debug] : 2971 {"0":359,"1":2612,"2":119.5,"3":false}
2026-03-18 15:41:39 [debug] : 2971 {"0":613,"1":2358,"2":203,"3":false}
2026-03-18 15:41:39 [debug] : 2971 {"0":1034,"1":1937,"2":122,"3":false}
2026-03-18 15:41:39 [debug] : 2971 {"0":1293,"1":1678,"2":122,"3":false}
2026-03-18 15:41:39 [debug] : 2971 {"0":1552,"1":1419,"2":314,"3":false}
2026-03-18 15:41:39 [debug] : 2971 {"0":2195,"1":776,"2":162.5,"3":false}
2026-03-18 15:41:39 [debug] : 2971 {"0":2535,"1":436,"2":13,"3":false}
2026-03-18 15:41:39 [debug] : 2971 {"0":2576,"1":395,"2":185,"3":false}
2026-03-18 15:41:39 [debug] : 2971 {"0":2961,"1":10,"2":112,"3":true}
2026-03-18 15:41:39 [debug] : SELECTED {"0":"cmake-build-setting-form-widget:file:///c%3A/Users/dkhar/OneDrive/Documents/GitHub/ee4218/xuartps_hello_world_example/src/UserConfig.cmake:libraries"}
2026-03-18 15:41:39 [debug] : 2994 {"0":39,"1":2955,"2":13,"3":false}
2026-03-18 15:41:39 [debug] : 2994 {"0":80,"1":2914,"2":132,"3":false}
2026-03-18 15:41:39 [debug] : 2994 {"0":359,"1":2635,"2":119.5,"3":false}
2026-03-18 15:41:39 [debug] : 2994 {"0":613,"1":2381,"2":203,"3":false}
2026-03-18 15:41:39 [debug] : 2994 {"0":1034,"1":1960,"2":122,"3":false}
2026-03-18 15:41:39 [debug] : 2994 {"0":1293,"1":1701,"2":122,"3":false}
2026-03-18 15:41:39 [debug] : 2994 {"0":1552,"1":1442,"2":314,"3":false}
2026-03-18 15:41:39 [debug] : 2994 {"0":2195,"1":799,"2":162.5,"3":false}
2026-03-18 15:41:39 [debug] : 2994 {"0":2535,"1":459,"2":13,"3":false}
2026-03-18 15:41:39 [debug] : 2994 {"0":2576,"1":418,"2":185,"3":false}
2026-03-18 15:41:39 [debug] : 2994 {"0":2961,"1":33,"2":112,"3":true}
2026-03-18 15:41:39 [debug] : SELECTED {"0":"cmake-build-setting-form-widget:file:///c%3A/Users/dkhar/OneDrive/Documents/GitHub/ee4218/xuartps_hello_world_example/src/UserConfig.cmake:libraries"}
2026-03-18 15:41:44 [debug] : Widget was activated, but did not accept focus after 2000ms: launch-editor-widget:file:///c%3A/Users/dkhar/OneDrive/Documents/GitHub/ee4218/xuartps_hello_world_example/_ide/launch.json 
2026-03-18 15:42:15 [debug] : [Debugger Server] In 'setupSystemLaunchJson' with connection:[object Object] request:{"applicationpath":"","componentpath":"C:\\Users\\dkhar\\OneDrive\\Documents\\GitHub\\ee4218\\xuartps_hello_world_example","createnew":false,"emulatorstarted":false,"debugport":"","target":"","debug":false,"launchname":"xuartps_hello_world_example_app_hw_1","qemugdbport":"","plmgdbport":""} 
2026-03-18 15:42:15 [debug] : Received event from notification service: ON_BAREMETAL_DEBUG_PROGRESS. 
2026-03-18 15:42:15 [debug] : Received event from notification service: ON_BAREMETAL_DEBUG_PROGRESS. 
2026-03-18 15:42:15 [debug] : Received event from notification service: START_XSDB_SERVER. 
2026-03-18 15:42:15 [debug] : getTasks(): about to return task information for 0 tasks 
2026-03-18 15:42:15 [debug] : entering runTask 
2026-03-18 15:42:15 [debug] : got lock 
2026-03-18 15:42:15 [debug] : running task {"type":"shell","label":"XSDB Console","_scope":2,"problemMatcher":[],"presentation":{"echo":true,"reveal":"silent","focus":true,"panel":"dedicated","showReuseMessage":false,"clear":false,"close":false},"options":{"cwd":"C:\\Users\\dkhar\\.Xilinx\\Vitis\\2025.1\\.vitis"},"args":["/C","C:/Xilinx/2025.1/Vitis\\bin\\xsdb.bat","-n","-interactive","C:\\Users\\dkhar\\.Xilinx\\Vitis\\2025.1\\.vitis\\temp_xsct_launch_script.tcl"],"command":"cmd"}, already running = false 
2026-03-18 15:42:15 [debug] : task about to start 
2026-03-18 15:42:17 [debug] : Starting terminal process {"0":"{\n  \"command\": \"cmd.exe\",\n  \"args\": [\n    \"/S\",\n    \"/C\",\n    \"cmd /C C:/Xilinx/2025.1/Vitis\\\\bin\\\\xsdb.bat -n -interactive C:\\\\Users\\\\dkhar\\\\.Xilinx\\\\Vitis\\\\2025.1\\\\.vitis\\\\temp_xsct_launch_script.tcl\"\n  ],\n  \"commandLine\": \"/S /C \\\"cmd /C C:/Xilinx/2025.1/Vitis\\\\bin\\\\xsdb.bat -n -interactive C:\\\\Users\\\\dkhar\\\\.Xilinx\\\\Vitis\\\\2025.1\\\\.vitis\\\\temp_xsct_launch_script.tcl\\\"\",\n  \"options\": {\n    \"cwd\": \"C:\\\\Users\\\\dkhar\\\\.Xilinx\\\\Vitis\\\\2025.1\\\\.vitis\",\n    \"env\": {\n      \"ALLUSERSPROFILE\": \"C:\\\\ProgramData\",\n      \"APPDATA\": \"C:\\\\Users\\\\dkhar\\\\AppData\\\\Roaming\",\n      \"arr.length\": \"0\",\n      \"arr.Ubound\": \"-1\",\n      \"CMAKE_OBJECT_PATH_MAX\": \"4096\",\n      \"CommonProgramFiles\": \"C:\\\\Program Files\\\\Common Files\",\n      \"CommonProgramFiles(x86)\": \"C:\\\\Program Files (x86)\\\\Common Files\",\n      \"CommonProgramW6432\": \"C:\\\\Program Files\\\\Common Files\",\n      \"COMPUTERNAME\": \"DESKTOP-FV88VMA\",\n      \"ComSpec\": \"C:\\\\WINDOWS\\\\system32\\\\cmd.exe\",\n      \"DriverData\": \"C:\\\\Windows\\\\System32\\\\Drivers\\\\DriverData\",\n      \"HDI_APPROOT\": \"C:/Xilinx/2025.1/Vitis\",\n      \"HOMEDRIVE\": \"C:\",\n      \"HOMEPATH\": \"\\\\Users\\\\dkhar\",\n      \"HW_SERVER_DJTG_DISABLE\": \"1\",\n      \"HW_SERVER_FTDIMGR_DISABLE\": \"1\",\n      \"IDE_SKIP_SERVER_LICENSE\": \"1\",\n      \"INT_VARIABLE_NAME\": \"XILINX_PATH\",\n      \"JAVA_HOME\": \"C:/Xilinx/2025.1/Vivado\\\\tps\\\\win64\\\\jre11.0.16_1\",\n      \"LC_NUMERIC\": \"C\",\n      \"LOCALAPPDATA\": \"C:\\\\Users\\\\dkhar\\\\AppData\\\\Local\",\n      \"LOGONSERVER\": \"\\\\\\\\DESKTOP-FV88VMA\",\n      \"NOSPLASH\": \"false\",\n      \"NUMBER_OF_PROCESSORS\": \"8\",\n      \"OneDrive\": \"C:\\\\Users\\\\dkhar\\\\OneDrive\",\n      \"OneDriveConsumer\": \"C:\\\\Users\\\\dkhar\\\\OneDrive\",\n      \"ORIGINAL_XDG_CURRENT_DESKTOP\": \"undefined\",\n      \"OS\": \"Windows_NT\",\n      \"Path\": \"C:/Xilinx/2025.1/Vitis\\\\bin;C:/Xilinx/2025.1/Vitis\\\\gnu\\\\microblaze\\\\nt\\\\bin;C:/Xilinx/2025.1/Vitis\\\\gnu\\\\arm\\\\nt\\\\bin;C:/Xilinx/2025.1/Vitis\\\\gnu\\\\microblaze\\\\linux_toolchain\\\\nt64_be\\\\bin;C:/Xilinx/2025.1/Vitis\\\\gnu\\\\microblaze\\\\linux_toolchain\\\\nt64_le\\\\bin;C:/Xilinx/2025.1/Vitis\\\\gnu\\\\aarch32\\\\nt\\\\gcc-arm-linux-gnueabi\\\\bin;C:/Xilinx/2025.1/Vitis\\\\gnu\\\\aarch32\\\\nt\\\\gcc-arm-none-eabi\\\\bin;C:/Xilinx/2025.1/Vitis\\\\gnu\\\\aarch64\\\\nt\\\\aarch64-linux\\\\bin;C:/Xilinx/2025.1/Vitis\\\\gnu\\\\aarch64\\\\nt\\\\aarch64-none\\\\bin;C:/Xilinx/2025.1/Vitis\\\\gnu\\\\armr5\\\\nt\\\\gcc-arm-none-eabi\\\\bin;C:/Xilinx/2025.1/Vitis\\\\gnu\\\\riscv\\\\nt\\\\riscv64-unknown-elf\\\\bin;C:/Xilinx/2025.1/Vivado\\\\tps\\\\win64\\\\python-3.13.0;C:/Xilinx/2025.1/Vivado\\\\tps\\\\win64\\\\git-2.46.0\\\\bin;C:/Xilinx/2025.1/Vivado\\\\tps\\\\win64\\\\cmake-3.24.2\\\\bin;C:/Xilinx/2025.1/Vitis/win64/tools/vcxx\\\\libexec;C:/Xilinx/2025.1/Vivado\\\\tps\\\\win64\\\\jre11.0.16_1\\\\bin;C:/Xilinx/2025.1/Vitis/lib/win64.o;C:/Xilinx/2025.1/Vivado\\\\tps\\\\win64\\\\libxslt/bin;C:/Xilinx/2025.1/Vitis/bin;C:\\\\WINDOWS\\\\system32;C:\\\\WINDOWS;C:\\\\WINDOWS\\\\System32\\\\Wbem;C:\\\\WINDOWS\\\\System32\\\\WindowsPowerShell\\\\v1.0\\\\;C:\\\\WINDOWS\\\\System32\\\\OpenSSH\\\\;C:\\\\Program Files\\\\Git\\\\cmd;C:\\\\Users\\\\dkhar\\\\AppData\\\\Local\\\\Microsoft\\\\WindowsApps;C:\\\\Users\\\\dkhar\\\\AppData\\\\Local\\\\Programs\\\\Microsoft VS Code\\\\bin;C:\\\\Users\\\\dkhar\\\\AppData\\\\Local\\\\GitHubDesktop\\\\bin\",\n      \"PATHEXT\": \".COM;.EXE;.BAT;.CMD;.VBS;.VBE;.JS;.JSE;.WSF;.WSH;.MSC\",\n      \"PROCESSOR_ARCHITECTURE\": \"AMD64\",\n      \"PROCESSOR_IDENTIFIER\": \"Intel64 Family 6 Model 142 Stepping 11, GenuineIntel\",\n      \"PROCESSOR_LEVEL\": \"6\",\n      \"PROCESSOR_REVISION\": \"8e0b\",\n      \"ProgramData\": \"C:\\\\ProgramData\",\n      \"ProgramFiles\": \"C:\\\\Program Files\",\n      \"ProgramFiles(x86)\": \"C:\\\\Program Files (x86)\",\n      \"ProgramW6432\": \"C:\\\\Program Files\",\n      \"PROMPT\": \"$P$G\",\n      \"PSModulePath\": \"C:\\\\Program Files\\\\WindowsPowerShell\\\\Modules;C:\\\\WINDOWS\\\\system32\\\\WindowsPowerShell\\\\v1.0\\\\Modules\",\n      \"PUBLIC\": \"C:\\\\Users\\\\Public\",\n      \"PYTHONPATH\": \"C:/Xilinx/2025.1/Vitis\\\\cli;C:/Xilinx/2025.1/Vitis\\\\cli\\\\python-packages\\\\win64;C:/Xilinx/2025.1/Vitis\\\\cli\\\\python-packages\\\\site-packages;C:/Xilinx/2025.1/Vitis\\\\cli\\\\proto;C:/Xilinx/2025.1/Vitis\\\\scripts\\\\python_pkg;\",\n      \"RDI_APPROOT\": \"C:/Xilinx/2025.1/Vitis\",\n      \"RDI_BASEROOT\": \"C:/Xilinx/2025.1\",\n      \"RDI_BINROOT\": \"C:/Xilinx/2025.1/Vitis/bin\",\n      \"RDI_CHECK_PROG\": \"True\",\n      \"RDI_DATADIR\": \"C:/Xilinx/2025.1/Vitis/data\",\n      \"RDI_INSTALLROOT\": \"C:/Xilinx\",\n      \"RDI_INSTALLVER\": \"Vitis\",\n      \"RDI_INSTALLVERSION\": \"2025.1\",\n      \"RDI_NO_JRE\": \"1\",\n      \"RDI_OPT_EXT\": \".o\",\n      \"RDI_OS_ARCH\": \"64\",\n      \"RDI_PROG\": \"buildinfo.exe\",\n      \"RDI_SESSION_INFO\": \"C:\\\\Xilinx\\\\2025.1\\\\Vitis\\\\bin:DESKTOP-FV88VMA-Wed18-03-2026_15-26-05.93\",\n      \"RDI_SHARED_DATA\": \"C:/Xilinx/SharedData/Vitis/data\",\n      \"RDI_TEMPINSTALL\": \"C:\\\\Xilinx\\\\2025.1\",\n      \"RDI_USE_JDK11\": \"1\",\n      \"SESSIONNAME\": \"Console\",\n      \"session_string\": \"C:\\\\Xilinx\\\\2025.1\\\\Vitis\\\\bin:DESKTOP-FV88VMA-Wed18-03-2026_15-26-06.71\",\n      \"supports_classic_ide\": \"true\",\n      \"SystemDrive\": \"C:\",\n      \"SystemRoot\": \"C:\\\\WINDOWS\",\n      \"TEMP\": \"C:\\\\Users\\\\dkhar\\\\AppData\\\\Local\\\\Temp\",\n      \"THEIA_APP_PROJECT_PATH\": \"C:\\\\Xilinx\\\\2025.1\\\\Vitis\\\\ide\\\\electron-app\\\\win64\\\\resources\\\\app\",\n      \"THEIA_CONFIG_DIR\": \"C:\\\\Users\\\\dkhar\\\\.theia\",\n      \"THEIA_DEFAULT_PLUGINS\": \"local-dir:C:\\\\Xilinx\\\\2025.1\\\\Vitis\\\\ide\\\\electron-app\\\\win64\\\\resources\\\\app\\\\plugins\",\n      \"THEIA_ELECTRON_TOKEN\": \"{\\\"value\\\":\\\"972ec52a-e3e0-4e2a-9093-6a25ceaacfb9\\\"}\",\n      \"THEIA_ELECTRON_VERSION\": \"30.1.2\",\n      \"THEIA_PLUGINS\": \"local-dir:C:\\\\Users\\\\dkhar\\\\.theia\\\\plugins\",\n      \"TMP\": \"C:\\\\Users\\\\dkhar\\\\AppData\\\\Local\\\\Temp\",\n      \"tooldir\": \"tps\\\\win64\\\\git-2.46.0\",\n      \"TOOLS_CLANGD\": \"C:/Xilinx/2025.1/Vitis/win64/tools/vcxx\\\\libexec\",\n      \"TPS_CMAKE\": \"C:/Xilinx/2025.1/Vivado\\\\tps\\\\win64\\\\cmake-3.24.2\",\n      \"TPS_GIT\": \"C:/Xilinx/2025.1/Vivado\\\\tps\\\\win64\\\\git-2.46.0\",\n      \"TPS_LIBXSLT\": \"C:/Xilinx/2025.1/Vivado\\\\tps\\\\win64\\\\libxslt\",\n      \"TPS_PYTHON\": \"C:/Xilinx/2025.1/Vivado\\\\tps\\\\win64\\\\python-3.13.0\",\n      \"USERDOMAIN\": \"DESKTOP-FV88VMA\",\n      \"USERDOMAIN_ROAMINGPROFILE\": \"DESKTOP-FV88VMA\",\n      \"USERNAME\": \"dkhar\",\n      \"USERPROFILE\": \"C:\\\\Users\\\\dkhar\",\n      \"VALIDATE_ARGS\": \"\\\"False\\\"\",\n      \"VITISNEW\": \"true\",\n      \"VSCODE_API_VERSION\": \"1.95.3\",\n      \"windir\": \"C:\\\\WINDOWS\",\n      \"XILINX_HLS\": \"C:/Xilinx/2025.1/Vitis\",\n      \"XILINX_VCXX\": \"C:/Xilinx/2025.1/Vitis/win64/tools/vcxx\",\n      \"XILINX_VERSION_DEFAULT\": \"2025.1\",\n      \"XILINX_VERSION_VITIS\": \"2025.1\",\n      \"XILINX_VITIS\": \"C:/Xilinx/2025.1/Vitis\",\n      \"XILINX_VITIS_GIT\": \"C:/Xilinx/2025.1/Vivado\\\\tps\\\\win64\\\\git-2.46.0\\\\bin\",\n      \"XILINX_VITIS_VERSION\": \"Vitis v2025.1 (64-bit)\",\n      \"XILINX_VIVADO\": \"C:/Xilinx/2025.1/Vivado\",\n      \"XIL_NO_OVERRIDE\": \"0\",\n      \"XIL_SUPPRESS_OVERRIDE_WARNINGS\": \"1\",\n      \"ZES_ENABLE_SYSMAN\": \"1\",\n      \"_RDI_DONT_SET_XILINX_AS_PATH\": \"True\",\n      \"_RDI_SETENV_RUN\": \"true\"\n    }\n  }\n}"}
2026-03-18 15:42:17 [debug] : Created new task, id: 0, process id: 1931139735, OS PID: 436, context: file:///c%3A/Users/dkhar/OneDrive/Documents/GitHub/ee4218 
2026-03-18 15:42:17 [debug] : task created: {"0":{"taskId":0,"ctx":"file:///c%3A/Users/dkhar/OneDrive/Documents/GitHub/ee4218","config":{"type":"shell","label":"XSDB Console","_scope":2,"problemMatcher":[],"presentation":{"echo":true,"reveal":"silent","focus":true,"panel":"dedicated","showReuseMessage":false,"clear":false,"close":false},"options":{"cwd":"C:\\Users\\dkhar\\.Xilinx\\Vitis\\2025.1\\.vitis"},"args":["/C","C:/Xilinx/2025.1/Vitis\\bin\\xsdb.bat","-n","-interactive","C:\\Users\\dkhar\\.Xilinx\\Vitis\\2025.1\\.vitis\\temp_xsct_launch_script.tcl"],"command":"cmd"},"terminalId":1931139735,"processId":1931139735,"command":"cmd /C C:/Xilinx/2025.1/Vitis\\bin\\xsdb.bat -n -interactive C:\\Users\\dkhar\\.Xilinx\\Vitis\\2025.1\\.vitis\\temp_xsct_launch_script.tcl"}}
2026-03-18 15:42:17 [debug] : getTasks(): about to return task information for 1 tasks 
2026-03-18 15:42:17 [debug] : getTasks(): about to return task information for 1 tasks 
2026-03-18 15:42:17 [debug] : Task created. Task id: 0 
2026-03-18 15:42:18 [debug] : getTasks(): about to return task information for 1 tasks 
2026-03-18 15:42:18 [debug] : release lock 2 
2026-03-18 15:42:24 [debug] : >>>>rigel server service call with : {"0":"XSDB Server URL: TCP:localhost:62576\r\n"}
2026-03-18 15:42:24 [debug] : [Debugger Server] In 'setXsdbServerAddress' with connection:[object Object] request:{"value":"XSDB Server URL: TCP:localhost:62576\r\n"} 
2026-03-18 15:42:24 [debug] : RIGEL SERVER 15:42:24 INFO  : XSDB server has started successfully from frontend. 
2026-03-18 15:42:24 [debug] : RIGEL SERVER 15:42:24 INFO  : It has taken  9secs. 
2026-03-18 15:42:24 [debug] : Received event from notification service: ON_BAREMETAL_DEBUG_PROGRESS. 
2026-03-18 15:42:25 [debug] : RIGEL SERVER 15:42:25 INFO  : Connection to XSDB Server established. 
2026-03-18 15:42:25 [debug] : RIGEL SERVER 15:42:25 INFO  : It has taken  1secs. 
2026-03-18 15:42:25 [debug] : RIGEL SERVER 15:42:25 INFO  : Done 
2026-03-18 15:42:25 [debug] : Received event from notification service: ON_BAREMETAL_DEBUG_PROGRESS. 
2026-03-18 15:42:31 [debug] : RIGEL SERVER 15:42:31 INFO  : connect -url tcp:127.0.0.1:3121 
2026-03-18 15:42:31 [debug] : Received event from notification service: ON_BAREMETAL_DEBUG_PROGRESS. 
2026-03-18 15:43:06 [debug] : Received event from notification service: ON_BAREMETAL_DEBUG_PROGRESS. 
2026-03-18 15:43:06 [debug] : RIGEL SERVER 15:43:06 INFO  : bpremove -all 
2026-03-18 15:43:06 [debug] : Received event from notification service: ON_BAREMETAL_DEBUG_PROGRESS. 
2026-03-18 15:43:06 [debug] : RIGEL SERVER 15:43:06 INFO  : source C:/Xilinx/2025.1/Vitis/scripts/vitis/util/zynqmp_utils.tcl 
2026-03-18 15:43:06 [debug] : Received event from notification service: ON_BAREMETAL_DEBUG_PROGRESS. 
2026-03-18 15:43:16 [debug] : RIGEL SERVER 15:43:16 ERROR : Failed to initialize the hardware Could not find ARM device on the board for connection 'Local'.
Check if the target is in:
1. Split JTAG - No operations are possible with ARM DAP.
2. Non JTAG bootmode - Bootrom may need time to enable DAP.
Please try again.


Troubleshooting hints:
1. Check whether board is connected to system properly.
2. In case of zynq board, check whether Digilent/Xilinx cable switch settings are correct.
3. If you are using Xilinx Platform Cable USB, ensure that status LED is green. 
2026-03-18 15:43:17 [debug] : MonacoEditorModel.cancelSync {"0":"file:///c:/Users/dkhar/OneDrive/Documents/GitHub/ee4218/_ide/logs/vitis.log"}
2026-03-18 15:43:17 [debug] : MonacoEditorModel.doSync - enter {"0":"file:///c:/Users/dkhar/OneDrive/Documents/GitHub/ee4218/_ide/logs/vitis.log"}
2026-03-18 15:43:17 [debug] : MonacoEditorModel.cancelSync {"0":"file:///c:/Users/dkhar/OneDrive/Documents/GitHub/ee4218/_ide/logs/vitis.log"}
2026-03-18 15:43:17 [debug] : MonacoEditorModel.cancelSync {"0":"file:///c:/Users/dkhar/OneDrive/Documents/GitHub/ee4218/_ide/logs/vitis.log"}
2026-03-18 15:43:17 [debug] : MonacoEditorModel.doSync - exit - cancelled while looking for a resource {"0":"file:///c:/Users/dkhar/OneDrive/Documents/GitHub/ee4218/_ide/logs/vitis.log"}
2026-03-18 15:43:17 [debug] : MonacoEditorModel.doSync - enter {"0":"file:///c:/Users/dkhar/OneDrive/Documents/GitHub/ee4218/_ide/logs/vitis.log"}
2026-03-18 15:43:17 [debug] : MonacoEditorModel.doSync - exit - cancelled {"0":"file:///c:/Users/dkhar/OneDrive/Documents/GitHub/ee4218/_ide/logs/vitis.log"}
2026-03-18 15:43:17 [debug] : MonacoEditorModel.doSync - enter {"0":"file:///c:/Users/dkhar/OneDrive/Documents/GitHub/ee4218/_ide/logs/vitis.log"}
2026-03-18 15:43:17 [debug] : MonacoEditorModel.fireDidChangeContent - enter - {
  "changes": [
    {
      "range": {
        "startLineNumber": 139,
        "startColumn": 1,
        "endLineNumber": 139,
        "endColumn": 1
      },
      "rangeLength": 0,
      "text": "15:39:36 INFO  : Domain build successfully\r\n15:39:39 INFO  : Domain build successfully\r\n15:39:39 INFO  : Generating Boot ELFs\r\n15:39:39 INFO  : lopper command to retarget baremetal application :empyro.bat retarget_app -s C:\\Users\\dkhar\\OneDrive\\Documents\\GitHub\\ee4218\\platform\\zynqmp_fsbl -d C:\\Users\\dkhar\\OneDrive\\Documents\\GitHub\\ee4218\\platform\\zynqmp_fsbl\\zynqmp_fsbl_bsp -b C:\\Users\\dkhar\\OneDrive\\Documents\\GitHub\\ee4218\\platform\\zynqmp_fsbl\\build\r\n15:39:39 INFO  : cmd.exe, /C, empyro.bat retarget_app -s C:\\Users\\dkhar\\OneDrive\\Documents\\GitHub\\ee4218\\platform\\zynqmp_fsbl -d C:\\Users\\dkhar\\OneDrive\\Documents\\GitHub\\ee4218\\platform\\zynqmp_fsbl\\zynqmp_fsbl_bsp -b C:\\Users\\dkhar\\OneDrive\\Documents\\GitHub\\ee4218\\platform\\zynqmp_fsbl\\build\r\n15:39:42 INFO  : [INFO]: Retargeting app\r\n15:39:42 INFO  : [INFO]: Updating link libraries based on new domain\r\n15:39:42 INFO  : Successfully retargeted Application C:\\Users\\dkhar\\OneDrive\\Documents\\GitHub\\ee4218\\platform\\zynqmp_fsbl\r\n15:39:42 INFO  : lopper command to build baremetal application :empyro.bat build_app --src_dir C:\\Users\\dkhar\\OneDrive\\Documents\\GitHub\\ee4218\\platform\\zynqmp_fsbl --build_dir C:\\Users\\dkhar\\OneDrive\\Documents\\GitHub\\ee4218\\platform\\zynqmp_fsbl\\build\r\n15:39:42 INFO  : cmd.exe, /C, empyro.bat build_app --src_dir C:\\Users\\dkhar\\OneDrive\\Documents\\GitHub\\ee4218\\platform\\zynqmp_fsbl --build_dir C:\\Users\\dkhar\\OneDrive\\Documents\\GitHub\\ee4218\\platform\\zynqmp_fsbl\\build\r\n15:40:10 INFO  : Successfully building the baremetal applicationC:\\Users\\dkhar\\OneDrive\\Documents\\GitHub\\ee4218\\platform\\zynqmp_fsbl\\build\r\n15:40:10 INFO  : Generating Export directory\r\n15:40:11 INFO  : Platform Build Finished successfully.\r\n15:40:11 INFO  : lopper command to retarget baremetal application :empyro.bat retarget_app -s c:\\Users\\dkhar\\OneDrive\\Documents\\GitHub\\ee4218\\xuartps_hello_world_example\\src -d C:\\Users\\dkhar\\OneDrive\\Documents\\GitHub\\ee4218\\platform\\export\\platform\\sw\\standalone_psu_cortexa53_0 -b c:\\Users\\dkhar\\OneDrive\\Documents\\GitHub\\ee4218\\xuartps_hello_world_example\\build\r\n15:40:11 INFO  : cmd.exe, /C, empyro.bat retarget_app -s c:\\Users\\dkhar\\OneDrive\\Documents\\GitHub\\ee4218\\xuartps_hello_world_example\\src -d C:\\Users\\dkhar\\OneDrive\\Documents\\GitHub\\ee4218\\platform\\export\\platform\\sw\\standalone_psu_cortexa53_0 -b c:\\Users\\dkhar\\OneDrive\\Documents\\GitHub\\ee4218\\xuartps_hello_world_example\\build\r\n15:40:13 INFO  : [INFO]: Retargeting app\r\n15:40:13 INFO  : [INFO]: Updating link libraries based on new domain\r\n15:40:13 INFO  : Successfully retargeted Application c:\\Users\\dkhar\\OneDrive\\Documents\\GitHub\\ee4218\\xuartps_hello_world_example\\src\r\n15:40:13 INFO  : cmd.exe, /C, empyro.bat build_app -s c:\\Users\\dkhar\\OneDrive\\Documents\\GitHub\\ee4218\\xuartps_hello_world_example\\src -b c:\\Users\\dkhar\\OneDrive\\Documents\\GitHub\\ee4218\\xuartps_hello_world_example\\build\r\n15:42:24 INFO  : XSDB server has started successfully from frontend.\r\n15:42:24 INFO  : It has taken  9secs.\r\n15:42:25 INFO  : Connection to XSDB Server established.\r\n15:42:25 INFO  : It has taken  1secs.\r\n15:42:25 INFO  : Done\r\n15:42:31 INFO  : connect -url tcp:127.0.0.1:3121\r\n15:43:06 INFO  : bpremove -all\r\n15:43:06 INFO  : source C:/Xilinx/2025.1/Vitis/scripts/vitis/util/zynqmp_utils.tcl\r\n15:43:16 ERROR : Failed to initialize the hardware Could not find ARM device on the board for connection 'Local'.\r\nCheck if the target is in:\r\n1. Split JTAG - No operations are possible with ARM DAP.\r\n2. Non JTAG bootmode - Bootrom may need time to enable DAP.\r\nPlease try again.\r\n\r\n\r\nTroubleshooting hints:\r\n1. Check whether board is connected to system properly.\r\n2. In case of zynq board, check whether Digilent/Xilinx cable switch settings are correct.\r\n3. If you are using Xilinx Platform Cable USB, ensure that status LED is green.\r\n",
      "rangeOffset": 16860,
      "forceMoveMarkers": true
    }
  ],
  "eol": "\r\n",
  "isEolChange": false,
  "versionId": 4,
  "isUndoing": false,
  "isRedoing": false,
  "isFlush": false
} {"0":"file:///c:/Users/dkhar/OneDrive/Documents/GitHub/ee4218/_ide/logs/vitis.log"}
2026-03-18 15:43:17 [debug] : MonacoEditorModel.markAsDirty - enter {"0":"file:///c:/Users/dkhar/OneDrive/Documents/GitHub/ee4218/_ide/logs/vitis.log"}
2026-03-18 15:43:17 [debug] : MonacoEditorModel.markAsDirty - exit - ignoring dirty changes enabled {"0":"file:///c:/Users/dkhar/OneDrive/Documents/GitHub/ee4218/_ide/logs/vitis.log"}
2026-03-18 15:43:17 [debug] : MonacoEditorModel.fireDidChangeContent - exit {"0":"file:///c:/Users/dkhar/OneDrive/Documents/GitHub/ee4218/_ide/logs/vitis.log"}
2026-03-18 15:43:17 [debug] : MonacoEditorModel.doSync - exit {"0":"file:///c:/Users/dkhar/OneDrive/Documents/GitHub/ee4218/_ide/logs/vitis.log"}
2026-03-18 15:44:28 [debug] : MonacoEditorModel.cancelSync {"0":"vscode://schemas/launch"}
2026-03-18 15:44:28 [debug] : MonacoEditorModel.cancelSave {"0":"vscode://schemas/launch"}
2026-03-18 15:47:18 [debug] : Widget was activated, but did not accept focus after 2000ms: memory-view-wrapper-1 
2026-03-18 15:47:22 [debug] : [Debugger Server] In 'setupSystemLaunchJson' with connection:[object Object] request:{"applicationpath":"","componentpath":"C:\\Users\\dkhar\\OneDrive\\Documents\\GitHub\\ee4218\\xuartps_hello_world_example","createnew":false,"emulatorstarted":false,"debugport":"","target":"","debug":false,"launchname":"xuartps_hello_world_example_app_hw_1","qemugdbport":"","plmgdbport":""} 
2026-03-18 15:47:22 [debug] : Received event from notification service: ON_BAREMETAL_DEBUG_PROGRESS. 
2026-03-18 15:47:22 [debug] : RIGEL SERVER 15:47:22 INFO  : connect -url tcp:127.0.0.1:3121 
2026-03-18 15:47:22 [debug] : Received event from notification service: ON_BAREMETAL_DEBUG_PROGRESS. 
2026-03-18 15:47:22 [debug] : RIGEL SERVER 15:47:22 INFO  : bpremove -all 
2026-03-18 15:47:22 [debug] : Received event from notification service: ON_BAREMETAL_DEBUG_PROGRESS. 
2026-03-18 15:47:22 [debug] : Received event from notification service: ON_BAREMETAL_DEBUG_PROGRESS. 
2026-03-18 15:47:22 [debug] : RIGEL SERVER 15:47:22 INFO  : source C:/Xilinx/2025.1/Vitis/scripts/vitis/util/zynqmp_utils.tcl 
2026-03-18 15:47:22 [debug] : Received event from notification service: ON_BAREMETAL_DEBUG_PROGRESS. 
2026-03-18 15:47:31 [debug] : RIGEL SERVER 15:47:31 ERROR : Failed to initialize the hardware Could not find ARM device on the board for connection 'Local'.
Check if the target is in:
1. Split JTAG - No operations are possible with ARM DAP.
2. Non JTAG bootmode - Bootrom may need time to enable DAP.
Please try again.


Troubleshooting hints:
1. Check whether board is connected to system properly.
2. In case of zynq board, check whether Digilent/Xilinx cable switch settings are correct.
3. If you are using Xilinx Platform Cable USB, ensure that status LED is green. 
2026-03-18 15:52:42 [debug] : [ProjectDecorator] tree decoration updated 
2026-03-18 15:52:42 [debug] : [ProjectCache] Project location updated to C:\Users\dkhar\OneDrive\Documents\GitHub\ee4218\platform 
2026-03-18 15:53:07 [debug] : [ProjectDecorator] tree decoration updated 
2026-03-18 15:53:07 [debug] : [ProjectCache] Project location updated to C:\Users\dkhar\OneDrive\Documents\GitHub\ee4218\xuartps_hello_world_example 
2026-03-18 15:55:10 [debug] : [Repository Server] Executing method:listRepoPaths with connection:(object). {"0":"request:","1":{"name":""}}
2026-03-18 15:55:10 [debug] : [Repository Service] Executing method:listRepoPaths from frontend. {"0":"request:","1":{"name":""}}
2026-03-18 15:55:10 [debug] : [Repository Service] Executing method:listRepoPaths from frontend. {"0":"request:","1":{"name":""}}
2026-03-18 15:55:10 [debug] : [Repository Server] Executing method:listRepoPaths with connection:(object). {"0":"request:","1":{"name":""}}
2026-03-18 15:55:10 [debug] : [Repository Server] Executing method:listPlatforms with connection:(object). {"0":"request:","1":{"name":"","repoPath":"","ignoreCertifiedRequisite":true,"flowList":[]}}
2026-03-18 15:55:10 [debug] : [Repository Service] Executing method:listPlatforms from frontend. {"0":"request:","1":{"name":"","repoPath":"","ignoreCertifiedRequisite":true,"flowList":[]}}
2026-03-18 15:55:10 [debug] : [Repository Service] Executing method:listPlatforms from frontend. {"0":"request:","1":{"name":"","repoPath":"","ignoreCertifiedRequisite":true,"flowList":[]}}
2026-03-18 15:55:10 [debug] : [Repository Server] Executing method:listPlatforms with connection:(object). {"0":"request:","1":{"name":"","repoPath":"","ignoreCertifiedRequisite":true,"flowList":[]}}
2026-03-18 15:55:21 [debug] : [Repository Server] Executing method:validatePlatform with connection:(object). {"0":"request:","1":{"platformPath":"C:\\Users\\dkhar\\OneDrive\\Documents\\GitHub\\ee4218\\platform\\export\\platform\\platform.xpfm"}}
2026-03-18 15:55:21 [debug] : [Repository Service] Executing method:validatePlatform from frontend. {"0":"request:","1":{"platformPath":"C:\\Users\\dkhar\\OneDrive\\Documents\\GitHub\\ee4218\\platform\\export\\platform\\platform.xpfm"}}
2026-03-18 15:55:21 [debug] : [Repository Server] Executing method:getFilteredPlatformDomains with connection:(object). {"0":"request:","1":{"platformPath":"C:\\Users\\dkhar\\OneDrive\\Documents\\GitHub\\ee4218\\platform\\export\\platform\\platform.xpfm","supportedOsList":[],"supportedCputypeList":[]}}
2026-03-18 15:55:21 [debug] : [Repository Service] Executing method:getFilteredPlatformDomains from frontend. {"0":"request:"}
2026-03-18 15:55:21 [debug] : [Platform Server] Executing method:[validateBSP] with connection:(object). {"0":"request:","1":{"wrappers_":{},"arrayIndexOffset_":-1,"array":["C:\\Users\\dkhar\\OneDrive\\Documents\\GitHub\\ee4218\\platform\\export\\platform\\platform.xpfm","standalone_psu_cortexa53_0",null],"pivot_":1.7976931348623157e+308,"convertedPrimitiveFields_":{}}}
2026-03-18 15:55:22 [debug] : RIGEL SERVER 15:55:22 INFO  : cmd.exe, /C, empyro.bat validate_bsp -t empty_application -d C:\Users\dkhar\OneDrive\Documents\GitHub\ee4218\platform\export\platform\sw\standalone_psu_cortexa53_0 -r C:\Users\dkhar\OneDrive\Documents\GitHub\ee4218\_ide\.wsdata\.repo.yaml 
2026-03-18 15:55:25 [debug] : MonacoEditorModel.cancelSync {"0":"file:///c:/Users/dkhar/OneDrive/Documents/GitHub/ee4218/_ide/logs/vitis.log"}
2026-03-18 15:55:25 [debug] : MonacoEditorModel.doSync - enter {"0":"file:///c:/Users/dkhar/OneDrive/Documents/GitHub/ee4218/_ide/logs/vitis.log"}
2026-03-18 15:55:25 [debug] : MonacoEditorModel.cancelSync {"0":"file:///c:/Users/dkhar/OneDrive/Documents/GitHub/ee4218/_ide/logs/vitis.log"}
2026-03-18 15:55:25 [debug] : MonacoEditorModel.cancelSync {"0":"file:///c:/Users/dkhar/OneDrive/Documents/GitHub/ee4218/_ide/logs/vitis.log"}
2026-03-18 15:55:25 [debug] : MonacoEditorModel.doSync - exit - cancelled while looking for a resource {"0":"file:///c:/Users/dkhar/OneDrive/Documents/GitHub/ee4218/_ide/logs/vitis.log"}
2026-03-18 15:55:25 [debug] : MonacoEditorModel.doSync - enter {"0":"file:///c:/Users/dkhar/OneDrive/Documents/GitHub/ee4218/_ide/logs/vitis.log"}
2026-03-18 15:55:25 [debug] : MonacoEditorModel.doSync - exit - cancelled {"0":"file:///c:/Users/dkhar/OneDrive/Documents/GitHub/ee4218/_ide/logs/vitis.log"}
2026-03-18 15:55:25 [debug] : MonacoEditorModel.doSync - enter {"0":"file:///c:/Users/dkhar/OneDrive/Documents/GitHub/ee4218/_ide/logs/vitis.log"}
2026-03-18 15:55:25 [debug] : MonacoEditorModel.fireDidChangeContent - enter - {
  "changes": [
    {
      "range": {
        "startLineNumber": 177,
        "startColumn": 1,
        "endLineNumber": 177,
        "endColumn": 1
      },
      "rangeLength": 0,
      "text": "15:47:22 INFO  : connect -url tcp:127.0.0.1:3121\r\n15:47:22 INFO  : bpremove -all\r\n15:47:22 INFO  : source C:/Xilinx/2025.1/Vitis/scripts/vitis/util/zynqmp_utils.tcl\r\n15:47:31 ERROR : Failed to initialize the hardware Could not find ARM device on the board for connection 'Local'.\r\nCheck if the target is in:\r\n1. Split JTAG - No operations are possible with ARM DAP.\r\n2. Non JTAG bootmode - Bootrom may need time to enable DAP.\r\nPlease try again.\r\n\r\n\r\nTroubleshooting hints:\r\n1. Check whether board is connected to system properly.\r\n2. In case of zynq board, check whether Digilent/Xilinx cable switch settings are correct.\r\n3. If you are using Xilinx Platform Cable USB, ensure that status LED is green.\r\n15:55:22 INFO  : cmd.exe, /C, empyro.bat validate_bsp -t empty_application -d C:\\Users\\dkhar\\OneDrive\\Documents\\GitHub\\ee4218\\platform\\export\\platform\\sw\\standalone_psu_cortexa53_0 -r C:\\Users\\dkhar\\OneDrive\\Documents\\GitHub\\ee4218\\_ide\\.wsdata\\.repo.yaml\r\n",
      "rangeOffset": 20651,
      "forceMoveMarkers": true
    }
  ],
  "eol": "\r\n",
  "isEolChange": false,
  "versionId": 5,
  "isUndoing": false,
  "isRedoing": false,
  "isFlush": false
} {"0":"file:///c:/Users/dkhar/OneDrive/Documents/GitHub/ee4218/_ide/logs/vitis.log"}
2026-03-18 15:55:25 [debug] : MonacoEditorModel.markAsDirty - enter {"0":"file:///c:/Users/dkhar/OneDrive/Documents/GitHub/ee4218/_ide/logs/vitis.log"}
2026-03-18 15:55:25 [debug] : MonacoEditorModel.markAsDirty - exit - ignoring dirty changes enabled {"0":"file:///c:/Users/dkhar/OneDrive/Documents/GitHub/ee4218/_ide/logs/vitis.log"}
2026-03-18 15:55:25 [debug] : MonacoEditorModel.fireDidChangeContent - exit {"0":"file:///c:/Users/dkhar/OneDrive/Documents/GitHub/ee4218/_ide/logs/vitis.log"}
2026-03-18 15:55:25 [debug] : MonacoEditorModel.doSync - exit {"0":"file:///c:/Users/dkhar/OneDrive/Documents/GitHub/ee4218/_ide/logs/vitis.log"}
2026-03-18 15:55:28 [debug] : RIGEL SERVER 15:55:28 INFO  : Successfully validated template empty_application 
2026-03-18 15:55:30 [debug] : MonacoEditorModel.cancelSync {"0":"file:///c:/Users/dkhar/OneDrive/Documents/GitHub/ee4218/_ide/logs/vitis.log"}
2026-03-18 15:55:30 [debug] : MonacoEditorModel.doSync - enter {"0":"file:///c:/Users/dkhar/OneDrive/Documents/GitHub/ee4218/_ide/logs/vitis.log"}
2026-03-18 15:55:30 [debug] : MonacoEditorModel.cancelSync {"0":"file:///c:/Users/dkhar/OneDrive/Documents/GitHub/ee4218/_ide/logs/vitis.log"}
2026-03-18 15:55:30 [debug] : MonacoEditorModel.cancelSync {"0":"file:///c:/Users/dkhar/OneDrive/Documents/GitHub/ee4218/_ide/logs/vitis.log"}
2026-03-18 15:55:30 [debug] : MonacoEditorModel.doSync - exit - cancelled while looking for a resource {"0":"file:///c:/Users/dkhar/OneDrive/Documents/GitHub/ee4218/_ide/logs/vitis.log"}
2026-03-18 15:55:30 [debug] : MonacoEditorModel.doSync - enter {"0":"file:///c:/Users/dkhar/OneDrive/Documents/GitHub/ee4218/_ide/logs/vitis.log"}
2026-03-18 15:55:30 [debug] : MonacoEditorModel.doSync - exit - cancelled {"0":"file:///c:/Users/dkhar/OneDrive/Documents/GitHub/ee4218/_ide/logs/vitis.log"}
2026-03-18 15:55:30 [debug] : MonacoEditorModel.doSync - enter {"0":"file:///c:/Users/dkhar/OneDrive/Documents/GitHub/ee4218/_ide/logs/vitis.log"}
2026-03-18 15:55:30 [debug] : MonacoEditorModel.fireDidChangeContent - enter - {
  "changes": [
    {
      "range": {
        "startLineNumber": 192,
        "startColumn": 1,
        "endLineNumber": 192,
        "endColumn": 1
      },
      "rangeLength": 0,
      "text": "15:55:28 INFO  : Successfully validated template empty_application\r\n",
      "rangeOffset": 21613,
      "forceMoveMarkers": true
    }
  ],
  "eol": "\r\n",
  "isEolChange": false,
  "versionId": 6,
  "isUndoing": false,
  "isRedoing": false,
  "isFlush": false
} {"0":"file:///c:/Users/dkhar/OneDrive/Documents/GitHub/ee4218/_ide/logs/vitis.log"}
2026-03-18 15:55:30 [debug] : MonacoEditorModel.markAsDirty - enter {"0":"file:///c:/Users/dkhar/OneDrive/Documents/GitHub/ee4218/_ide/logs/vitis.log"}
2026-03-18 15:55:30 [debug] : MonacoEditorModel.markAsDirty - exit - ignoring dirty changes enabled {"0":"file:///c:/Users/dkhar/OneDrive/Documents/GitHub/ee4218/_ide/logs/vitis.log"}
2026-03-18 15:55:30 [debug] : MonacoEditorModel.fireDidChangeContent - exit {"0":"file:///c:/Users/dkhar/OneDrive/Documents/GitHub/ee4218/_ide/logs/vitis.log"}
2026-03-18 15:55:30 [debug] : MonacoEditorModel.doSync - exit {"0":"file:///c:/Users/dkhar/OneDrive/Documents/GitHub/ee4218/_ide/logs/vitis.log"}
2026-03-18 15:55:51 [debug] : Executing method:[createComponentProject] with connection:(object). {"0":"request:","1":{"wrappers_":{"13":{"wrappers_":null,"arrayIndexOffset_":-1,"array":[["part=xcvu9p-flga2104-2-i","","[hls]","flow_target=vivado","package.output.format=ip_catalog","package.output.syn=false"]],"pivot_":1.7976931348623157e+308,"convertedPrimitiveFields_":{}}},"arrayIndexOffset_":-1,"array":["lab_2","C:\\Users\\dkhar\\OneDrive\\Documents\\GitHub\\ee4218\\lab_2",3,"C:\\Users\\dkhar\\OneDrive\\Documents\\GitHub\\ee4218\\platform\\export\\platform\\platform.xpfm",null,"standalone_psu_cortexa53_0","psu_cortexa53_0","standalone",null,"cortex-a53","standalone_psu_cortexa53_0",[],[["part=xcvu9p-flga2104-2-i","","[hls]","flow_target=vivado","package.output.format=ip_catalog","package.output.syn=false"]],null,null,null,null,null],"pivot_":1.7976931348623157e+308,"convertedPrimitiveFields_":{}}}
2026-03-18 15:55:51 [debug] : RIGEL SERVER 15:55:51 INFO  : lopper command to create baremetal application :empyro.bat create_app --src_dir C:\Users\dkhar\OneDrive\Documents\GitHub\ee4218\lab_2\src -t empty_application -d C:\Users\dkhar\OneDrive\Documents\GitHub\ee4218\platform\export\platform\sw\standalone_psu_cortexa53_0 -n lab_2 -r C:\Users\dkhar\OneDrive\Documents\GitHub\ee4218\_ide\.wsdata\.repo.yaml 
2026-03-18 15:55:51 [debug] : RIGEL SERVER 15:55:51 INFO  : cmd.exe, /C, empyro.bat validate_bsp -t empty_application -d C:\Users\dkhar\OneDrive\Documents\GitHub\ee4218\platform\export\platform\sw\standalone_psu_cortexa53_0 -r C:\Users\dkhar\OneDrive\Documents\GitHub\ee4218\_ide\.wsdata\.repo.yaml 
2026-03-18 15:55:52 [debug] : MonacoEditorModel.cancelSync {"0":"file:///c:/Users/dkhar/OneDrive/Documents/GitHub/ee4218/_ide/logs/vitis.log"}
2026-03-18 15:55:52 [debug] : MonacoEditorModel.doSync - enter {"0":"file:///c:/Users/dkhar/OneDrive/Documents/GitHub/ee4218/_ide/logs/vitis.log"}
2026-03-18 15:55:52 [debug] : MonacoEditorModel.cancelSync {"0":"file:///c:/Users/dkhar/OneDrive/Documents/GitHub/ee4218/_ide/logs/vitis.log"}
2026-03-18 15:55:52 [debug] : MonacoEditorModel.cancelSync {"0":"file:///c:/Users/dkhar/OneDrive/Documents/GitHub/ee4218/_ide/logs/vitis.log"}
2026-03-18 15:55:52 [debug] : MonacoEditorModel.doSync - exit - cancelled while looking for a resource {"0":"file:///c:/Users/dkhar/OneDrive/Documents/GitHub/ee4218/_ide/logs/vitis.log"}
2026-03-18 15:55:52 [debug] : MonacoEditorModel.doSync - enter {"0":"file:///c:/Users/dkhar/OneDrive/Documents/GitHub/ee4218/_ide/logs/vitis.log"}
2026-03-18 15:55:52 [debug] : MonacoEditorModel.doSync - exit - cancelled {"0":"file:///c:/Users/dkhar/OneDrive/Documents/GitHub/ee4218/_ide/logs/vitis.log"}
2026-03-18 15:55:52 [debug] : MonacoEditorModel.doSync - enter {"0":"file:///c:/Users/dkhar/OneDrive/Documents/GitHub/ee4218/_ide/logs/vitis.log"}
2026-03-18 15:55:52 [debug] : MonacoEditorModel.fireDidChangeContent - enter - {
  "changes": [
    {
      "range": {
        "startLineNumber": 193,
        "startColumn": 1,
        "endLineNumber": 193,
        "endColumn": 1
      },
      "rangeLength": 0,
      "text": "15:55:51 INFO  : lopper command to create baremetal application :empyro.bat create_app --src_dir C:\\Users\\dkhar\\OneDrive\\Documents\\GitHub\\ee4218\\lab_2\\src -t empty_application -d C:\\Users\\dkhar\\OneDrive\\Documents\\GitHub\\ee4218\\platform\\export\\platform\\sw\\standalone_psu_cortexa53_0 -n lab_2 -r C:\\Users\\dkhar\\OneDrive\\Documents\\GitHub\\ee4218\\_ide\\.wsdata\\.repo.yaml\r\n15:55:51 INFO  : cmd.exe, /C, empyro.bat validate_bsp -t empty_application -d C:\\Users\\dkhar\\OneDrive\\Documents\\GitHub\\ee4218\\platform\\export\\platform\\sw\\standalone_psu_cortexa53_0 -r C:\\Users\\dkhar\\OneDrive\\Documents\\GitHub\\ee4218\\_ide\\.wsdata\\.repo.yaml\r\n",
      "rangeOffset": 21681,
      "forceMoveMarkers": true
    }
  ],
  "eol": "\r\n",
  "isEolChange": false,
  "versionId": 7,
  "isUndoing": false,
  "isRedoing": false,
  "isFlush": false
} {"0":"file:///c:/Users/dkhar/OneDrive/Documents/GitHub/ee4218/_ide/logs/vitis.log"}
2026-03-18 15:55:52 [debug] : MonacoEditorModel.markAsDirty - enter {"0":"file:///c:/Users/dkhar/OneDrive/Documents/GitHub/ee4218/_ide/logs/vitis.log"}
2026-03-18 15:55:52 [debug] : MonacoEditorModel.markAsDirty - exit - ignoring dirty changes enabled {"0":"file:///c:/Users/dkhar/OneDrive/Documents/GitHub/ee4218/_ide/logs/vitis.log"}
2026-03-18 15:55:52 [debug] : MonacoEditorModel.fireDidChangeContent - exit {"0":"file:///c:/Users/dkhar/OneDrive/Documents/GitHub/ee4218/_ide/logs/vitis.log"}
2026-03-18 15:55:52 [debug] : MonacoEditorModel.doSync - exit {"0":"file:///c:/Users/dkhar/OneDrive/Documents/GitHub/ee4218/_ide/logs/vitis.log"}
2026-03-18 15:55:54 [debug] : RIGEL SERVER 15:55:54 INFO  : Successfully validated template empty_application 
2026-03-18 15:55:54 [debug] : RIGEL SERVER 15:55:54 INFO  : cmd.exe, /C, empyro.bat create_app --src_dir C:\Users\dkhar\OneDrive\Documents\GitHub\ee4218\lab_2\src -t empty_application -d C:\Users\dkhar\OneDrive\Documents\GitHub\ee4218\platform\export\platform\sw\standalone_psu_cortexa53_0 -n lab_2 -r C:\Users\dkhar\OneDrive\Documents\GitHub\ee4218\_ide\.wsdata\.repo.yaml 
2026-03-18 15:55:56 [debug] : MonacoEditorModel.cancelSync {"0":"file:///c:/Users/dkhar/OneDrive/Documents/GitHub/ee4218/_ide/logs/vitis.log"}
2026-03-18 15:55:56 [debug] : MonacoEditorModel.doSync - enter {"0":"file:///c:/Users/dkhar/OneDrive/Documents/GitHub/ee4218/_ide/logs/vitis.log"}
2026-03-18 15:55:56 [debug] : MonacoEditorModel.cancelSync {"0":"file:///c:/Users/dkhar/OneDrive/Documents/GitHub/ee4218/_ide/logs/vitis.log"}
2026-03-18 15:55:56 [debug] : MonacoEditorModel.cancelSync {"0":"file:///c:/Users/dkhar/OneDrive/Documents/GitHub/ee4218/_ide/logs/vitis.log"}
2026-03-18 15:55:56 [debug] : MonacoEditorModel.doSync - exit - cancelled while looking for a resource {"0":"file:///c:/Users/dkhar/OneDrive/Documents/GitHub/ee4218/_ide/logs/vitis.log"}
2026-03-18 15:55:56 [debug] : MonacoEditorModel.doSync - enter {"0":"file:///c:/Users/dkhar/OneDrive/Documents/GitHub/ee4218/_ide/logs/vitis.log"}
2026-03-18 15:55:56 [debug] : MonacoEditorModel.doSync - exit - cancelled {"0":"file:///c:/Users/dkhar/OneDrive/Documents/GitHub/ee4218/_ide/logs/vitis.log"}
2026-03-18 15:55:56 [debug] : MonacoEditorModel.doSync - enter {"0":"file:///c:/Users/dkhar/OneDrive/Documents/GitHub/ee4218/_ide/logs/vitis.log"}
2026-03-18 15:55:56 [debug] : MonacoEditorModel.fireDidChangeContent - enter - {
  "changes": [
    {
      "range": {
        "startLineNumber": 195,
        "startColumn": 1,
        "endLineNumber": 195,
        "endColumn": 1
      },
      "rangeLength": 0,
      "text": "15:55:54 INFO  : Successfully validated template empty_application\r\n15:55:54 INFO  : cmd.exe, /C, empyro.bat create_app --src_dir C:\\Users\\dkhar\\OneDrive\\Documents\\GitHub\\ee4218\\lab_2\\src -t empty_application -d C:\\Users\\dkhar\\OneDrive\\Documents\\GitHub\\ee4218\\platform\\export\\platform\\sw\\standalone_psu_cortexa53_0 -n lab_2 -r C:\\Users\\dkhar\\OneDrive\\Documents\\GitHub\\ee4218\\_ide\\.wsdata\\.repo.yaml\r\n",
      "rangeOffset": 22305,
      "forceMoveMarkers": true
    }
  ],
  "eol": "\r\n",
  "isEolChange": false,
  "versionId": 8,
  "isUndoing": false,
  "isRedoing": false,
  "isFlush": false
} {"0":"file:///c:/Users/dkhar/OneDrive/Documents/GitHub/ee4218/_ide/logs/vitis.log"}
2026-03-18 15:55:56 [debug] : MonacoEditorModel.markAsDirty - enter {"0":"file:///c:/Users/dkhar/OneDrive/Documents/GitHub/ee4218/_ide/logs/vitis.log"}
2026-03-18 15:55:56 [debug] : MonacoEditorModel.markAsDirty - exit - ignoring dirty changes enabled {"0":"file:///c:/Users/dkhar/OneDrive/Documents/GitHub/ee4218/_ide/logs/vitis.log"}
2026-03-18 15:55:56 [debug] : MonacoEditorModel.fireDidChangeContent - exit {"0":"file:///c:/Users/dkhar/OneDrive/Documents/GitHub/ee4218/_ide/logs/vitis.log"}
2026-03-18 15:55:56 [debug] : MonacoEditorModel.doSync - exit {"0":"file:///c:/Users/dkhar/OneDrive/Documents/GitHub/ee4218/_ide/logs/vitis.log"}
2026-03-18 15:56:03 [debug] : [ProjectDecorator] tree decoration updated 
2026-03-18 15:56:03 [debug] : [ProjectCache] Project location updated to C:\Users\dkhar\OneDrive\Documents\GitHub\ee4218\platform 
2026-03-18 15:56:08 [debug] : RIGEL SERVER 15:56:08 INFO  : [INFO]: Generating Linker script for empty_application 
2026-03-18 15:56:08 [debug] : RIGEL SERVER 15:56:08 INFO  : [INFO]: Successfully Created Application sources at C:/Users/dkhar/OneDrive/Documents/GitHub/ee4218/lab_2/src
15:56:08 INFO  : Successfully created Application C:\Users\dkhar\OneDrive\Documents\GitHub\ee4218\lab_2\src 
2026-03-18 15:56:08 [debug] : RIGEL SERVER 15:56:08 INFO  : created .gitignore file for the project C:\Users\dkhar\OneDrive\Documents\GitHub\ee4218\lab_2 
2026-03-18 15:56:08 [debug] : Received event from notification service: ON_DID_CREATE_COMPONENT. 
2026-03-18 15:56:08 [debug] : RIGEL SERVER 15:56:08 INFO  : The hardware specification used by project 'C:\Users\dkhar\OneDrive\Documents\GitHub\ee4218\lab_2' is out of sync with the platform. Resource files extracted from the hardware specification will be updated. 
2026-03-18 15:56:08 [debug] : RIGEL SERVER 15:56:08 INFO  : The updated bitstream files are copied from platform to folder 'C:\Users\dkhar\OneDrive\Documents\GitHub\ee4218\lab_2\_ide\bitstream' in project 'C:\Users\dkhar\OneDrive\Documents\GitHub\ee4218\lab_2'. 
2026-03-18 15:56:08 [debug] : RIGEL SERVER 15:56:08 INFO  : The updated ps init files are copied from platform to folder 'C:\Users\dkhar\OneDrive\Documents\GitHub\ee4218\lab_2\_ide\psinit' in project 'C:\Users\dkhar\OneDrive\Documents\GitHub\ee4218\lab_2'. 
2026-03-18 15:56:08 [debug] : [ProjectCache] fetching projects for project-cache 
2026-03-18 15:56:08 [debug] : [ProjectDecorator] tree decoration updated 
2026-03-18 15:56:08 [debug] : [Platform Provider] updating project C:\Users\dkhar\OneDrive\Documents\GitHub\ee4218\platform 
2026-03-18 15:56:08 [debug] : [Component Provider] updating project C:\Users\dkhar\OneDrive\Documents\GitHub\ee4218\xuartps_hello_world_example 
2026-03-18 15:56:08 [debug] : [ProjectDecorator] tree decoration updated 
2026-03-18 15:56:08 [debug] : [ProjectCache] Project location updated to C:\Users\dkhar\OneDrive\Documents\GitHub\ee4218\lab_2 
2026-03-18 15:56:08 [debug] : [Platform Server] Executing method:[listDomains] with connection:(object). {"0":"request:","1":{"wrappers_":null,"arrayIndexOffset_":-1,"array":["C:\\Users\\dkhar\\OneDrive\\Documents\\GitHub\\ee4218\\platform"],"pivot_":1.7976931348623157e+308,"convertedPrimitiveFields_":{}}}
2026-03-18 15:56:08 [debug] : [Platform Provider] project updated C:\Users\dkhar\OneDrive\Documents\GitHub\ee4218\platform {"0":{"platformName":"platform","platformDescription":"","platformLocation":"C:\\Users\\dkhar\\OneDrive\\Documents\\GitHub\\ee4218\\platform","xsaPath":"C:\\Users\\dkhar\\OneDrive\\Documents\\GitHub\\ee4218\\lab2\\hw\\lab2.xsa","xsapathinplatform":"platform\\hw\\lab2.xsa","isCustomFsbl":false,"fsblPath":"","pmufwElf":"","supportedFamily":"zynquplus","flow":3,"emulationXsaPath":"","emulationXsaPathInPlatform":"","stdGenHooksList":[]}}
2026-03-18 15:56:08 [debug] : [Component Provider] project updated C:\Users\dkhar\OneDrive\Documents\GitHub\ee4218\xuartps_hello_world_example 
2026-03-18 15:56:08 [debug] : [Component Provider] updating project C:\Users\dkhar\OneDrive\Documents\GitHub\ee4218\lab_2 
2026-03-18 15:56:08 [debug] : [Component Provider] project updated C:\Users\dkhar\OneDrive\Documents\GitHub\ee4218\lab_2 
2026-03-18 15:56:09 [debug] : [Repository Server] Executing method:getHwPlatform with connection:(object). {"0":"request:","1":{"platformPath":"C:\\Users\\dkhar\\OneDrive\\Documents\\GitHub\\ee4218\\platform\\export\\platform\\platform.xpfm"}}
2026-03-18 15:56:09 [debug] : [Repository Server] Executing method:getSwPlatform with connection:(object). {"0":"request:","1":{"platformPath":"C:\\Users\\dkhar\\OneDrive\\Documents\\GitHub\\ee4218\\platform\\export\\platform\\platform.xpfm"}}
2026-03-18 15:56:09 [debug] : [Repository Server] Executing method:getHwPlatformImg with connection:(object). {"0":"request:","1":"C:/Users/dkhar/OneDrive/Documents/GitHub/ee4218/platform/export/platform/hw/lab2.xsa"}
2026-03-18 15:56:10 [debug] : MonacoEditorModel.cancelSync {"0":"file:///c:/Users/dkhar/OneDrive/Documents/GitHub/ee4218/_ide/logs/vitis.log"}
2026-03-18 15:56:10 [debug] : MonacoEditorModel.doSync - enter {"0":"file:///c:/Users/dkhar/OneDrive/Documents/GitHub/ee4218/_ide/logs/vitis.log"}
2026-03-18 15:56:10 [debug] : MonacoEditorModel.fireDidChangeContent - enter - {
  "changes": [
    {
      "range": {
        "startLineNumber": 197,
        "startColumn": 1,
        "endLineNumber": 197,
        "endColumn": 1
      },
      "rangeLength": 0,
      "text": "15:56:08 INFO  : [INFO]: Generating Linker script for empty_application\r\n15:56:08 INFO  : [INFO]: Successfully Created Application sources at C:/Users/dkhar/OneDrive/Documents/GitHub/ee4218/lab_2/src\r\n15:56:08 INFO  : Successfully created Application C:\\Users\\dkhar\\OneDrive\\Documents\\GitHub\\ee4218\\lab_2\\src\r\n15:56:08 INFO  : created .gitignore file for the project C:\\Users\\dkhar\\OneDrive\\Documents\\GitHub\\ee4218\\lab_2\r\n15:56:08 INFO  : The hardware specification used by project 'C:\\Users\\dkhar\\OneDrive\\Documents\\GitHub\\ee4218\\lab_2' is out of sync with the platform. Resource files extracted from the hardware specification will be updated.\r\n15:56:08 INFO  : The updated bitstream files are copied from platform to folder 'C:\\Users\\dkhar\\OneDrive\\Documents\\GitHub\\ee4218\\lab_2\\_ide\\bitstream' in project 'C:\\Users\\dkhar\\OneDrive\\Documents\\GitHub\\ee4218\\lab_2'.\r\n15:56:08 INFO  : The updated ps init files are copied from platform to folder 'C:\\Users\\dkhar\\OneDrive\\Documents\\GitHub\\ee4218\\lab_2\\_ide\\psinit' in project 'C:\\Users\\dkhar\\OneDrive\\Documents\\GitHub\\ee4218\\lab_2'.\r\n",
      "rangeOffset": 22705,
      "forceMoveMarkers": true
    }
  ],
  "eol": "\r\n",
  "isEolChange": false,
  "versionId": 9,
  "isUndoing": false,
  "isRedoing": false,
  "isFlush": false
} {"0":"file:///c:/Users/dkhar/OneDrive/Documents/GitHub/ee4218/_ide/logs/vitis.log"}
2026-03-18 15:56:10 [debug] : MonacoEditorModel.markAsDirty - enter {"0":"file:///c:/Users/dkhar/OneDrive/Documents/GitHub/ee4218/_ide/logs/vitis.log"}
2026-03-18 15:56:10 [debug] : MonacoEditorModel.markAsDirty - exit - ignoring dirty changes enabled {"0":"file:///c:/Users/dkhar/OneDrive/Documents/GitHub/ee4218/_ide/logs/vitis.log"}
2026-03-18 15:56:10 [debug] : MonacoEditorModel.fireDidChangeContent - exit {"0":"file:///c:/Users/dkhar/OneDrive/Documents/GitHub/ee4218/_ide/logs/vitis.log"}
2026-03-18 15:56:10 [debug] : MonacoEditorModel.doSync - exit {"0":"file:///c:/Users/dkhar/OneDrive/Documents/GitHub/ee4218/_ide/logs/vitis.log"}
2026-03-18 15:56:11 [debug] : [Platform Server] Executing method:[getPartFromXSA] with connection:(object). {"0":"request:","1":{"wrappers_":null,"arrayIndexOffset_":-1,"array":["C:\\Users\\dkhar\\OneDrive\\Documents\\GitHub\\ee4218\\platform"],"pivot_":1.7976931348623157e+308,"convertedPrimitiveFields_":{}}}
2026-03-18 15:56:13 [debug] : [ProjectDecorator] tree decoration updated 
2026-03-18 15:56:13 [debug] : [ProjectCache] Project location updated to C:\Users\dkhar\OneDrive\Documents\GitHub\ee4218\lab_2 
2026-03-18 15:56:15 [debug] : [Platform Server] Executing method:[generatePlatform] with connection:(object). {"0":"request:","1":"C:\\Users\\dkhar\\OneDrive\\Documents\\GitHub\\ee4218\\platform"}
2026-03-18 15:56:15 [debug] : [Platform Server] Generate platform requested for platform with internal id '671f5027-141c-4e06-a067-88d05dc2616f'. 
2026-03-18 15:56:15 [debug] : Received event from notification service: ON_DID_OPEN_COMPONENT. 
2026-03-18 15:56:15 [debug] : Received event from notification service: ON_DID_BUILD_START. 
2026-03-18 15:56:15 [debug] : Received event from notification service: ON_UPDATE_FLOWNAVIGATOR_STATUS. 
2026-03-18 15:56:15 [debug] : RIGEL SERVER 15:56:15 INFO  : BSP build will be initiated for Domain zynqmp_fsbl 
2026-03-18 15:56:15 [debug] : RIGEL SERVER 15:56:15 INFO  : BSP build will be initiated for Domain standalone_psu_cortexa53_0 
2026-03-18 15:56:15 [debug] : RIGEL SERVER 15:56:15 INFO  : Generating BSP for the domain C:\Users\dkhar\OneDrive\Documents\GitHub\ee4218\platform\psu_cortexa53_0\standalone_psu_cortexa53_0\bsp 
2026-03-18 15:56:15 [debug] : RIGEL SERVER 15:56:15 INFO  : lopper command to reconfigure BSP :empyro.bat reconfig_bsp -d C:\Users\dkhar\OneDrive\Documents\GitHub\ee4218\platform\psu_cortexa53_0\standalone_psu_cortexa53_0\bsp
15:56:15 INFO  : cmd.exe, /C, empyro.bat reconfig_bsp -d C:\Users\dkhar\OneDrive\Documents\GitHub\ee4218\platform\psu_cortexa53_0\standalone_psu_cortexa53_0\bsp 
2026-03-18 15:56:15 [debug] : RIGEL SERVER 15:56:15 INFO  : Generating BSP for the domain C:\Users\dkhar\OneDrive\Documents\GitHub\ee4218\platform\zynqmp_fsbl\zynqmp_fsbl_bsp 
2026-03-18 15:56:15 [debug] : RIGEL SERVER 15:56:15 INFO  : lopper command to reconfigure BSP :empyro.bat reconfig_bsp -d C:\Users\dkhar\OneDrive\Documents\GitHub\ee4218\platform\zynqmp_fsbl\zynqmp_fsbl_bsp 
2026-03-18 15:56:15 [debug] : RIGEL SERVER 15:56:15 INFO  : cmd.exe, /C, empyro.bat reconfig_bsp -d C:\Users\dkhar\OneDrive\Documents\GitHub\ee4218\platform\zynqmp_fsbl\zynqmp_fsbl_bsp 
2026-03-18 15:56:18 [debug] : RIGEL SERVER 15:56:18 INFO  : Domain reconfigured successfully 
2026-03-18 15:56:18 [debug] : RIGEL SERVER 15:56:18 INFO  : Generating BSP for the domain C:\Users\dkhar\OneDrive\Documents\GitHub\ee4218\platform\psu_cortexa53_0\standalone_psu_cortexa53_0\bsp 
2026-03-18 15:56:18 [debug] : RIGEL SERVER 15:56:18 INFO  : lopper command to build BSP :empyro.bat build_bsp -d C:\Users\dkhar\OneDrive\Documents\GitHub\ee4218\platform\psu_cortexa53_0\standalone_psu_cortexa53_0\bsp 
2026-03-18 15:56:18 [debug] : RIGEL SERVER 15:56:18 INFO  : cmd.exe, /C, empyro.bat build_bsp -d C:\Users\dkhar\OneDrive\Documents\GitHub\ee4218\platform\psu_cortexa53_0\standalone_psu_cortexa53_0\bsp 
2026-03-18 15:56:18 [debug] : RIGEL SERVER 15:56:18 INFO  : Domain reconfigured successfully 
2026-03-18 15:56:18 [debug] : RIGEL SERVER 15:56:18 INFO  : Generating BSP for the domain C:\Users\dkhar\OneDrive\Documents\GitHub\ee4218\platform\zynqmp_fsbl\zynqmp_fsbl_bsp
15:56:18 INFO  : lopper command to build BSP :empyro.bat build_bsp -d C:\Users\dkhar\OneDrive\Documents\GitHub\ee4218\platform\zynqmp_fsbl\zynqmp_fsbl_bsp 
2026-03-18 15:56:18 [debug] : RIGEL SERVER 15:56:18 INFO  : cmd.exe, /C, empyro.bat build_bsp -d C:\Users\dkhar\OneDrive\Documents\GitHub\ee4218\platform\zynqmp_fsbl\zynqmp_fsbl_bsp 
2026-03-18 15:56:19 [debug] : [Platform Output] Generate platform platform with id '671f5027-141c-4e06-a067-88d05dc2616f' started. 
2026-03-18 15:56:22 [debug] : RIGEL SERVER 15:56:22 INFO  : Domain build successfully 
2026-03-18 15:56:25 [debug] : MonacoEditorModel.cancelSync {"0":"file:///c:/Users/dkhar/OneDrive/Documents/GitHub/ee4218/_ide/logs/vitis.log"}
2026-03-18 15:56:25 [debug] : MonacoEditorModel.doSync - enter {"0":"file:///c:/Users/dkhar/OneDrive/Documents/GitHub/ee4218/_ide/logs/vitis.log"}
2026-03-18 15:56:25 [debug] : MonacoEditorModel.cancelSync {"0":"file:///c:/Users/dkhar/OneDrive/Documents/GitHub/ee4218/_ide/logs/vitis.log"}
2026-03-18 15:56:25 [debug] : MonacoEditorModel.cancelSync {"0":"file:///c:/Users/dkhar/OneDrive/Documents/GitHub/ee4218/_ide/logs/vitis.log"}
2026-03-18 15:56:25 [debug] : RIGEL SERVER 15:56:25 INFO  : Domain build successfully 
2026-03-18 15:56:25 [debug] : RIGEL SERVER 15:56:25 INFO  : Generating Boot ELFs 
2026-03-18 15:56:25 [debug] : RIGEL SERVER 15:56:25 INFO  : lopper command to retarget baremetal application :empyro.bat retarget_app -s C:\Users\dkhar\OneDrive\Documents\GitHub\ee4218\platform\zynqmp_fsbl -d C:\Users\dkhar\OneDrive\Documents\GitHub\ee4218\platform\zynqmp_fsbl\zynqmp_fsbl_bsp -b C:\Users\dkhar\OneDrive\Documents\GitHub\ee4218\platform\zynqmp_fsbl\build 
2026-03-18 15:56:25 [debug] : RIGEL SERVER 15:56:25 INFO  : cmd.exe, /C, empyro.bat retarget_app -s C:\Users\dkhar\OneDrive\Documents\GitHub\ee4218\platform\zynqmp_fsbl -d C:\Users\dkhar\OneDrive\Documents\GitHub\ee4218\platform\zynqmp_fsbl\zynqmp_fsbl_bsp -b C:\Users\dkhar\OneDrive\Documents\GitHub\ee4218\platform\zynqmp_fsbl\build 
2026-03-18 15:56:25 [debug] : MonacoEditorModel.doSync - exit - cancelled while looking for a resource {"0":"file:///c:/Users/dkhar/OneDrive/Documents/GitHub/ee4218/_ide/logs/vitis.log"}
2026-03-18 15:56:25 [debug] : MonacoEditorModel.doSync - enter {"0":"file:///c:/Users/dkhar/OneDrive/Documents/GitHub/ee4218/_ide/logs/vitis.log"}
2026-03-18 15:56:25 [debug] : MonacoEditorModel.doSync - exit - cancelled {"0":"file:///c:/Users/dkhar/OneDrive/Documents/GitHub/ee4218/_ide/logs/vitis.log"}
2026-03-18 15:56:25 [debug] : MonacoEditorModel.doSync - enter {"0":"file:///c:/Users/dkhar/OneDrive/Documents/GitHub/ee4218/_ide/logs/vitis.log"}
2026-03-18 15:56:25 [debug] : MonacoEditorModel.fireDidChangeContent - enter - {
  "changes": [
    {
      "range": {
        "startLineNumber": 204,
        "startColumn": 1,
        "endLineNumber": 204,
        "endColumn": 1
      },
      "rangeLength": 0,
      "text": "15:56:15 INFO  : BSP build will be initiated for Domain standalone_psu_cortexa53_0\r\n15:56:15 INFO  : Generating BSP for the domain C:\\Users\\dkhar\\OneDrive\\Documents\\GitHub\\ee4218\\platform\\psu_cortexa53_0\\standalone_psu_cortexa53_0\\bsp\r\n15:56:15 INFO  : lopper command to reconfigure BSP :empyro.bat reconfig_bsp -d C:\\Users\\dkhar\\OneDrive\\Documents\\GitHub\\ee4218\\platform\\psu_cortexa53_0\\standalone_psu_cortexa53_0\\bsp\r\n15:56:15 INFO  : cmd.exe, /C, empyro.bat reconfig_bsp -d C:\\Users\\dkhar\\OneDrive\\Documents\\GitHub\\ee4218\\platform\\psu_cortexa53_0\\standalone_psu_cortexa53_0\\bsp\r\n15:56:15 INFO  : BSP build will be initiated for Domain zynqmp_fsbl\r\n15:56:15 INFO  : Generating BSP for the domain C:\\Users\\dkhar\\OneDrive\\Documents\\GitHub\\ee4218\\platform\\zynqmp_fsbl\\zynqmp_fsbl_bsp\r\n15:56:15 INFO  : lopper command to reconfigure BSP :empyro.bat reconfig_bsp -d C:\\Users\\dkhar\\OneDrive\\Documents\\GitHub\\ee4218\\platform\\zynqmp_fsbl\\zynqmp_fsbl_bsp\r\n15:56:15 INFO  : cmd.exe, /C, empyro.bat reconfig_bsp -d C:\\Users\\dkhar\\OneDrive\\Documents\\GitHub\\ee4218\\platform\\zynqmp_fsbl\\zynqmp_fsbl_bsp\r\n15:56:18 INFO  : Domain reconfigured successfully\r\n15:56:18 INFO  : Generating BSP for the domain C:\\Users\\dkhar\\OneDrive\\Documents\\GitHub\\ee4218\\platform\\psu_cortexa53_0\\standalone_psu_cortexa53_0\\bsp\r\n15:56:18 INFO  : lopper command to build BSP :empyro.bat build_bsp -d C:\\Users\\dkhar\\OneDrive\\Documents\\GitHub\\ee4218\\platform\\psu_cortexa53_0\\standalone_psu_cortexa53_0\\bsp\r\n15:56:18 INFO  : cmd.exe, /C, empyro.bat build_bsp -d C:\\Users\\dkhar\\OneDrive\\Documents\\GitHub\\ee4218\\platform\\psu_cortexa53_0\\standalone_psu_cortexa53_0\\bsp\r\n15:56:18 INFO  : Domain reconfigured successfully\r\n15:56:18 INFO  : Generating BSP for the domain C:\\Users\\dkhar\\OneDrive\\Documents\\GitHub\\ee4218\\platform\\zynqmp_fsbl\\zynqmp_fsbl_bsp\r\n15:56:18 INFO  : lopper command to build BSP :empyro.bat build_bsp -d C:\\Users\\dkhar\\OneDrive\\Documents\\GitHub\\ee4218\\platform\\zynqmp_fsbl\\zynqmp_fsbl_bsp\r\n15:56:18 INFO  : cmd.exe, /C, empyro.bat build_bsp -d C:\\Users\\dkhar\\OneDrive\\Documents\\GitHub\\ee4218\\platform\\zynqmp_fsbl\\zynqmp_fsbl_bsp\r\n15:56:22 INFO  : Domain build successfully\r\n15:56:25 INFO  : Domain build successfully\r\n15:56:25 INFO  : Generating Boot ELFs\r\n15:56:25 INFO  : lopper command to retarget baremetal application :empyro.bat retarget_app -s C:\\Users\\dkhar\\OneDrive\\Documents\\GitHub\\ee4218\\platform\\zynqmp_fsbl -d C:\\Users\\dkhar\\OneDrive\\Documents\\GitHub\\ee4218\\platform\\zynqmp_fsbl\\zynqmp_fsbl_bsp -b C:\\Users\\dkhar\\OneDrive\\Documents\\GitHub\\ee4218\\platform\\zynqmp_fsbl\\build\r\n15:56:25 INFO  : cmd.exe, /C, empyro.bat retarget_app -s C:\\Users\\dkhar\\OneDrive\\Documents\\GitHub\\ee4218\\platform\\zynqmp_fsbl -d C:\\Users\\dkhar\\OneDrive\\Documents\\GitHub\\ee4218\\platform\\zynqmp_fsbl\\zynqmp_fsbl_bsp -b C:\\Users\\dkhar\\OneDrive\\Documents\\GitHub\\ee4218\\platform\\zynqmp_fsbl\\build\r\n",
      "rangeOffset": 23787,
      "forceMoveMarkers": true
    }
  ],
  "eol": "\r\n",
  "isEolChange": false,
  "versionId": 10,
  "isUndoing": false,
  "isRedoing": false,
  "isFlush": false
} {"0":"file:///c:/Users/dkhar/OneDrive/Documents/GitHub/ee4218/_ide/logs/vitis.log"}
2026-03-18 15:56:25 [debug] : MonacoEditorModel.markAsDirty - enter {"0":"file:///c:/Users/dkhar/OneDrive/Documents/GitHub/ee4218/_ide/logs/vitis.log"}
2026-03-18 15:56:25 [debug] : MonacoEditorModel.markAsDirty - exit - ignoring dirty changes enabled {"0":"file:///c:/Users/dkhar/OneDrive/Documents/GitHub/ee4218/_ide/logs/vitis.log"}
2026-03-18 15:56:25 [debug] : MonacoEditorModel.fireDidChangeContent - exit {"0":"file:///c:/Users/dkhar/OneDrive/Documents/GitHub/ee4218/_ide/logs/vitis.log"}
2026-03-18 15:56:25 [debug] : MonacoEditorModel.doSync - exit {"0":"file:///c:/Users/dkhar/OneDrive/Documents/GitHub/ee4218/_ide/logs/vitis.log"}
2026-03-18 15:56:29 [debug] : RIGEL SERVER 15:56:29 INFO  : [INFO]: Retargeting app 
2026-03-18 15:56:29 [debug] : RIGEL SERVER 15:56:29 INFO  : [INFO]: Updating link libraries based on new domain
15:56:29 INFO  : Successfully retargeted Application C:\Users\dkhar\OneDrive\Documents\GitHub\ee4218\platform\zynqmp_fsbl 
2026-03-18 15:56:29 [debug] : RIGEL SERVER 15:56:29 INFO  : lopper command to build baremetal application :empyro.bat build_app --src_dir C:\Users\dkhar\OneDrive\Documents\GitHub\ee4218\platform\zynqmp_fsbl --build_dir C:\Users\dkhar\OneDrive\Documents\GitHub\ee4218\platform\zynqmp_fsbl\build 
2026-03-18 15:56:29 [debug] : RIGEL SERVER 15:56:29 INFO  : cmd.exe, /C, empyro.bat build_app --src_dir C:\Users\dkhar\OneDrive\Documents\GitHub\ee4218\platform\zynqmp_fsbl --build_dir C:\Users\dkhar\OneDrive\Documents\GitHub\ee4218\platform\zynqmp_fsbl\build 
2026-03-18 15:56:37 [debug] : MonacoEditorModel.cancelSync {"0":"file:///c:/Users/dkhar/OneDrive/Documents/GitHub/ee4218/_ide/logs/vitis.log"}
2026-03-18 15:56:37 [debug] : MonacoEditorModel.doSync - enter {"0":"file:///c:/Users/dkhar/OneDrive/Documents/GitHub/ee4218/_ide/logs/vitis.log"}
2026-03-18 15:56:37 [debug] : MonacoEditorModel.cancelSync {"0":"file:///c:/Users/dkhar/OneDrive/Documents/GitHub/ee4218/_ide/logs/vitis.log"}
2026-03-18 15:56:37 [debug] : MonacoEditorModel.cancelSync {"0":"file:///c:/Users/dkhar/OneDrive/Documents/GitHub/ee4218/_ide/logs/vitis.log"}
2026-03-18 15:56:37 [debug] : MonacoEditorModel.doSync - exit - cancelled while looking for a resource {"0":"file:///c:/Users/dkhar/OneDrive/Documents/GitHub/ee4218/_ide/logs/vitis.log"}
2026-03-18 15:56:37 [debug] : MonacoEditorModel.doSync - enter {"0":"file:///c:/Users/dkhar/OneDrive/Documents/GitHub/ee4218/_ide/logs/vitis.log"}
2026-03-18 15:56:37 [debug] : MonacoEditorModel.doSync - exit - cancelled {"0":"file:///c:/Users/dkhar/OneDrive/Documents/GitHub/ee4218/_ide/logs/vitis.log"}
2026-03-18 15:56:37 [debug] : MonacoEditorModel.doSync - enter {"0":"file:///c:/Users/dkhar/OneDrive/Documents/GitHub/ee4218/_ide/logs/vitis.log"}
2026-03-18 15:56:37 [debug] : MonacoEditorModel.fireDidChangeContent - enter - {
  "changes": [
    {
      "range": {
        "startLineNumber": 225,
        "startColumn": 1,
        "endLineNumber": 225,
        "endColumn": 1
      },
      "rangeLength": 0,
      "text": "15:56:29 INFO  : [INFO]: Retargeting app\r\n15:56:29 INFO  : [INFO]: Updating link libraries based on new domain\r\n15:56:29 INFO  : Successfully retargeted Application C:\\Users\\dkhar\\OneDrive\\Documents\\GitHub\\ee4218\\platform\\zynqmp_fsbl\r\n15:56:29 INFO  : lopper command to build baremetal application :empyro.bat build_app --src_dir C:\\Users\\dkhar\\OneDrive\\Documents\\GitHub\\ee4218\\platform\\zynqmp_fsbl --build_dir C:\\Users\\dkhar\\OneDrive\\Documents\\GitHub\\ee4218\\platform\\zynqmp_fsbl\\build\r\n15:56:29 INFO  : cmd.exe, /C, empyro.bat build_app --src_dir C:\\Users\\dkhar\\OneDrive\\Documents\\GitHub\\ee4218\\platform\\zynqmp_fsbl --build_dir C:\\Users\\dkhar\\OneDrive\\Documents\\GitHub\\ee4218\\platform\\zynqmp_fsbl\\build\r\n",
      "rangeOffset": 26646,
      "forceMoveMarkers": true
    }
  ],
  "eol": "\r\n",
  "isEolChange": false,
  "versionId": 11,
  "isUndoing": false,
  "isRedoing": false,
  "isFlush": false
} {"0":"file:///c:/Users/dkhar/OneDrive/Documents/GitHub/ee4218/_ide/logs/vitis.log"}
2026-03-18 15:56:37 [debug] : MonacoEditorModel.markAsDirty - enter {"0":"file:///c:/Users/dkhar/OneDrive/Documents/GitHub/ee4218/_ide/logs/vitis.log"}
2026-03-18 15:56:37 [debug] : MonacoEditorModel.markAsDirty - exit - ignoring dirty changes enabled {"0":"file:///c:/Users/dkhar/OneDrive/Documents/GitHub/ee4218/_ide/logs/vitis.log"}
2026-03-18 15:56:37 [debug] : MonacoEditorModel.fireDidChangeContent - exit {"0":"file:///c:/Users/dkhar/OneDrive/Documents/GitHub/ee4218/_ide/logs/vitis.log"}
2026-03-18 15:56:37 [debug] : MonacoEditorModel.doSync - exit {"0":"file:///c:/Users/dkhar/OneDrive/Documents/GitHub/ee4218/_ide/logs/vitis.log"}
2026-03-18 15:56:47 [debug] : RIGEL SERVER 15:56:47 INFO  : Successfully building the baremetal applicationC:\Users\dkhar\OneDrive\Documents\GitHub\ee4218\platform\zynqmp_fsbl\build
15:56:47 INFO  : Generating Export directory 
2026-03-18 15:56:48 [debug] : Received event from notification service: ON_DID_UPDATE_COMPONENT. 
2026-03-18 15:56:48 [debug] : Received event from notification service: ON_UPDATE_PLATFORM_STATUS. 
2026-03-18 15:56:48 [debug] : [Platform Server] Generate platform completed on 'platform' with internal id '671f5027-141c-4e06-a067-88d05dc2616f'. 
2026-03-18 15:56:48 [debug] : [Platform Server] Generate platform status event - label: platform, status_code:0, status_details:. 
2026-03-18 15:56:48 [debug] : [Platform Server] Generate platform output steam finished on 'platform' with internal id '671f5027-141c-4e06-a067-88d05dc2616f'. 
2026-03-18 15:56:48 [info] : [Platform Server] Generate platform output stream finished - platform. 
2026-03-18 15:56:48 [debug] : RIGEL SERVER 15:56:48 INFO  : Platform Build Finished successfully. 
2026-03-18 15:56:48 [debug] : Received event from notification service: ON_DID_MODIFY_PLATFORM_REPOS. 
2026-03-18 15:56:48 [debug] : [Platform Output] Generate platform platform with id '671f5027-141c-4e06-a067-88d05dc2616f' completed. 
2026-03-18 15:56:48 [debug] : [Platform Output] Deleting and canceling the build task with id '671f5027-141c-4e06-a067-88d05dc2616f'. 
2026-03-18 15:56:48 [debug] : [Build Server] Executing method:build with connection:(object). {"0":"request:","1":{"appParentPath":"c:\\Users\\dkhar\\OneDrive\\Documents\\GitHub\\ee4218","appName":"lab_2","buildCfg":"","componentName":"","type":0,"buildTarget":"all","workDirPath":"","customCommand":"","containerName":"","serialBuild":true,"buildComps":false,"componentsToBuildList":[]}}
2026-03-18 15:56:48 [debug] : [Build Server] Build requested on 'lab_2::' with internal id 'd43ecc73-76f1-4a19-ad44-1d62d99ea309'. 
2026-03-18 15:56:48 [debug] : Received event from notification service: ON_DID_BUILD_STOP. 
2026-03-18 15:56:48 [debug] : Received event from notification service: ON_DID_OPEN_COMPONENT. 
2026-03-18 15:56:48 [debug] : Received event from notification service: ON_DID_BUILD_START. 
2026-03-18 15:56:48 [debug] : [Platform Server] Executing method:[getPartFromXSA] with connection:(object). {"0":"request:","1":{"wrappers_":null,"arrayIndexOffset_":-1,"array":["C:\\Users\\dkhar\\OneDrive\\Documents\\GitHub\\ee4218\\platform"],"pivot_":1.7976931348623157e+308,"convertedPrimitiveFields_":{}}}
2026-03-18 15:56:48 [debug] : Received event from notification service: ON_UPDATE_FLOWNAVIGATOR_STATUS. 
2026-03-18 15:56:48 [debug] : RIGEL SERVER 15:56:48 INFO  : lopper command to retarget baremetal application :empyro.bat retarget_app -s c:\Users\dkhar\OneDrive\Documents\GitHub\ee4218\lab_2\src -d C:\Users\dkhar\OneDrive\Documents\GitHub\ee4218\platform\export\platform\sw\standalone_psu_cortexa53_0 -b c:\Users\dkhar\OneDrive\Documents\GitHub\ee4218\lab_2\build 
2026-03-18 15:56:48 [debug] : RIGEL SERVER 15:56:48 INFO  : cmd.exe, /C, empyro.bat retarget_app -s c:\Users\dkhar\OneDrive\Documents\GitHub\ee4218\lab_2\src -d C:\Users\dkhar\OneDrive\Documents\GitHub\ee4218\platform\export\platform\sw\standalone_psu_cortexa53_0 -b c:\Users\dkhar\OneDrive\Documents\GitHub\ee4218\lab_2\build 
2026-03-18 15:56:48 [debug] : Received event from notification service: ON_UPDATE_FLOWNAVIGATOR_STATUS. 
2026-03-18 15:56:50 [debug] : RIGEL SERVER 15:56:50 INFO  : [INFO]: Retargeting app 
2026-03-18 15:56:50 [debug] : RIGEL SERVER 15:56:50 INFO  : [INFO]: Updating link libraries based on new domain
15:56:50 INFO  : Successfully retargeted Application c:\Users\dkhar\OneDrive\Documents\GitHub\ee4218\lab_2\src 
2026-03-18 15:56:50 [debug] : RIGEL SERVER 15:56:50 INFO  : cmd.exe, /C, empyro.bat build_app -s c:\Users\dkhar\OneDrive\Documents\GitHub\ee4218\lab_2\src -b c:\Users\dkhar\OneDrive\Documents\GitHub\ee4218\lab_2\build 
2026-03-18 15:56:52 [debug] : [Build Output] Build for lab_2::build with id 'd43ecc73-76f1-4a19-ad44-1d62d99ea309' started. 
2026-03-18 15:56:53 [debug] : MonacoEditorModel.cancelSync {"0":"file:///c:/Users/dkhar/OneDrive/Documents/GitHub/ee4218/_ide/logs/vitis.log"}
2026-03-18 15:56:53 [debug] : MonacoEditorModel.doSync - enter {"0":"file:///c:/Users/dkhar/OneDrive/Documents/GitHub/ee4218/_ide/logs/vitis.log"}
2026-03-18 15:56:53 [debug] : MonacoEditorModel.cancelSync {"0":"file:///c:/Users/dkhar/OneDrive/Documents/GitHub/ee4218/_ide/logs/vitis.log"}
2026-03-18 15:56:53 [debug] : MonacoEditorModel.cancelSync {"0":"file:///c:/Users/dkhar/OneDrive/Documents/GitHub/ee4218/_ide/logs/vitis.log"}
2026-03-18 15:56:53 [debug] : MonacoEditorModel.doSync - exit - cancelled while looking for a resource {"0":"file:///c:/Users/dkhar/OneDrive/Documents/GitHub/ee4218/_ide/logs/vitis.log"}
2026-03-18 15:56:53 [debug] : MonacoEditorModel.doSync - enter {"0":"file:///c:/Users/dkhar/OneDrive/Documents/GitHub/ee4218/_ide/logs/vitis.log"}
2026-03-18 15:56:53 [debug] : MonacoEditorModel.doSync - exit - cancelled {"0":"file:///c:/Users/dkhar/OneDrive/Documents/GitHub/ee4218/_ide/logs/vitis.log"}
2026-03-18 15:56:53 [debug] : MonacoEditorModel.doSync - enter {"0":"file:///c:/Users/dkhar/OneDrive/Documents/GitHub/ee4218/_ide/logs/vitis.log"}
2026-03-18 15:56:53 [debug] : MonacoEditorModel.fireDidChangeContent - enter - {
  "changes": [
    {
      "range": {
        "startLineNumber": 230,
        "startColumn": 1,
        "endLineNumber": 230,
        "endColumn": 1
      },
      "rangeLength": 0,
      "text": "15:56:47 INFO  : Successfully building the baremetal applicationC:\\Users\\dkhar\\OneDrive\\Documents\\GitHub\\ee4218\\platform\\zynqmp_fsbl\\build\r\n15:56:47 INFO  : Generating Export directory\r\n15:56:48 INFO  : Platform Build Finished successfully.\r\n15:56:48 INFO  : lopper command to retarget baremetal application :empyro.bat retarget_app -s c:\\Users\\dkhar\\OneDrive\\Documents\\GitHub\\ee4218\\lab_2\\src -d C:\\Users\\dkhar\\OneDrive\\Documents\\GitHub\\ee4218\\platform\\export\\platform\\sw\\standalone_psu_cortexa53_0 -b c:\\Users\\dkhar\\OneDrive\\Documents\\GitHub\\ee4218\\lab_2\\build\r\n15:56:48 INFO  : cmd.exe, /C, empyro.bat retarget_app -s c:\\Users\\dkhar\\OneDrive\\Documents\\GitHub\\ee4218\\lab_2\\src -d C:\\Users\\dkhar\\OneDrive\\Documents\\GitHub\\ee4218\\platform\\export\\platform\\sw\\standalone_psu_cortexa53_0 -b c:\\Users\\dkhar\\OneDrive\\Documents\\GitHub\\ee4218\\lab_2\\build\r\n15:56:50 INFO  : [INFO]: Retargeting app\r\n15:56:50 INFO  : [INFO]: Updating link libraries based on new domain\r\n15:56:50 INFO  : Successfully retargeted Application c:\\Users\\dkhar\\OneDrive\\Documents\\GitHub\\ee4218\\lab_2\\src\r\n15:56:50 INFO  : cmd.exe, /C, empyro.bat build_app -s c:\\Users\\dkhar\\OneDrive\\Documents\\GitHub\\ee4218\\lab_2\\src -b c:\\Users\\dkhar\\OneDrive\\Documents\\GitHub\\ee4218\\lab_2\\build\r\n",
      "rangeOffset": 27351,
      "forceMoveMarkers": true
    }
  ],
  "eol": "\r\n",
  "isEolChange": false,
  "versionId": 12,
  "isUndoing": false,
  "isRedoing": false,
  "isFlush": false
} {"0":"file:///c:/Users/dkhar/OneDrive/Documents/GitHub/ee4218/_ide/logs/vitis.log"}
2026-03-18 15:56:53 [debug] : MonacoEditorModel.markAsDirty - enter {"0":"file:///c:/Users/dkhar/OneDrive/Documents/GitHub/ee4218/_ide/logs/vitis.log"}
2026-03-18 15:56:53 [debug] : MonacoEditorModel.markAsDirty - exit - ignoring dirty changes enabled {"0":"file:///c:/Users/dkhar/OneDrive/Documents/GitHub/ee4218/_ide/logs/vitis.log"}
2026-03-18 15:56:53 [debug] : MonacoEditorModel.fireDidChangeContent - exit {"0":"file:///c:/Users/dkhar/OneDrive/Documents/GitHub/ee4218/_ide/logs/vitis.log"}
2026-03-18 15:56:53 [debug] : MonacoEditorModel.doSync - exit {"0":"file:///c:/Users/dkhar/OneDrive/Documents/GitHub/ee4218/_ide/logs/vitis.log"}
2026-03-18 15:57:00 [debug] : [Build Server] Build completed on 'lab_2::' with internal id 'd43ecc73-76f1-4a19-ad44-1d62d99ea309'. 
2026-03-18 15:57:00 [debug] : [Build Server] Build status event - label: lab_2::, status_code:0, status_details:. 
2026-03-18 15:57:00 [debug] : [Build Server] Build output steam finished on 'lab_2::' with internal id 'd43ecc73-76f1-4a19-ad44-1d62d99ea309'. 
2026-03-18 15:57:00 [info] : [Build Server] Build output stream finished - lab_2::. 
2026-03-18 15:57:00 [debug] : [Workspace Service] Attempting to restart clangd - unimplemented 
2026-03-18 15:57:00 [debug] : Received event from notification service: ON_DID_UPDATE_COMPILE_COMMAND. 
2026-03-18 15:57:00 [debug] : [Build Output] Build for lab_2::build with id 'd43ecc73-76f1-4a19-ad44-1d62d99ea309' completed. 
2026-03-18 15:57:00 [debug] : [Build Output] Deleting and canceling the build task with id 'd43ecc73-76f1-4a19-ad44-1d62d99ea309'. 
2026-03-18 15:57:00 [debug] : Received event from notification service: ON_DID_BUILD_STOP. 
2026-03-18 15:57:01 [debug] : Received event from notification service: ON_UPDATE_FLOWNAVIGATOR_STATUS. 
2026-03-18 15:57:17 [debug] : [Debugger Server] In 'setupSystemLaunchJson' with connection:[object Object] request:{"applicationpath":"","componentpath":"C:\\Users\\dkhar\\OneDrive\\Documents\\GitHub\\ee4218\\lab_2","createnew":false,"emulatorstarted":false,"debugport":"","target":"","debug":false,"launchname":"lab_2_app_hw_1","qemugdbport":"","plmgdbport":""} 
2026-03-18 15:57:17 [debug] : RIGEL SERVER 15:57:17 INFO  : connect -url tcp:127.0.0.1:3121 
2026-03-18 15:57:17 [debug] : RIGEL SERVER 15:57:17 INFO  : bpremove -all 
2026-03-18 15:57:17 [debug] : RIGEL SERVER 15:57:17 INFO  : source C:/Xilinx/2025.1/Vitis/scripts/vitis/util/zynqmp_utils.tcl 
2026-03-18 15:57:17 [debug] : Received event from notification service: ON_BAREMETAL_DEBUG_PROGRESS. 
2026-03-18 15:57:17 [debug] : Received event from notification service: ON_BAREMETAL_DEBUG_PROGRESS. 
2026-03-18 15:57:17 [debug] : Received event from notification service: ON_BAREMETAL_DEBUG_PROGRESS. 
2026-03-18 15:57:17 [debug] : Received event from notification service: ON_BAREMETAL_DEBUG_PROGRESS. 
2026-03-18 15:57:17 [debug] : Received event from notification service: ON_BAREMETAL_DEBUG_PROGRESS. 
2026-03-18 15:57:17 [debug] : RIGEL SERVER 15:57:17 INFO  : Context for 'APU' is selected. 
2026-03-18 15:57:18 [debug] : RIGEL SERVER 15:57:18 INFO  : System reset is completed. 
2026-03-18 15:57:21 [debug] : RIGEL SERVER 15:57:21 INFO  : 'after 3000' command is executed. 
2026-03-18 15:57:21 [debug] : Received event from notification service: ON_BAREMETAL_DEBUG_PROGRESS. 
2026-03-18 15:57:21 [debug] : RIGEL SERVER 15:57:21 INFO  : 'targets -set -filter {jtag_cable_name =~ "Xilinx X-MLCC-01 XFL12WIJITMUA" && level==0 && jtag_device_ctx=="jsn-X-MLCC-01-XFL12WIJITMUA-04724093-0"}' command is executed. 
2026-03-18 15:57:26 [debug] : RIGEL SERVER 15:57:26 INFO  : Device configured successfully with "C:/Users/dkhar/OneDrive/Documents/GitHub/ee4218/lab_2/_ide/bitstream/lab2.bit" 
2026-03-18 15:57:26 [debug] : Received event from notification service: ON_BAREMETAL_DEBUG_PROGRESS. 
2026-03-18 15:57:26 [debug] : RIGEL SERVER 15:57:26 INFO  : targets -set -nocase -filter {name =~"PSU*" && jtag_cable_name =~ "Xilinx X-MLCC-01 XFL12WIJITMUA" && jtag_device_ctx=="jsn-X-MLCC-01-XFL12WIJITMUA-5ba00477-0"} 
2026-03-18 15:57:26 [debug] : RIGEL SERVER 15:57:26 INFO  : catch {disable_pmu_gate} 
2026-03-18 15:57:26 [debug] : RIGEL SERVER 15:57:26 INFO  : targets -set -nocase -filter {name =~"APU*" && jtag_cable_name =~ "Xilinx X-MLCC-01 XFL12WIJITMUA" && jtag_device_ctx=="jsn-X-MLCC-01-XFL12WIJITMUA-5ba00477-0"} 
2026-03-18 15:57:26 [debug] : Received event from notification service: ON_BAREMETAL_DEBUG_PROGRESS. 
2026-03-18 15:57:26 [debug] : Received event from notification service: ON_BAREMETAL_DEBUG_PROGRESS. 
2026-03-18 15:57:28 [debug] : RIGEL SERVER 15:57:28 INFO  : loadhw -hw C:/Users/dkhar/OneDrive/Documents/GitHub/ee4218/platform/export/platform/hw/lab2.xsa -mem-ranges [list {0x80000000 0xbfffffff} {0x400000000 0x5ffffffff} {0x1000000000 0x7fffffffff}] 
2026-03-18 15:57:28 [debug] : RIGEL SERVER 15:57:28 INFO  : configparams force-mem-access 1 
2026-03-18 15:57:30 [debug] : RIGEL SERVER 15:57:30 INFO  : targets -set -nocase -filter {name =~"APU*" && jtag_cable_name =~ "Xilinx X-MLCC-01 XFL12WIJITMUA" && jtag_device_ctx=="jsn-X-MLCC-01-XFL12WIJITMUA-5ba00477-0"} 
2026-03-18 15:57:30 [debug] : RIGEL SERVER 15:57:30 INFO  : source C:/Xilinx/2025.1/Vitis/vitis-server/scripts/jtag_reg.tcl 
2026-03-18 15:57:30 [debug] : RIGEL SERVER 15:57:30 INFO  : Boot mode is read from the target. 
2026-03-18 15:57:35 [debug] : RIGEL SERVER 15:57:35 INFO  : Boot mode of the target is set to jtag. 
2026-03-18 15:57:35 [debug] : RIGEL SERVER 15:57:35 INFO  : targets -set -nocase -filter {name =~ "*A53*#0"} 
2026-03-18 15:57:35 [debug] : RIGEL SERVER 15:57:35 INFO  : rst -processor 
2026-03-18 15:57:35 [debug] : Received event from notification service: ON_BAREMETAL_DEBUG_PROGRESS. 
2026-03-18 15:57:36 [debug] : RIGEL SERVER 15:57:36 INFO  : dow C:/Users/dkhar/OneDrive/Documents/GitHub/ee4218/platform/export/platform/sw/boot/fsbl.elf 
2026-03-18 15:57:38 [debug] : RIGEL SERVER 15:57:38 INFO  : set bp_57_36_fsbl_bp [bpadd -addr &XFsbl_Exit] 
2026-03-18 15:57:38 [debug] : Received event from notification service: ON_BAREMETAL_DEBUG_PROGRESS. 
2026-03-18 15:57:38 [debug] : RIGEL SERVER 15:57:38 INFO  : con -block -timeout 60 
2026-03-18 15:57:38 [debug] : RIGEL SERVER 15:57:38 INFO  : bpremove $bp_57_36_fsbl_bp 
2026-03-18 15:57:38 [debug] : RIGEL SERVER 15:57:38 INFO  : targets -set -nocase -filter {name =~ "*A53*#0" && jtag_cable_name =~ "Xilinx X-MLCC-01 XFL12WIJITMUA" && jtag_device_ctx=="jsn-X-MLCC-01-XFL12WIJITMUA-5ba00477-0"} 
2026-03-18 15:57:38 [debug] : RIGEL SERVER 15:57:38 INFO  : rst -processor 
2026-03-18 15:57:38 [debug] : Received event from notification service: ON_BAREMETAL_DEBUG_PROGRESS. 
2026-03-18 15:57:39 [debug] : RIGEL SERVER 15:57:39 INFO  : dow C:/Users/dkhar/OneDrive/Documents/GitHub/ee4218/lab_2/build/lab_2.elf 
2026-03-18 15:57:39 [debug] : RIGEL SERVER 15:57:39 INFO  : con 
2026-03-18 15:57:39 [debug] : RIGEL SERVER 15:57:39 INFO  : configparams force-mem-access 0 
2026-03-18 15:57:39 [debug] : Received event from notification service: ON_BAREMETAL_DEBUG_PROGRESS. 
2026-03-18 15:57:40 [debug] : [Debug Manager] Configuration: lab_2_app_hw_1 [lab_2] 
2026-03-18 15:57:40 [debug] : [Debugger Server] In 'List target connections' with connection:[object Object] request:{"wrappers_":null,"arrayIndexOffset_":-1,"array":[],"pivot_":1.7976931348623157e+308,"convertedPrimitiveFields_":{}} 
2026-03-18 15:57:40 [debug] : [Debugger Server] In 'Test target connection' with connection:[object Object] request:{"wrappers_":{"10":[],"11":[]},"arrayIndexOffset_":-1,"array":["Local","127.0.0.1","3121",null,1,true,null,null,null,[],[]],"pivot_":1.7976931348623157e+308,"convertedPrimitiveFields_":{}} 
2026-03-18 15:57:40 [debug] : RIGEL SERVER 15:57:40 INFO  : Testing the connection for 127.0.0.1 
2026-03-18 15:57:40 [info] : [Debug Manager] Successfully verified the target connection used  Local 
2026-03-18 15:57:40 [debug] : [Debug Manager] Validating the launch configuration  'lab_2_app_hw_1 [lab_2]'. 
2026-03-18 15:57:40 [debug] : [Debug Manager] Updated the launch configuration 'lab_2_app_hw_1 [lab_2]' to override the 'ENABLE_KERNEL_DEBUG' to false in 'run' mode. 
2026-03-18 15:57:40 [info] : [Debug Manager] Starting launch in 'run' mode using configuration: {"type":"tcf-debug","request":"launch","name":"lab_2_app_hw_1","debugType":"baremetal-zu","attachToRunningTargetOptions":{"targetSetupMode":"standalone","executeScript":true,"scriptPath":""},"autoAttachProcessChildren":false,"target":{"targetConnectionId":"Local","peersIniPath":"../../_ide/.peers.ini","context":"ZUPlus"},"pathMap":[],"targetSetup":{"resetSystem":true,"programDevice":true,"partialBitstream":false,"skipRevisionCheck":false,"device":{"plDevice":"Auto Detect","psDevice":"Auto Detect"},"enableRPUSplitMode":false,"resetAPU":false,"resetRPU":false,"bitstreamFile":"${workspaceFolder}\\lab_2\\_ide\\bitstream\\lab2.bit","zuInitialization":{"isFsbl":true,"usingFSBL":{"initWithFSBL":true,"fsblFile":"${workspaceFolder}\\platform\\export\\platform\\sw\\boot\\fsbl.elf","fsblExitSymbol":"XFsbl_Exit"},"usingPsuInit":{"runPsuInit":true,"plPowerup":true,"psuInitTclFile":"${workspaceFolder}\\lab_2\\_ide\\psinit\\psu_init.tcl"}},"zuTraceOptions":{"isSelected":false,"scratchAddress":"0x60000","scratchSize":"0x60000","traceOutputPath":""},"downloadElf":[{"core":"psu_cortexa53_0","resetProcessor":true,"elfFile":"${workspaceFolder}\\lab_2\\build\\lab_2.elf","stopAtEntry":false,"isSelfRelocatingApp":false,"relativeAddress":""}],"crossTriggerBreakpoints":{"isSelected":false,"breakpoints":[]}},"internalConsoleOptions":"openOnSessionStart","__configUri":"file:///c%3A/Users/dkhar/OneDrive/Documents/GitHub/ee4218/lab_2/_ide/launch.json"} 
2026-03-18 15:57:40 [debug] : [Debug Manager] Selecting the launch 'lab_2_app_hw_1 [lab_2]' in debug configuration UI 
2026-03-18 15:57:40 [debug] : [hosted-plugin: 13456] PLUGIN_HOST(13456): PluginManagerExtImpl/loadPlugin(C:\Xilinx\2025.1\Vitis\ide\electron-app\win64\resources\app\plugins\tcf-debug-0.0.1\extension\dist\extension.js) 
2026-03-18 15:57:40 [debug] : [hosted-plugin: 13456] Debug configuration provider has been registered: tcf-debug, trigger: 1 
2026-03-18 15:57:40 [debug] : [hosted-plugin: 13456] false 
2026-03-18 15:57:40 [debug] : [hosted-plugin: 13456] false
calling activation function on TCF Debug Adapter 
2026-03-18 15:57:41 [debug] : [hosted-plugin: 13456] Creating local connection: 32f700b2-cdd1-471f-90e8-0d7b567140aa 
2026-03-18 15:57:41 [debug] : Creating plugin connection: 32f700b2-cdd1-471f-90e8-0d7b567140aa 
2026-03-18 15:57:41 [debug] : [hosted-plugin: 13456] [TCF-Adapter] [32f700b2-cdd1-471f-90e8-0d7b567140aa] startDebugAdapter 
2026-03-18 15:57:41 [debug] : [hosted-plugin: 13456] starting debug adapter session '32f700b2-cdd1-471f-90e8-0d7b567140aa' 
2026-03-18 15:57:41 [debug] : Creating local connection: 32f700b2-cdd1-471f-90e8-0d7b567140aa 
2026-03-18 15:57:41 [debug] : [Debug Manager] Received pre launch event on configuration:lab_2_app_hw_1 [lab_2] 
2026-03-18 15:57:41 [debug] : [Debug Manager] Event{"type":"tcf-debug","request":"launch","name":"lab_2_app_hw_1","debugType":"baremetal-zu","attachToRunningTargetOptions":{"targetSetupMode":"standalone","executeScript":true,"scriptPath":""},"autoAttachProcessChildren":false,"target":{"targetConnectionId":"Local","peersIniPath":"../../_ide/.peers.ini","context":"ZUPlus"},"pathMap":[],"targetSetup":{"resetSystem":true,"programDevice":true,"partialBitstream":false,"skipRevisionCheck":false,"device":{"plDevice":"Auto Detect","psDevice":"Auto Detect"},"enableRPUSplitMode":false,"resetAPU":false,"resetRPU":false,"bitstreamFile":"c:\\Users\\dkhar\\OneDrive\\Documents\\GitHub\\ee4218\\lab_2\\_ide\\bitstream\\lab2.bit","zuInitialization":{"isFsbl":true,"usingFSBL":{"initWithFSBL":true,"fsblFile":"c:\\Users\\dkhar\\OneDrive\\Documents\\GitHub\\ee4218\\platform\\export\\platform\\sw\\boot\\fsbl.elf","fsblExitSymbol":"XFsbl_Exit"},"usingPsuInit":{"runPsuInit":true,"plPowerup":true,"psuInitTclFile":"c:\\Users\\dkhar\\OneDrive\\Documents\\GitHub\\ee4218\\lab_2\\_ide\\psinit\\psu_init.tcl"}},"zuTraceOptions":{"isSelected":false,"scratchAddress":"0x60000","scratchSize":"0x60000","traceOutputPath":""},"downloadElf":[{"core":"psu_cortexa53_0","resetProcessor":true,"elfFile":"c:\\Users\\dkhar\\OneDrive\\Documents\\GitHub\\ee4218\\lab_2\\build\\lab_2.elf","stopAtEntry":false,"isSelfRelocatingApp":false,"relativeAddress":""}],"crossTriggerBreakpoints":{"isSelected":false,"breakpoints":[]}},"internalConsoleOptions":"openOnSessionStart","__configUri":"file:///c%3A/Users/dkhar/OneDrive/Documents/GitHub/ee4218/lab_2/_ide/launch.json","env":{},"noDebug":true} 
2026-03-18 15:57:41 [debug] : [Debug Manager] Validating the launch configuration  'lab_2_app_hw_1 [lab_2]'. 
2026-03-18 15:57:41 [info] : [Debug Manager] Disabling breakpoints in the tool to enable run mode for 'lab_2_app_hw_1 [lab_2]'. 
2026-03-18 15:57:41 [debug] : [Debug Manager] Started debug session: lab_2_app_hw_1 [lab_2] 
2026-03-18 15:57:41 [debug] : [hosted-plugin: 13456] Creating plugin connection: 32f700b2-cdd1-471f-90e8-0d7b567140aa 
2026-03-18 15:57:41 [debug] : [hosted-plugin: 13456] [TCF-Adapter]   [32f700b2-cdd1-471f-90e8-0d7b567140aa] <=== {
  "seq": 1,
  "type": "request",
  "command": "initialize",
  "arguments": {
    "clientID": "Theia",
    "clientName": "Theia IDE",
    "adapterID": "tcf-debug",
    "locale": "en-US",
    "linesStartAt1": true,
    "columnsStartAt1": true,
    "pathFormat": "path",
    "supportsVariableType": false,
    "supportsVariablePaging": false,
    "supportsRunInTerminalRequest": true
  }
} 
2026-03-18 15:57:41 [debug] : [hosted-plugin: 13456] [TCF-Adapter]   [32f700b2-cdd1-471f-90e8-0d7b567140aa] <=== {
  "seq": 2,
  "type": "request",
  "command": "launch",
  "arguments": {
    "type": "tcf-debug",
    "request": "launch",
    "name": "lab_2_app_hw_1",
    "debugType": "baremetal-zu",
    "attachToRunningTargetOptions": {
      "targetSetupMode": "standalone",
      "executeScript": true,
      "scriptPath": ""
    },
    "autoAttachProcessChildren": false,
    "target": {
      "targetConnectionId": "Local",
      "peersIniPath": "../../_ide/.peers.ini",
      "context": "ZUPlus"
    },
    "pathMap": [],
    "targetSetup": {
      "resetSystem": true,
      "programDevice": true,
      "partialBitstream": false,
      "skipRevisionCheck": false,
      "device": {
        "plDevice": "Auto Detect",
        "psDevice": "Auto Detect"
      },
      "enableRPUSplitMode": false,
      "resetAPU": false,
      "resetRPU": false,
      "bitstreamFile": "c:\\Users\\dkhar\\OneDrive\\Documents\\GitHub\\ee4218\\lab_2\\_ide\\bitstream\\lab2.bit",
      "zuInitialization": {
        "isFsbl": true,
        "usingFSBL": {
          "initWithFSBL": true,
          "fsblFile": "c:\\Users\\dkhar\\OneDrive\\Documents\\GitHub\\ee4218\\platform\\export\\platform\\sw\\boot\\fsbl.elf",
          "fsblExitSymbol": "XFsbl_Exit"
        },
        "usingPsuInit": {
          "runPsuInit": true,
          "plPowerup": true,
          "psuInitTclFile": "c:\\Users\\dkhar\\OneDrive\\Documents\\GitHub\\ee4218\\lab_2\\_ide\\psinit\\psu_init.tcl"
        }
      },
      "zuTraceOptions": {
        "isSelected": false,
        "scratchAddress": "0x60000",
        "scratchSize": "0x60000",
        "traceOutputPath": ""
      },
      "downloadElf": [
        {
          "core": "psu_cortexa53_0",
          "resetProcessor": true,
          "elfFile": "c:\\Users\\dkhar\\OneDrive\\Documents\\GitHub\\ee4218\\lab_2\\build\\lab_2.elf",
          "stopAtEntry": false,
          "isSelfRelocatingApp": false,
          "relativeAddress": ""
        }
      ],
      "crossTriggerBreakpoints": {
        "isSelected": false,
        "breakpoints": []
      }
    },
    "internalConsoleOptions": "openOnSessionStart",
    "__configUri": "file:///c%3A/Users/dkhar/OneDrive/Documents/GitHub/ee4218/lab_2/_ide/launch.json",
    "env": {},
    "noDebug": true
  }
} 
2026-03-18 15:57:41 [debug] : [hosted-plugin: 13456] There is no document for debugconsole:/ 
2026-03-18 15:57:42 [debug] : [hosted-plugin: 13456] [TCF-Adapter]   [32f700b2-cdd1-471f-90e8-0d7b567140aa] ===> {
  "type": "response",
  "seq": 1,
  "request_seq": 1,
  "command": "initialize",
  "success": true,
  "body": {
    "supportsFunctionBreakpoints": true,
    "supportsConditionalBreakpoints": true,
    "supportsHitConditionalBreakpoints": true,
    "supportsEvaluateForHovers": true,
    "supportsSetVariable": true,
    "supportsSetExpression": true,
    "supportsTerminateRequest": true,
    "supportsDataBreakpoints": true,
    "supportsDisassembleRequest": true,
    "supportsInstructionBreakpoints": true
  }
} 
2026-03-18 15:57:42 [debug] : [hosted-plugin: 13456] [TCF-Adapter]   [32f700b2-cdd1-471f-90e8-0d7b567140aa] ===> {
  "type": "event",
  "seq": 2,
  "event": "initialized"
} 
2026-03-18 15:57:42 [debug] : [hosted-plugin: 13456] [TCF-Adapter]   [32f700b2-cdd1-471f-90e8-0d7b567140aa] <=== {
  "seq": 3,
  "type": "request",
  "command": "setFunctionBreakpoints",
  "arguments": {
    "breakpoints": []
  }
} 
2026-03-18 15:57:43 [debug] : [hosted-plugin: 13456] [TCF-Adapter]   [32f700b2-cdd1-471f-90e8-0d7b567140aa] ===> {
  "type": "response",
  "seq": 3,
  "request_seq": 2,
  "command": "launch",
  "success": true
} 
2026-03-18 15:57:43 [debug] : [hosted-plugin: 13456] [TCF-Adapter]   [32f700b2-cdd1-471f-90e8-0d7b567140aa] ===> {
  "type": "response",
  "seq": 4,
  "request_seq": 3,
  "command": "setFunctionBreakpoints",
  "success": true,
  "body": {}
} 
2026-03-18 15:57:43 [debug] : Event posted using notification server in backend. {"0":{"wrappers_":{},"arrayIndexOffset_":-1,"array":["4bd2c277-5488-4845-b04c-03192810bedc",null,26,null,null,null,null,"{\"type\":\"tcf-debug\",\"request\":\"launch\",\"name\":\"lab_2_app_hw_1\",\"debugType\":\"baremetal-zu\",\"attachToRunningTargetOptions\":{\"targetSetupMode\":\"standalone\",\"executeScript\":true,\"scriptPath\":\"\"},\"autoAttachProcessChildren\":false,\"target\":{\"targetConnectionId\":\"Local\",\"peersIniPath\":\"../../_ide/.peers.ini\",\"context\":\"ZUPlus\"},\"pathMap\":[],\"targetSetup\":{\"resetSystem\":true,\"programDevice\":true,\"partialBitstream\":false,\"skipRevisionCheck\":false,\"device\":{\"plDevice\":\"Auto Detect\",\"psDevice\":\"Auto Detect\"},\"enableRPUSplitMode\":false,\"resetAPU\":false,\"resetRPU\":false,\"bitstreamFile\":\"c:\\\\Users\\\\dkhar\\\\OneDrive\\\\Documents\\\\GitHub\\\\ee4218\\\\lab_2\\\\_ide\\\\bitstream\\\\lab2.bit\",\"zuInitialization\":{\"isFsbl\":true,\"usingFSBL\":{\"initWithFSBL\":true,\"fsblFile\":\"c:\\\\Users\\\\dkhar\\\\OneDrive\\\\Documents\\\\GitHub\\\\ee4218\\\\platform\\\\export\\\\platform\\\\sw\\\\boot\\\\fsbl.elf\",\"fsblExitSymbol\":\"XFsbl_Exit\"},\"usingPsuInit\":{\"runPsuInit\":true,\"plPowerup\":true,\"psuInitTclFile\":\"c:\\\\Users\\\\dkhar\\\\OneDrive\\\\Documents\\\\GitHub\\\\ee4218\\\\lab_2\\\\_ide\\\\psinit\\\\psu_init.tcl\"}},\"zuTraceOptions\":{\"isSelected\":false,\"scratchAddress\":\"0x60000\",\"scratchSize\":\"0x60000\",\"traceOutputPath\":\"\"},\"downloadElf\":[{\"core\":\"psu_cortexa53_0\",\"resetProcessor\":true,\"elfFile\":\"c:\\\\Users\\\\dkhar\\\\OneDrive\\\\Documents\\\\GitHub\\\\ee4218\\\\lab_2\\\\build\\\\lab_2.elf\",\"stopAtEntry\":false,\"isSelfRelocatingApp\":false,\"relativeAddress\":\"\"}],\"crossTriggerBreakpoints\":{\"isSelected\":false,\"breakpoints\":[]}},\"internalConsoleOptions\":\"openOnSessionStart\",\"__configUri\":\"file:///c%3A/Users/dkhar/OneDrive/Documents/GitHub/ee4218/lab_2/_ide/launch.json\",\"env\":{},\"noDebug\":true}"],"pivot_":1.7976931348623157e+308,"convertedPrimitiveFields_":{}}}
2026-03-18 15:57:43 [info] : [Debug Manager] Launch session has started on the configuration 'lab_2_app_hw_1 [lab_2]' 
2026-03-18 15:57:43 [debug] : [Debug Manager] Start event received for launch configuration JSON: {"type":"tcf-debug","request":"launch","name":"lab_2_app_hw_1","debugType":"baremetal-zu","attachToRunningTargetOptions":{"targetSetupMode":"standalone","executeScript":true,"scriptPath":""},"autoAttachProcessChildren":false,"target":{"targetConnectionId":"Local","peersIniPath":"../../_ide/.peers.ini","context":"ZUPlus"},"pathMap":[],"targetSetup":{"resetSystem":true,"programDevice":true,"partialBitstream":false,"skipRevisionCheck":false,"device":{"plDevice":"Auto Detect","psDevice":"Auto Detect"},"enableRPUSplitMode":false,"resetAPU":false,"resetRPU":false,"bitstreamFile":"c:\\Users\\dkhar\\OneDrive\\Documents\\GitHub\\ee4218\\lab_2\\_ide\\bitstream\\lab2.bit","zuInitialization":{"isFsbl":true,"usingFSBL":{"initWithFSBL":true,"fsblFile":"c:\\Users\\dkhar\\OneDrive\\Documents\\GitHub\\ee4218\\platform\\export\\platform\\sw\\boot\\fsbl.elf","fsblExitSymbol":"XFsbl_Exit"},"usingPsuInit":{"runPsuInit":true,"plPowerup":true,"psuInitTclFile":"c:\\Users\\dkhar\\OneDrive\\Documents\\GitHub\\ee4218\\lab_2\\_ide\\psinit\\psu_init.tcl"}},"zuTraceOptions":{"isSelected":false,"scratchAddress":"0x60000","scratchSize":"0x60000","traceOutputPath":""},"downloadElf":[{"core":"psu_cortexa53_0","resetProcessor":true,"elfFile":"c:\\Users\\dkhar\\OneDrive\\Documents\\GitHub\\ee4218\\lab_2\\build\\lab_2.elf","stopAtEntry":false,"isSelfRelocatingApp":false,"relativeAddress":""}],"crossTriggerBreakpoints":{"isSelected":false,"breakpoints":[]}},"internalConsoleOptions":"openOnSessionStart","__configUri":"file:///c%3A/Users/dkhar/OneDrive/Documents/GitHub/ee4218/lab_2/_ide/launch.json","env":{},"noDebug":true} 
2026-03-18 15:57:43 [debug] : Error setting breakpoints: Cannot read properties of undefined (reading 'forEach') 
2026-03-18 15:57:43 [debug] : [Debug Manager] Launch event posted to server using notification service - ON_DID_EDGE_HOST_LAUNCH_START 
2026-03-18 15:57:43 [debug] : Received event from notification service: ON_DID_EDGE_HOST_LAUNCH_START. 
2026-03-18 15:57:43 [debug] : [hosted-plugin: 13456] [TCF-Adapter]   [32f700b2-cdd1-471f-90e8-0d7b567140aa] <=== {
  "seq": 4,
  "type": "request",
  "command": "setExceptionBreakpoints",
  "arguments": {
    "filters": []
  }
} 
2026-03-18 15:57:43 [debug] : [hosted-plugin: 13456] [TCF-Adapter]   [32f700b2-cdd1-471f-90e8-0d7b567140aa] ===> {
  "type": "response",
  "seq": 5,
  "request_seq": 4,
  "command": "setExceptionBreakpoints",
  "success": true,
  "body": {
    "breakpoints": []
  }
} 
2026-03-18 15:57:43 [debug] : [hosted-plugin: 13456] [TCF-Adapter]   [32f700b2-cdd1-471f-90e8-0d7b567140aa] <=== {
  "seq": 5,
  "type": "request",
  "command": "setInstructionBreakpoints",
  "arguments": {
    "breakpoints": []
  }
} 
2026-03-18 15:57:43 [debug] : [hosted-plugin: 13456] [TCF-Adapter]   [32f700b2-cdd1-471f-90e8-0d7b567140aa] ===> {
  "type": "response",
  "seq": 6,
  "request_seq": 5,
  "command": "setInstructionBreakpoints",
  "success": true,
  "body": {
    "breakpoints": []
  }
} 
2026-03-18 15:57:43 [debug] : [hosted-plugin: 13456] [TCF-Adapter]   [32f700b2-cdd1-471f-90e8-0d7b567140aa] <=== {
  "seq": 6,
  "type": "request",
  "command": "threads",
  "arguments": {}
} 
2026-03-18 15:57:43 [debug] : [hosted-plugin: 13456] [TCF-Adapter]   [32f700b2-cdd1-471f-90e8-0d7b567140aa] ===> {
  "type": "response",
  "seq": 7,
  "request_seq": 6,
  "command": "threads",
  "success": true,
  "body": {
    "threads": [
      {
        "isContainer": true,
        "canRunProfiling": false,
        "id": 100,
        "name": "PS TAP"
      },
      {
        "isContainer": true,
        "canRunProfiling": false,
        "id": 101,
        "name": "PSU"
      },
      {
        "isContainer": true,
        "canRunProfiling": false,
        "id": 102,
        "name": "PS TAP/PMU"
      },
      {
        "isContainer": true,
        "canRunProfiling": false,
        "id": 103,
        "name": "PS TAP/PL"
      },
      {
        "isContainer": true,
        "canRunProfiling": false,
        "id": 104,
        "name": "PSU/RPU  (Reset)"
      },
      {
        "isContainer": true,
        "canRunProfiling": false,
        "id": 105,
        "name": "PSU/APU"
      },
      {
        "isContainer": false,
        "canRunProfiling": true,
        "id": 106,
        "name": "PSU/RPU/Cortex-R5 #0"
      },
      {
        "isContainer": false,
        "canRunProfiling": true,
        "id": 107,
        "name": "PSU/RPU/Cortex-R5 #1"
      },
      {
        "isContainer": false,
        "canRunProfiling": true,
        "id": 108,
        "name": "PSU/APU/Cortex-A53 #0"
      },
      {
        "isContainer": false,
        "canRunProfiling": true,
        "id": 109,
        "name": "PSU/APU/Cortex-A53 #1"
      },
      {
        "isContainer": false,
        "canRunProfiling": true,
        "id": 110,
        "name": "PSU/APU/Cortex-A53 #2"
      },
      {
        "isContainer": false,
        "canRunProfiling": true,
        "id": 111,
        "name": "PSU/APU/Cortex-A53 #3"
      }
    ]
  }
} 
2026-03-18 15:57:43 [debug] : [hosted-plugin: 13456] [TCF-Adapter]   [32f700b2-cdd1-471f-90e8-0d7b567140aa] <=== {
  "seq": 7,
  "type": "request",
  "command": "stackTrace",
  "arguments": {
    "startFrame": 0,
    "levels": 20,
    "threadId": 100
  }
} 
2026-03-18 15:57:43 [debug] : [hosted-plugin: 13456] [TCF-Adapter]   [32f700b2-cdd1-471f-90e8-0d7b567140aa] ===> {
  "type": "response",
  "seq": 8,
  "request_seq": 7,
  "command": "stackTrace",
  "success": true,
  "body": {
    "stackFrames": [
      {
        "id": 0,
        "name": "No Stack for Thread 100",
        "line": 0,
        "column": 0,
        "presentationHint": "label"
      }
    ],
    "totalFrames": 1
  }
} 
2026-03-18 15:57:43 [debug] : [hosted-plugin: 13456] [TCF-Adapter]   [32f700b2-cdd1-471f-90e8-0d7b567140aa] <=== {
  "seq": 8,
  "type": "request",
  "command": "scopes",
  "arguments": {
    "frameId": 0
  }
} 
2026-03-18 15:57:43 [debug] : [hosted-plugin: 13456] [TCF-Adapter]   [32f700b2-cdd1-471f-90e8-0d7b567140aa] ===> {
  "type": "response",
  "seq": 9,
  "request_seq": 8,
  "command": "scopes",
  "success": true,
  "body": {
    "scopes": [
      {
        "name": "Locals",
        "presentationHint": "locals",
        "variablesReference": 0,
        "expensive": false
      }
    ]
  }
} 
2026-03-18 15:57:44 [debug] : [hosted-plugin: 13456] [TCF-Adapter]   [32f700b2-cdd1-471f-90e8-0d7b567140aa] ===> {
  "type": "event",
  "seq": 10,
  "event": "stopped",
  "body": {
    "reason": "RPU Reset",
    "threadId": 106
  }
} 
2026-03-18 15:57:44 [debug] : [hosted-plugin: 13456] [TCF-Adapter]   [32f700b2-cdd1-471f-90e8-0d7b567140aa] ===> {
  "type": "event",
  "seq": 11,
  "event": "stopped",
  "body": {
    "reason": "RPU Reset",
    "threadId": 107
  }
}
[TCF-Adapter]   [32f700b2-cdd1-471f-90e8-0d7b567140aa] ===> {
  "type": "event",
  "seq": 12,
  "event": "stopped",
  "body": {
    "reason": "Power On Reset",
    "threadId": 109
  }
} 
2026-03-18 15:57:44 [debug] : [hosted-plugin: 13456] [TCF-Adapter]   [32f700b2-cdd1-471f-90e8-0d7b567140aa] ===> {
  "type": "event",
  "seq": 13,
  "event": "stopped",
  "body": {
    "reason": "Power On Reset",
    "threadId": 110
  }
} 
2026-03-18 15:57:44 [debug] : [hosted-plugin: 13456] [TCF-Adapter]   [32f700b2-cdd1-471f-90e8-0d7b567140aa] ===> {
  "type": "event",
  "seq": 14,
  "event": "stopped",
  "body": {
    "reason": "Power On Reset",
    "threadId": 111
  }
} 
2026-03-18 15:57:44 [debug] : [hosted-plugin: 13456] [TCF-Adapter]   [32f700b2-cdd1-471f-90e8-0d7b567140aa] <=== {
  "seq": 9,
  "type": "request",
  "command": "threads",
  "arguments": {}
} 
2026-03-18 15:57:44 [debug] : [hosted-plugin: 13456] [TCF-Adapter]   [32f700b2-cdd1-471f-90e8-0d7b567140aa] ===> {
  "type": "response",
  "seq": 15,
  "request_seq": 9,
  "command": "threads",
  "success": true,
  "body": {
    "threads": [
      {
        "isContainer": true,
        "canRunProfiling": false,
        "id": 100,
        "name": "PS TAP"
      },
      {
        "isContainer": true,
        "canRunProfiling": false,
        "id": 101,
        "name": "PSU"
      },
      {
        "isContainer": true,
        "canRunProfiling": false,
        "id": 102,
        "name": "PS TAP/PMU"
      },
      {
        "isContainer": true,
        "canRunProfiling": false,
        "id": 103,
        "name": "PS TAP/PL"
      },
      {
        "isContainer": true,
        "canRunProfiling": false,
        "id": 104,
        "name": "PSU/RPU  (Reset)"
      },
      {
        "isContainer": true,
        "canRunProfiling": false,
        "id": 105,
        "name": "PSU/APU"
      },
      {
        "isContainer": false,
        "canRunProfiling": true,
        "id": 106,
        "name": "PSU/RPU/Cortex-R5 #0"
      },
      {
        "isContainer": false,
        "canRunProfiling": true,
        "id": 107,
        "name": "PSU/RPU/Cortex-R5 #1"
      },
      {
        "isContainer": false,
        "canRunProfiling": true,
        "id": 108,
        "name": "PSU/APU/Cortex-A53 #0"
      },
      {
        "isContainer": false,
        "canRunProfiling": true,
        "id": 109,
        "name": "PSU/APU/Cortex-A53 #1"
      },
      {
        "isContainer": false,
        "canRunProfiling": true,
        "id": 110,
        "name": "PSU/APU/Cortex-A53 #2"
      },
      {
        "isContainer": false,
        "canRunProfiling": true,
        "id": 111,
        "name": "PSU/APU/Cortex-A53 #3"
      }
    ]
  }
} 
2026-03-18 15:57:44 [debug] : [hosted-plugin: 13456] [TCF-Adapter]   [32f700b2-cdd1-471f-90e8-0d7b567140aa] <=== {
  "seq": 10,
  "type": "request",
  "command": "stackTrace",
  "arguments": {
    "startFrame": 0,
    "levels": 20,
    "threadId": 106
  }
} 
2026-03-18 15:57:44 [debug] : [hosted-plugin: 13456] [TCF-Adapter]   [32f700b2-cdd1-471f-90e8-0d7b567140aa] <=== {
  "seq": 11,
  "type": "request",
  "command": "threads",
  "arguments": {}
} 
2026-03-18 15:57:44 [debug] : [hosted-plugin: 13456] [TCF-Adapter]   [32f700b2-cdd1-471f-90e8-0d7b567140aa] ===> {
  "type": "response",
  "seq": 16,
  "request_seq": 10,
  "command": "stackTrace",
  "success": true,
  "body": {
    "stackFrames": [
      {
        "id": 0,
        "name": "No Stack for Thread 106",
        "line": 0,
        "column": 0,
        "presentationHint": "label"
      }
    ],
    "totalFrames": 1
  }
} 
2026-03-18 15:57:44 [debug] : [hosted-plugin: 13456] [TCF-Adapter]   [32f700b2-cdd1-471f-90e8-0d7b567140aa] ===> {
  "type": "response",
  "seq": 17,
  "request_seq": 11,
  "command": "threads",
  "success": true,
  "body": {
    "threads": [
      {
        "isContainer": true,
        "canRunProfiling": false,
        "id": 100,
        "name": "PS TAP"
      },
      {
        "isContainer": true,
        "canRunProfiling": false,
        "id": 101,
        "name": "PSU"
      },
      {
        "isContainer": true,
        "canRunProfiling": false,
        "id": 102,
        "name": "PS TAP/PMU"
      },
      {
        "isContainer": true,
        "canRunProfiling": false,
        "id": 103,
        "name": "PS TAP/PL"
      },
      {
        "isContainer": true,
        "canRunProfiling": false,
        "id": 104,
        "name": "PSU/RPU  (Reset)"
      },
      {
        "isContainer": true,
        "canRunProfiling": false,
        "id": 105,
        "name": "PSU/APU"
      },
      {
        "isContainer": false,
        "canRunProfiling": true,
        "id": 106,
        "name": "PSU/RPU/Cortex-R5 #0"
      },
      {
        "isContainer": false,
        "canRunProfiling": true,
        "id": 107,
        "name": "PSU/RPU/Cortex-R5 #1"
      },
      {
        "isContainer": false,
        "canRunProfiling": true,
        "id": 108,
        "name": "PSU/APU/Cortex-A53 #0"
      },
      {
        "isContainer": false,
        "canRunProfiling": true,
        "id": 109,
        "name": "PSU/APU/Cortex-A53 #1"
      },
      {
        "isContainer": false,
        "canRunProfiling": true,
        "id": 110,
        "name": "PSU/APU/Cortex-A53 #2"
      },
      {
        "isContainer": false,
        "canRunProfiling": true,
        "id": 111,
        "name": "PSU/APU/Cortex-A53 #3"
      }
    ]
  }
} 
2026-03-18 15:57:44 [debug] : [hosted-plugin: 13456] [TCF-Adapter]   [32f700b2-cdd1-471f-90e8-0d7b567140aa] <=== {
  "seq": 12,
  "type": "request",
  "command": "stackTrace",
  "arguments": {
    "startFrame": 0,
    "levels": 20,
    "threadId": 107
  }
} 
2026-03-18 15:57:44 [debug] : [hosted-plugin: 13456] [TCF-Adapter]   [32f700b2-cdd1-471f-90e8-0d7b567140aa] <=== {
  "seq": 13,
  "type": "request",
  "command": "threads",
  "arguments": {}
} 
2026-03-18 15:57:44 [debug] : [hosted-plugin: 13456] [TCF-Adapter]   [32f700b2-cdd1-471f-90e8-0d7b567140aa] ===> {
  "type": "response",
  "seq": 18,
  "request_seq": 12,
  "command": "stackTrace",
  "success": true,
  "body": {
    "stackFrames": [
      {
        "id": 0,
        "name": "No Stack for Thread 107",
        "line": 0,
        "column": 0,
        "presentationHint": "label"
      }
    ],
    "totalFrames": 1
  }
} 
2026-03-18 15:57:44 [debug] : [hosted-plugin: 13456] [TCF-Adapter]   [32f700b2-cdd1-471f-90e8-0d7b567140aa] ===> {
  "type": "response",
  "seq": 19,
  "request_seq": 13,
  "command": "threads",
  "success": true,
  "body": {
    "threads": [
      {
        "isContainer": true,
        "canRunProfiling": false,
        "id": 100,
        "name": "PS TAP"
      },
      {
        "isContainer": true,
        "canRunProfiling": false,
        "id": 101,
        "name": "PSU"
      },
      {
        "isContainer": true,
        "canRunProfiling": false,
        "id": 102,
        "name": "PS TAP/PMU"
      },
      {
        "isContainer": true,
        "canRunProfiling": false,
        "id": 103,
        "name": "PS TAP/PL"
      },
      {
        "isContainer": true,
        "canRunProfiling": false,
        "id": 104,
        "name": "PSU/RPU  (Reset)"
      },
      {
        "isContainer": true,
        "canRunProfiling": false,
        "id": 105,
        "name": "PSU/APU"
      },
      {
        "isContainer": false,
        "canRunProfiling": true,
        "id": 106,
        "name": "PSU/RPU/Cortex-R5 #0"
      },
      {
        "isContainer": false,
        "canRunProfiling": true,
        "id": 107,
        "name": "PSU/RPU/Cortex-R5 #1"
      },
      {
        "isContainer": false,
        "canRunProfiling": true,
        "id": 108,
        "name": "PSU/APU/Cortex-A53 #0"
      },
      {
        "isContainer": false,
        "canRunProfiling": true,
        "id": 109,
        "name": "PSU/APU/Cortex-A53 #1"
      },
      {
        "isContainer": false,
        "canRunProfiling": true,
        "id": 110,
        "name": "PSU/APU/Cortex-A53 #2"
      },
      {
        "isContainer": false,
        "canRunProfiling": true,
        "id": 111,
        "name": "PSU/APU/Cortex-A53 #3"
      }
    ]
  }
} 
2026-03-18 15:57:44 [debug] : [hosted-plugin: 13456] [TCF-Adapter]   [32f700b2-cdd1-471f-90e8-0d7b567140aa] <=== {
  "seq": 14,
  "type": "request",
  "command": "stackTrace",
  "arguments": {
    "startFrame": 0,
    "levels": 20,
    "threadId": 109
  }
} 
2026-03-18 15:57:44 [debug] : [hosted-plugin: 13456] [TCF-Adapter]   [32f700b2-cdd1-471f-90e8-0d7b567140aa] <=== {
  "seq": 15,
  "type": "request",
  "command": "threads",
  "arguments": {}
} 
2026-03-18 15:57:44 [debug] : [hosted-plugin: 13456] [TCF-Adapter]   [32f700b2-cdd1-471f-90e8-0d7b567140aa] ===> {
  "type": "response",
  "seq": 20,
  "request_seq": 14,
  "command": "stackTrace",
  "success": true,
  "body": {
    "stackFrames": [
      {
        "id": 0,
        "name": "No Stack for Thread 109",
        "line": 0,
        "column": 0,
        "presentationHint": "label"
      }
    ],
    "totalFrames": 1
  }
} 
2026-03-18 15:57:44 [debug] : [hosted-plugin: 13456] [TCF-Adapter]   [32f700b2-cdd1-471f-90e8-0d7b567140aa] ===> {
  "type": "response",
  "seq": 21,
  "request_seq": 15,
  "command": "threads",
  "success": true,
  "body": {
    "threads": [
      {
        "isContainer": true,
        "canRunProfiling": false,
        "id": 100,
        "name": "PS TAP"
      },
      {
        "isContainer": true,
        "canRunProfiling": false,
        "id": 101,
        "name": "PSU"
      },
      {
        "isContainer": true,
        "canRunProfiling": false,
        "id": 102,
        "name": "PS TAP/PMU"
      },
      {
        "isContainer": true,
        "canRunProfiling": false,
        "id": 103,
        "name": "PS TAP/PL"
      },
      {
        "isContainer": true,
        "canRunProfiling": false,
        "id": 104,
        "name": "PSU/RPU  (Reset)"
      },
      {
        "isContainer": true,
        "canRunProfiling": false,
        "id": 105,
        "name": "PSU/APU"
      },
      {
        "isContainer": false,
        "canRunProfiling": true,
        "id": 106,
        "name": "PSU/RPU/Cortex-R5 #0"
      },
      {
        "isContainer": false,
        "canRunProfiling": true,
        "id": 107,
        "name": "PSU/RPU/Cortex-R5 #1"
      },
      {
        "isContainer": false,
        "canRunProfiling": true,
        "id": 108,
        "name": "PSU/APU/Cortex-A53 #0"
      },
      {
        "isContainer": false,
        "canRunProfiling": true,
        "id": 109,
        "name": "PSU/APU/Cortex-A53 #1"
      },
      {
        "isContainer": false,
        "canRunProfiling": true,
        "id": 110,
        "name": "PSU/APU/Cortex-A53 #2"
      },
      {
        "isContainer": false,
        "canRunProfiling": true,
        "id": 111,
        "name": "PSU/APU/Cortex-A53 #3"
      }
    ]
  }
} 
2026-03-18 15:57:44 [debug] : [hosted-plugin: 13456] [TCF-Adapter]   [32f700b2-cdd1-471f-90e8-0d7b567140aa] <=== {
  "seq": 16,
  "type": "request",
  "command": "stackTrace",
  "arguments": {
    "startFrame": 0,
    "levels": 20,
    "threadId": 110
  }
} 
2026-03-18 15:57:44 [debug] : [hosted-plugin: 13456] [TCF-Adapter]   [32f700b2-cdd1-471f-90e8-0d7b567140aa] <=== {
  "seq": 17,
  "type": "request",
  "command": "threads",
  "arguments": {}
} 
2026-03-18 15:57:44 [debug] : [hosted-plugin: 13456] [TCF-Adapter]   [32f700b2-cdd1-471f-90e8-0d7b567140aa] ===> {
  "type": "response",
  "seq": 22,
  "request_seq": 16,
  "command": "stackTrace",
  "success": true,
  "body": {
    "stackFrames": [
      {
        "id": 0,
        "name": "No Stack for Thread 110",
        "line": 0,
        "column": 0,
        "presentationHint": "label"
      }
    ],
    "totalFrames": 1
  }
} 
2026-03-18 15:57:44 [debug] : [hosted-plugin: 13456] [TCF-Adapter]   [32f700b2-cdd1-471f-90e8-0d7b567140aa] ===> {
  "type": "response",
  "seq": 23,
  "request_seq": 17,
  "command": "threads",
  "success": true,
  "body": {
    "threads": [
      {
        "isContainer": true,
        "canRunProfiling": false,
        "id": 100,
        "name": "PS TAP"
      },
      {
        "isContainer": true,
        "canRunProfiling": false,
        "id": 101,
        "name": "PSU"
      },
      {
        "isContainer": true,
        "canRunProfiling": false,
        "id": 102,
        "name": "PS TAP/PMU"
      },
      {
        "isContainer": true,
        "canRunProfiling": false,
        "id": 103,
        "name": "PS TAP/PL"
      },
      {
        "isContainer": true,
        "canRunProfiling": false,
        "id": 104,
        "name": "PSU/RPU  (Reset)"
      },
      {
        "isContainer": true,
        "canRunProfiling": false,
        "id": 105,
        "name": "PSU/APU"
      },
      {
        "isContainer": false,
        "canRunProfiling": true,
        "id": 106,
        "name": "PSU/RPU/Cortex-R5 #0"
      },
      {
        "isContainer": false,
        "canRunProfiling": true,
        "id": 107,
        "name": "PSU/RPU/Cortex-R5 #1"
      },
      {
        "isContainer": false,
        "canRunProfiling": true,
        "id": 108,
        "name": "PSU/APU/Cortex-A53 #0"
      },
      {
        "isContainer": false,
        "canRunProfiling": true,
        "id": 109,
        "name": "PSU/APU/Cortex-A53 #1"
      },
      {
        "isContainer": false,
        "canRunProfiling": true,
        "id": 110,
        "name": "PSU/APU/Cortex-A53 #2"
      },
      {
        "isContainer": false,
        "canRunProfiling": true,
        "id": 111,
        "name": "PSU/APU/Cortex-A53 #3"
      }
    ]
  }
} 
2026-03-18 15:57:44 [debug] : [hosted-plugin: 13456] [TCF-Adapter]   [32f700b2-cdd1-471f-90e8-0d7b567140aa] <=== {
  "seq": 18,
  "type": "request",
  "command": "stackTrace",
  "arguments": {
    "startFrame": 0,
    "levels": 20,
    "threadId": 111
  }
} 
2026-03-18 15:57:44 [debug] : [hosted-plugin: 13456] [TCF-Adapter]   [32f700b2-cdd1-471f-90e8-0d7b567140aa] ===> {
  "type": "response",
  "seq": 24,
  "request_seq": 18,
  "command": "stackTrace",
  "success": true,
  "body": {
    "stackFrames": [
      {
        "id": 0,
        "name": "No Stack for Thread 111",
        "line": 0,
        "column": 0,
        "presentationHint": "label"
      }
    ],
    "totalFrames": 1
  }
} 
2026-03-18 15:57:44 [debug] : [hosted-plugin: 13456] [TCF-Adapter]   [32f700b2-cdd1-471f-90e8-0d7b567140aa] <=== {
  "seq": 19,
  "type": "request",
  "command": "scopes",
  "arguments": {
    "frameId": 0
  }
} 
2026-03-18 15:57:44 [debug] : [hosted-plugin: 13456] [TCF-Adapter]   [32f700b2-cdd1-471f-90e8-0d7b567140aa] ===> {
  "type": "response",
  "seq": 25,
  "request_seq": 19,
  "command": "scopes",
  "success": true,
  "body": {
    "scopes": [
      {
        "name": "Locals",
        "presentationHint": "locals",
        "variablesReference": 0,
        "expensive": false
      }
    ]
  }
} 
2026-03-18 15:57:48 [debug] : MonacoEditorModel.cancelSync {"0":"file:///c:/Users/dkhar/OneDrive/Documents/GitHub/ee4218/_ide/logs/vitis.log"}
2026-03-18 15:57:48 [debug] : MonacoEditorModel.doSync - enter {"0":"file:///c:/Users/dkhar/OneDrive/Documents/GitHub/ee4218/_ide/logs/vitis.log"}
2026-03-18 15:57:48 [debug] : MonacoEditorModel.cancelSync {"0":"file:///c:/Users/dkhar/OneDrive/Documents/GitHub/ee4218/_ide/logs/vitis.log"}
2026-03-18 15:57:48 [debug] : MonacoEditorModel.cancelSync {"0":"file:///c:/Users/dkhar/OneDrive/Documents/GitHub/ee4218/_ide/logs/vitis.log"}
2026-03-18 15:57:48 [debug] : MonacoEditorModel.doSync - exit - cancelled while looking for a resource {"0":"file:///c:/Users/dkhar/OneDrive/Documents/GitHub/ee4218/_ide/logs/vitis.log"}
2026-03-18 15:57:48 [debug] : MonacoEditorModel.doSync - enter {"0":"file:///c:/Users/dkhar/OneDrive/Documents/GitHub/ee4218/_ide/logs/vitis.log"}
2026-03-18 15:57:48 [debug] : MonacoEditorModel.doSync - exit - cancelled {"0":"file:///c:/Users/dkhar/OneDrive/Documents/GitHub/ee4218/_ide/logs/vitis.log"}
2026-03-18 15:57:48 [debug] : MonacoEditorModel.doSync - enter {"0":"file:///c:/Users/dkhar/OneDrive/Documents/GitHub/ee4218/_ide/logs/vitis.log"}
2026-03-18 15:57:48 [debug] : MonacoEditorModel.fireDidChangeContent - enter - {
  "changes": [
    {
      "range": {
        "startLineNumber": 239,
        "startColumn": 1,
        "endLineNumber": 239,
        "endColumn": 1
      },
      "rangeLength": 0,
      "text": "15:57:17 INFO  : connect -url tcp:127.0.0.1:3121\r\n15:57:17 INFO  : bpremove -all\r\n15:57:17 INFO  : source C:/Xilinx/2025.1/Vitis/scripts/vitis/util/zynqmp_utils.tcl\r\n15:57:17 INFO  : Context for 'APU' is selected.\r\n15:57:18 INFO  : System reset is completed.\r\n15:57:21 INFO  : 'after 3000' command is executed.\r\n15:57:21 INFO  : 'targets -set -filter {jtag_cable_name =~ \"Xilinx X-MLCC-01 XFL12WIJITMUA\" && level==0 && jtag_device_ctx==\"jsn-X-MLCC-01-XFL12WIJITMUA-04724093-0\"}' command is executed.\r\n15:57:26 INFO  : Device configured successfully with \"C:/Users/dkhar/OneDrive/Documents/GitHub/ee4218/lab_2/_ide/bitstream/lab2.bit\"\r\n15:57:26 INFO  : targets -set -nocase -filter {name =~\"PSU*\" && jtag_cable_name =~ \"Xilinx X-MLCC-01 XFL12WIJITMUA\" && jtag_device_ctx==\"jsn-X-MLCC-01-XFL12WIJITMUA-5ba00477-0\"}\r\n15:57:26 INFO  : catch {disable_pmu_gate}\r\n15:57:26 INFO  : targets -set -nocase -filter {name =~\"APU*\" && jtag_cable_name =~ \"Xilinx X-MLCC-01 XFL12WIJITMUA\" && jtag_device_ctx==\"jsn-X-MLCC-01-XFL12WIJITMUA-5ba00477-0\"}\r\n15:57:28 INFO  : loadhw -hw C:/Users/dkhar/OneDrive/Documents/GitHub/ee4218/platform/export/platform/hw/lab2.xsa -mem-ranges [list {0x80000000 0xbfffffff} {0x400000000 0x5ffffffff} {0x1000000000 0x7fffffffff}]\r\n15:57:28 INFO  : configparams force-mem-access 1\r\n15:57:30 INFO  : targets -set -nocase -filter {name =~\"APU*\" && jtag_cable_name =~ \"Xilinx X-MLCC-01 XFL12WIJITMUA\" && jtag_device_ctx==\"jsn-X-MLCC-01-XFL12WIJITMUA-5ba00477-0\"}\r\n15:57:30 INFO  : source C:/Xilinx/2025.1/Vitis/vitis-server/scripts/jtag_reg.tcl\r\n15:57:30 INFO  : Boot mode is read from the target.\r\n15:57:35 INFO  : Boot mode of the target is set to jtag.\r\n15:57:35 INFO  : targets -set -nocase -filter {name =~ \"*A53*#0\"}\r\n15:57:35 INFO  : rst -processor\r\n15:57:36 INFO  : dow C:/Users/dkhar/OneDrive/Documents/GitHub/ee4218/platform/export/platform/sw/boot/fsbl.elf\r\n15:57:38 INFO  : set bp_57_36_fsbl_bp [bpadd -addr &XFsbl_Exit]\r\n15:57:38 INFO  : con -block -timeout 60\r\n15:57:38 INFO  : bpremove $bp_57_36_fsbl_bp\r\n15:57:38 INFO  : targets -set -nocase -filter {name =~ \"*A53*#0\" && jtag_cable_name =~ \"Xilinx X-MLCC-01 XFL12WIJITMUA\" && jtag_device_ctx==\"jsn-X-MLCC-01-XFL12WIJITMUA-5ba00477-0\"}\r\n15:57:38 INFO  : rst -processor\r\n15:57:39 INFO  : dow C:/Users/dkhar/OneDrive/Documents/GitHub/ee4218/lab_2/build/lab_2.elf\r\n15:57:39 INFO  : con\r\n15:57:39 INFO  : configparams force-mem-access 0\r\n15:57:40 INFO  : Testing the connection for 127.0.0.1\r\n",
      "rangeOffset": 28600,
      "forceMoveMarkers": true
    }
  ],
  "eol": "\r\n",
  "isEolChange": false,
  "versionId": 13,
  "isUndoing": false,
  "isRedoing": false,
  "isFlush": false
} {"0":"file:///c:/Users/dkhar/OneDrive/Documents/GitHub/ee4218/_ide/logs/vitis.log"}
2026-03-18 15:57:48 [debug] : MonacoEditorModel.markAsDirty - enter {"0":"file:///c:/Users/dkhar/OneDrive/Documents/GitHub/ee4218/_ide/logs/vitis.log"}
2026-03-18 15:57:48 [debug] : MonacoEditorModel.markAsDirty - exit - ignoring dirty changes enabled {"0":"file:///c:/Users/dkhar/OneDrive/Documents/GitHub/ee4218/_ide/logs/vitis.log"}
2026-03-18 15:57:48 [debug] : MonacoEditorModel.fireDidChangeContent - exit {"0":"file:///c:/Users/dkhar/OneDrive/Documents/GitHub/ee4218/_ide/logs/vitis.log"}
2026-03-18 15:57:48 [debug] : MonacoEditorModel.doSync - exit {"0":"file:///c:/Users/dkhar/OneDrive/Documents/GitHub/ee4218/_ide/logs/vitis.log"}
2026-03-18 15:58:18 [debug] : [Debugger Server] In 'setupSystemLaunchJson' with connection:[object Object] request:{"applicationpath":"","componentpath":"C:\\Users\\dkhar\\OneDrive\\Documents\\GitHub\\ee4218\\lab_2","createnew":false,"emulatorstarted":false,"debugport":"","target":"","debug":false,"launchname":"lab_2_app_hw_1","qemugdbport":"","plmgdbport":""} 
2026-03-18 15:58:18 [debug] : Received event from notification service: ON_BAREMETAL_DEBUG_PROGRESS. 
2026-03-18 15:58:18 [debug] : RIGEL SERVER 15:58:18 INFO  : connect -url tcp:127.0.0.1:3121 
2026-03-18 15:58:18 [debug] : Received event from notification service: ON_BAREMETAL_DEBUG_PROGRESS. 
2026-03-18 15:58:18 [debug] : Received event from notification service: ON_BAREMETAL_DEBUG_PROGRESS. 
2026-03-18 15:58:18 [debug] : RIGEL SERVER 15:58:18 INFO  : bpremove -all 
2026-03-18 15:58:18 [debug] : Received event from notification service: ON_BAREMETAL_DEBUG_PROGRESS. 
2026-03-18 15:58:18 [debug] : RIGEL SERVER 15:58:18 INFO  : source C:/Xilinx/2025.1/Vitis/scripts/vitis/util/zynqmp_utils.tcl 
2026-03-18 15:58:18 [debug] : Received event from notification service: ON_BAREMETAL_DEBUG_PROGRESS. 
2026-03-18 15:58:18 [debug] : RIGEL SERVER 15:58:18 INFO  : Context for 'APU' is selected. 
2026-03-18 15:58:18 [debug] : [hosted-plugin: 13456] [TCF-Adapter]   [32f700b2-cdd1-471f-90e8-0d7b567140aa] ===> {
  "type": "event",
  "seq": 26,
  "event": "thread",
  "body": {
    "reason": "exited",
    "threadId": 106
  }
} 
2026-03-18 15:58:18 [debug] : [hosted-plugin: 13456] [TCF-Adapter]   [32f700b2-cdd1-471f-90e8-0d7b567140aa] ===> {
  "type": "event",
  "seq": 27,
  "event": "thread",
  "body": {
    "reason": "exited",
    "threadId": 107
  }
} 
2026-03-18 15:58:18 [debug] : [hosted-plugin: 13456] [TCF-Adapter]   [32f700b2-cdd1-471f-90e8-0d7b567140aa] ===> {
  "type": "event",
  "seq": 28,
  "event": "thread",
  "body": {
    "reason": "exited",
    "threadId": 104
  }
} 
2026-03-18 15:58:18 [debug] : [hosted-plugin: 13456] [TCF-Adapter]   [32f700b2-cdd1-471f-90e8-0d7b567140aa] ===> {
  "type": "event",
  "seq": 29,
  "event": "thread",
  "body": {
    "reason": "exited",
    "threadId": 108
  }
} 
2026-03-18 15:58:18 [debug] : [hosted-plugin: 13456] [TCF-Adapter]   [32f700b2-cdd1-471f-90e8-0d7b567140aa] ===> {
  "type": "event",
  "seq": 30,
  "event": "thread",
  "body": {
    "reason": "exited",
    "threadId": 109
  }
} 
2026-03-18 15:58:18 [debug] : [hosted-plugin: 13456] [TCF-Adapter]   [32f700b2-cdd1-471f-90e8-0d7b567140aa] ===> {
  "type": "event",
  "seq": 31,
  "event": "thread",
  "body": {
    "reason": "exited",
    "threadId": 110
  }
} 
2026-03-18 15:58:18 [debug] : [hosted-plugin: 13456] [TCF-Adapter]   [32f700b2-cdd1-471f-90e8-0d7b567140aa] ===> {
  "type": "event",
  "seq": 32,
  "event": "thread",
  "body": {
    "reason": "exited",
    "threadId": 111
  }
} 
2026-03-18 15:58:18 [debug] : [hosted-plugin: 13456] [TCF-Adapter]   [32f700b2-cdd1-471f-90e8-0d7b567140aa] ===> {
  "type": "event",
  "seq": 33,
  "event": "thread",
  "body": {
    "reason": "exited",
    "threadId": 105
  }
} 
2026-03-18 15:58:18 [debug] : [hosted-plugin: 13456] [TCF-Adapter]   [32f700b2-cdd1-471f-90e8-0d7b567140aa] ===> {
  "type": "event",
  "seq": 34,
  "event": "terminated",
  "body": {}
} 
2026-03-18 15:58:18 [debug] : [hosted-plugin: 13456] [TCF-Adapter]   [32f700b2-cdd1-471f-90e8-0d7b567140aa] ===> {
  "type": "event",
  "seq": 35,
  "event": "thread",
  "body": {
    "reason": "started",
    "threadId": 0
  }
} 
2026-03-18 15:58:18 [debug] : [hosted-plugin: 13456] [TCF-Adapter]   [32f700b2-cdd1-471f-90e8-0d7b567140aa] ===> {
  "type": "event",
  "seq": 36,
  "event": "thread",
  "body": {
    "reason": "started",
    "threadId": 0
  }
} 
2026-03-18 15:58:18 [debug] : [hosted-plugin: 13456] [TCF-Adapter]   [32f700b2-cdd1-471f-90e8-0d7b567140aa] ===> {
  "type": "event",
  "seq": 37,
  "event": "thread",
  "body": {
    "reason": "started",
    "threadId": 0
  }
} 
2026-03-18 15:58:18 [debug] : [hosted-plugin: 13456] [TCF-Adapter]   [32f700b2-cdd1-471f-90e8-0d7b567140aa] ===> {
  "type": "event",
  "seq": 38,
  "event": "thread",
  "body": {
    "reason": "started",
    "threadId": 0
  }
} 
2026-03-18 15:58:18 [debug] : [hosted-plugin: 13456] [TCF-Adapter]   [32f700b2-cdd1-471f-90e8-0d7b567140aa] ===> {
  "type": "event",
  "seq": 39,
  "event": "thread",
  "body": {
    "reason": "started",
    "threadId": 0
  }
}
[TCF-Adapter]   [32f700b2-cdd1-471f-90e8-0d7b567140aa] ===> {
  "type": "event",
  "seq": 40,
  "event": "thread",
  "body": {
    "reason": "started",
    "threadId": 0
  }
} 
2026-03-18 15:58:18 [debug] : [hosted-plugin: 13456] [TCF-Adapter]   [32f700b2-cdd1-471f-90e8-0d7b567140aa] ===> {
  "type": "event",
  "seq": 41,
  "event": "thread",
  "body": {
    "reason": "started",
    "threadId": 0
  }
} 
2026-03-18 15:58:18 [debug] : [hosted-plugin: 13456] [TCF-Adapter]   [32f700b2-cdd1-471f-90e8-0d7b567140aa] ===> {
  "type": "event",
  "seq": 42,
  "event": "thread",
  "body": {
    "reason": "started",
    "threadId": 0
  }
} 
2026-03-18 15:58:18 [debug] : [hosted-plugin: 13456] [TCF-Adapter]   [32f700b2-cdd1-471f-90e8-0d7b567140aa] ===> {
  "type": "event",
  "seq": 43,
  "event": "thread",
  "body": {
    "reason": "started",
    "threadId": 0
  }
} 
2026-03-18 15:58:18 [debug] : [hosted-plugin: 13456] [TCF-Adapter]   [32f700b2-cdd1-471f-90e8-0d7b567140aa] ===> {
  "type": "event",
  "seq": 44,
  "event": "thread",
  "body": {
    "reason": "started",
    "threadId": 0
  }
} 
2026-03-18 15:58:18 [debug] : [hosted-plugin: 13456] [TCF-Adapter]   [32f700b2-cdd1-471f-90e8-0d7b567140aa] ===> {
  "type": "event",
  "seq": 45,
  "event": "thread",
  "body": {
    "reason": "started",
    "threadId": 0
  }
} 
2026-03-18 15:58:18 [debug] : [hosted-plugin: 13456] [TCF-Adapter]   [32f700b2-cdd1-471f-90e8-0d7b567140aa] ===> {
  "type": "event",
  "seq": 46,
  "event": "thread",
  "body": {
    "reason": "started",
    "threadId": 0
  }
} 
2026-03-18 15:58:18 [debug] : [hosted-plugin: 13456] [TCF-Adapter]   [32f700b2-cdd1-471f-90e8-0d7b567140aa] ===> {
  "type": "event",
  "seq": 47,
  "event": "thread",
  "body": {
    "reason": "started",
    "threadId": 0
  }
} 
2026-03-18 15:58:18 [debug] : [hosted-plugin: 13456] [TCF-Adapter]   [32f700b2-cdd1-471f-90e8-0d7b567140aa] ===> {
  "type": "event",
  "seq": 48,
  "event": "thread",
  "body": {
    "reason": "started",
    "threadId": 0
  }
}
[TCF-Adapter]   [32f700b2-cdd1-471f-90e8-0d7b567140aa] ===> {
  "type": "event",
  "seq": 49,
  "event": "thread",
  "body": {
    "reason": "started",
    "threadId": 0
  }
} 
2026-03-18 15:58:18 [debug] : [hosted-plugin: 13456] [TCF-Adapter]   [32f700b2-cdd1-471f-90e8-0d7b567140aa] ===> {
  "type": "event",
  "seq": 50,
  "event": "thread",
  "body": {
    "reason": "started",
    "threadId": 0
  }
} 
2026-03-18 15:58:18 [debug] : [hosted-plugin: 13456] [TCF-Adapter]   [32f700b2-cdd1-471f-90e8-0d7b567140aa] ===> {
  "type": "event",
  "seq": 51,
  "event": "thread",
  "body": {
    "reason": "started",
    "threadId": 0
  }
} 
2026-03-18 15:58:18 [debug] : [hosted-plugin: 13456] [TCF-Adapter]   [32f700b2-cdd1-471f-90e8-0d7b567140aa] ===> {
  "type": "event",
  "seq": 52,
  "event": "thread",
  "body": {
    "reason": "started",
    "threadId": 0
  }
}
[TCF-Adapter]   [32f700b2-cdd1-471f-90e8-0d7b567140aa] ===> {
  "type": "event",
  "seq": 53,
  "event": "thread",
  "body": {
    "reason": "started",
    "threadId": 0
  }
} 
2026-03-18 15:58:18 [debug] : [hosted-plugin: 13456] [TCF-Adapter]   [32f700b2-cdd1-471f-90e8-0d7b567140aa] ===> {
  "type": "event",
  "seq": 54,
  "event": "thread",
  "body": {
    "reason": "started",
    "threadId": 0
  }
}
[TCF-Adapter]   [32f700b2-cdd1-471f-90e8-0d7b567140aa] ===> {
  "type": "event",
  "seq": 55,
  "event": "thread",
  "body": {
    "reason": "started",
    "threadId": 0
  }
} 
2026-03-18 15:58:18 [debug] : [hosted-plugin: 13456] [TCF-Adapter]   [32f700b2-cdd1-471f-90e8-0d7b567140aa] ===> {
  "type": "event",
  "seq": 56,
  "event": "thread",
  "body": {
    "reason": "started",
    "threadId": 0
  }
} 
2026-03-18 15:58:18 [debug] : [hosted-plugin: 13456] [TCF-Adapter]   [32f700b2-cdd1-471f-90e8-0d7b567140aa] ===> {
  "type": "event",
  "seq": 57,
  "event": "thread",
  "body": {
    "reason": "started",
    "threadId": 0
  }
}
[TCF-Adapter]   [32f700b2-cdd1-471f-90e8-0d7b567140aa] ===> {
  "type": "event",
  "seq": 58,
  "event": "thread",
  "body": {
    "reason": "started",
    "threadId": 0
  }
} 
2026-03-18 15:58:18 [debug] : [hosted-plugin: 13456] [TCF-Adapter]   [32f700b2-cdd1-471f-90e8-0d7b567140aa] ===> {
  "type": "event",
  "seq": 59,
  "event": "thread",
  "body": {
    "reason": "started",
    "threadId": 0
  }
} 
2026-03-18 15:58:18 [debug] : [hosted-plugin: 13456] [TCF-Adapter]   [32f700b2-cdd1-471f-90e8-0d7b567140aa] ===> {
  "type": "event",
  "seq": 60,
  "event": "thread",
  "body": {
    "reason": "started",
    "threadId": 0
  }
} 
2026-03-18 15:58:18 [debug] : [hosted-plugin: 13456] [TCF-Adapter]   [32f700b2-cdd1-471f-90e8-0d7b567140aa] ===> {
  "type": "event",
  "seq": 61,
  "event": "thread",
  "body": {
    "reason": "started",
    "threadId": 0
  }
} 
2026-03-18 15:58:18 [debug] : [hosted-plugin: 13456] [TCF-Adapter]   [32f700b2-cdd1-471f-90e8-0d7b567140aa] ===> {
  "type": "event",
  "seq": 62,
  "event": "thread",
  "body": {
    "reason": "started",
    "threadId": 0
  }
} 
2026-03-18 15:58:18 [debug] : [hosted-plugin: 13456] [TCF-Adapter]   [32f700b2-cdd1-471f-90e8-0d7b567140aa] <=== {
  "seq": 20,
  "type": "request",
  "command": "disconnect",
  "arguments": {
    "restart": false
  }
} 
2026-03-18 15:58:18 [debug] : [hosted-plugin: 13456] [TCF-Adapter]   [32f700b2-cdd1-471f-90e8-0d7b567140aa] ===> {
  "type": "response",
  "seq": 63,
  "request_seq": 20,
  "command": "disconnect",
  "success": true
} 
2026-03-18 15:58:18 [debug] : [hosted-plugin: 13456] [TCF-Adapter] clearing the process with pid 10628 
2026-03-18 15:58:18 [debug] : [hosted-plugin: 13456] [TCF-Adapter] [32f700b2-cdd1-471f-90e8-0d7b567140aa] debugAdapterWillStop 
2026-03-18 15:58:18 [debug] : [hosted-plugin: 13456] stopping debug adapter session: '32f700b2-cdd1-471f-90e8-0d7b567140aa' 
2026-03-18 15:58:18 [debug] : [hosted-plugin: 13456] [TCF-Adapter] [32f700b2-cdd1-471f-90e8-0d7b567140aa] debugAdapterError: Error: read ECONNRESET 
2026-03-18 15:58:18 [debug] : [hosted-plugin: 13456] error in debug adapter session: '32f700b2-cdd1-471f-90e8-0d7b567140aa': {"errno":-4077,"code":"ECONNRESET","syscall":"read"}
[TCF-Adapter]   [32f700b2-cdd1-471f-90e8-0d7b567140aa] ===> {
  "type": "event",
  "event": "error",
  "seq": -1,
  "body": {
    "errno": -4077,
    "code": "ECONNRESET",
    "syscall": "read"
  }
}
[TCF-Adapter] [32f700b2-cdd1-471f-90e8-0d7b567140aa] debugAdapterError: Error: read ECONNRESET 
2026-03-18 15:58:18 [debug] : [hosted-plugin: 13456] error in debug adapter session: '32f700b2-cdd1-471f-90e8-0d7b567140aa': {"errno":-4077,"code":"ECONNRESET","syscall":"read"}
[TCF-Adapter]   [32f700b2-cdd1-471f-90e8-0d7b567140aa] ===> {
  "type": "event",
  "event": "error",
  "seq": -1,
  "body": {
    "errno": -4077,
    "code": "ECONNRESET",
    "syscall": "read"
  }
} 
2026-03-18 15:58:18 [debug] : [hosted-plugin: 13456] [TCF-Adapter] [32f700b2-cdd1-471f-90e8-0d7b567140aa] debugAdapterExit: undefined 
2026-03-18 15:58:18 [debug] : [hosted-plugin: 13456] onDebugAdapterExit session: '32f700b2-cdd1-471f-90e8-0d7b567140aa' 
2026-03-18 15:58:19 [debug] : Event posted using notification server in backend. {"0":{"wrappers_":{},"arrayIndexOffset_":-1,"array":["e8d28c90-f457-4c45-8129-d663822334e5",null,27,null,null,null,null,"{\"type\":\"tcf-debug\",\"request\":\"launch\",\"name\":\"lab_2_app_hw_1\",\"debugType\":\"baremetal-zu\",\"attachToRunningTargetOptions\":{\"targetSetupMode\":\"standalone\",\"executeScript\":true,\"scriptPath\":\"\"},\"autoAttachProcessChildren\":false,\"target\":{\"targetConnectionId\":\"Local\",\"peersIniPath\":\"../../_ide/.peers.ini\",\"context\":\"ZUPlus\"},\"pathMap\":[],\"targetSetup\":{\"resetSystem\":true,\"programDevice\":true,\"partialBitstream\":false,\"skipRevisionCheck\":false,\"device\":{\"plDevice\":\"Auto Detect\",\"psDevice\":\"Auto Detect\"},\"enableRPUSplitMode\":false,\"resetAPU\":false,\"resetRPU\":false,\"bitstreamFile\":\"c:\\\\Users\\\\dkhar\\\\OneDrive\\\\Documents\\\\GitHub\\\\ee4218\\\\lab_2\\\\_ide\\\\bitstream\\\\lab2.bit\",\"zuInitialization\":{\"isFsbl\":true,\"usingFSBL\":{\"initWithFSBL\":true,\"fsblFile\":\"c:\\\\Users\\\\dkhar\\\\OneDrive\\\\Documents\\\\GitHub\\\\ee4218\\\\platform\\\\export\\\\platform\\\\sw\\\\boot\\\\fsbl.elf\",\"fsblExitSymbol\":\"XFsbl_Exit\"},\"usingPsuInit\":{\"runPsuInit\":true,\"plPowerup\":true,\"psuInitTclFile\":\"c:\\\\Users\\\\dkhar\\\\OneDrive\\\\Documents\\\\GitHub\\\\ee4218\\\\lab_2\\\\_ide\\\\psinit\\\\psu_init.tcl\"}},\"zuTraceOptions\":{\"isSelected\":false,\"scratchAddress\":\"0x60000\",\"scratchSize\":\"0x60000\",\"traceOutputPath\":\"\"},\"downloadElf\":[{\"core\":\"psu_cortexa53_0\",\"resetProcessor\":true,\"elfFile\":\"c:\\\\Users\\\\dkhar\\\\OneDrive\\\\Documents\\\\GitHub\\\\ee4218\\\\lab_2\\\\build\\\\lab_2.elf\",\"stopAtEntry\":false,\"isSelfRelocatingApp\":false,\"relativeAddress\":\"\"}],\"crossTriggerBreakpoints\":{\"isSelected\":false,\"breakpoints\":[]}},\"internalConsoleOptions\":\"openOnSessionStart\",\"__configUri\":\"file:///c%3A/Users/dkhar/OneDrive/Documents/GitHub/ee4218/lab_2/_ide/launch.json\",\"env\":{},\"noDebug\":true}"],"pivot_":1.7976931348623157e+308,"convertedPrimitiveFields_":{}}}
2026-03-18 15:58:19 [debug] : Deleting plugin connection: 32f700b2-cdd1-471f-90e8-0d7b567140aa 
2026-03-18 15:58:19 [info] : [Debug Manager] Launch session has terminated on the configuration 'lab_2_app_hw_1 [lab_2]' 
2026-03-18 15:58:19 [debug] : [Debug Manager] Stop event received for launch configuration JSON: {"type":"tcf-debug","request":"launch","name":"lab_2_app_hw_1","debugType":"baremetal-zu","attachToRunningTargetOptions":{"targetSetupMode":"standalone","executeScript":true,"scriptPath":""},"autoAttachProcessChildren":false,"target":{"targetConnectionId":"Local","peersIniPath":"../../_ide/.peers.ini","context":"ZUPlus"},"pathMap":[],"targetSetup":{"resetSystem":true,"programDevice":true,"partialBitstream":false,"skipRevisionCheck":false,"device":{"plDevice":"Auto Detect","psDevice":"Auto Detect"},"enableRPUSplitMode":false,"resetAPU":false,"resetRPU":false,"bitstreamFile":"c:\\Users\\dkhar\\OneDrive\\Documents\\GitHub\\ee4218\\lab_2\\_ide\\bitstream\\lab2.bit","zuInitialization":{"isFsbl":true,"usingFSBL":{"initWithFSBL":true,"fsblFile":"c:\\Users\\dkhar\\OneDrive\\Documents\\GitHub\\ee4218\\platform\\export\\platform\\sw\\boot\\fsbl.elf","fsblExitSymbol":"XFsbl_Exit"},"usingPsuInit":{"runPsuInit":true,"plPowerup":true,"psuInitTclFile":"c:\\Users\\dkhar\\OneDrive\\Documents\\GitHub\\ee4218\\lab_2\\_ide\\psinit\\psu_init.tcl"}},"zuTraceOptions":{"isSelected":false,"scratchAddress":"0x60000","scratchSize":"0x60000","traceOutputPath":""},"downloadElf":[{"core":"psu_cortexa53_0","resetProcessor":true,"elfFile":"c:\\Users\\dkhar\\OneDrive\\Documents\\GitHub\\ee4218\\lab_2\\build\\lab_2.elf","stopAtEntry":false,"isSelfRelocatingApp":false,"relativeAddress":""}],"crossTriggerBreakpoints":{"isSelected":false,"breakpoints":[]}},"internalConsoleOptions":"openOnSessionStart","__configUri":"file:///c%3A/Users/dkhar/OneDrive/Documents/GitHub/ee4218/lab_2/_ide/launch.json","env":{},"noDebug":true} 
2026-03-18 15:58:19 [info] : [Debug Manager] Enabling breakpoints after running the application using 'lab_2_app_hw_1 [lab_2]'. 
2026-03-18 15:58:19 [debug] : [Debug Manager] Launch event posted to server using notification service - ON_DID_EDGE_HOST_LAUNCH_STOP 
2026-03-18 15:58:19 [debug] : Received event from notification service: ON_DID_EDGE_HOST_LAUNCH_STOP. 
2026-03-18 15:58:19 [debug] : updateThreads failed: {"0":"Error: Connection is closed\n    at t.DebugSessionConnection.doSendRequest (file:///C:/Xilinx/2025.1/Vitis/ide/electron-app/win64/resources/app/lib/frontend/bundle.js:2:3121451)\n    at t.DebugSessionConnection.sendRequest (file:///C:/Xilinx/2025.1/Vitis/ide/electron-app/win64/resources/app/lib/frontend/bundle.js:2:3120827)\n    at Z.sendRequest (file:///C:/Xilinx/2025.1/Vitis/ide/electron-app/win64/resources/app/lib/frontend/bundle.js:2:3152852)\n    at Z.sendRequest (file:///C:/Xilinx/2025.1/Vitis/ide/electron-app/win64/resources/app/lib/frontend/bundle.js:2:16313195)\n    at file:///C:/Xilinx/2025.1/Vitis/ide/electron-app/win64/resources/app/lib/frontend/bundle.js:2:3153884"}
2026-03-18 15:58:19 [debug] : RIGEL SERVER 15:58:19 INFO  : System reset is completed. 
2026-03-18 15:58:19 [debug] : RIGEL SERVER 15:58:19 INFO  : disconnect 
2026-03-18 15:58:22 [debug] : RIGEL SERVER 15:58:22 INFO  : 'after 3000' command is executed. 
2026-03-18 15:58:22 [debug] : Received event from notification service: ON_BAREMETAL_DEBUG_PROGRESS. 
2026-03-18 15:58:22 [debug] : RIGEL SERVER 15:58:22 ERROR : Failed to initialize the hardware Invalid target. Use "connect" command to connect to hw_server/TCF agent 
2026-03-18 15:58:36 [debug] : [Debugger Server] In 'List target connections' with connection:[object Object] request:{"wrappers_":null,"arrayIndexOffset_":-1,"array":[],"pivot_":1.7976931348623157e+308,"convertedPrimitiveFields_":{}} 
2026-03-18 15:58:36 [debug] : [Debugger Server] In 'getCrossTriggerDefinition' with connection:[object Object] request:{"wrappers_":null,"arrayIndexOffset_":-1,"array":["zynq_mp"],"pivot_":1.7976931348623157e+308,"convertedPrimitiveFields_":{}} 
2026-03-18 15:58:38 [debug] : Widget was activated, but did not accept focus after 2000ms: launch-editor-widget:file:///c%3A/Users/dkhar/OneDrive/Documents/GitHub/ee4218/lab_2/_ide/launch.json 
2026-03-18 15:58:40 [debug] : [Debugger Server] In 'setupSystemLaunchJson' with connection:[object Object] request:{"applicationpath":"","componentpath":"C:\\Users\\dkhar\\OneDrive\\Documents\\GitHub\\ee4218\\lab_2","createnew":false,"emulatorstarted":false,"debugport":"","target":"","debug":false,"launchname":"lab_2_app_hw_1","qemugdbport":"","plmgdbport":""} 
2026-03-18 15:58:40 [debug] : Received event from notification service: ON_BAREMETAL_DEBUG_PROGRESS. 
2026-03-18 15:58:42 [debug] : RIGEL SERVER 15:58:42 INFO  : connect -url tcp:127.0.0.1:3121 
2026-03-18 15:58:42 [debug] : RIGEL SERVER 15:58:42 INFO  : bpremove -all 
2026-03-18 15:58:42 [debug] : Received event from notification service: ON_BAREMETAL_DEBUG_PROGRESS. 
2026-03-18 15:58:42 [debug] : Received event from notification service: ON_BAREMETAL_DEBUG_PROGRESS. 
2026-03-18 15:58:42 [debug] : RIGEL SERVER 15:58:42 INFO  : source C:/Xilinx/2025.1/Vitis/scripts/vitis/util/zynqmp_utils.tcl 
2026-03-18 15:58:42 [debug] : Received event from notification service: ON_BAREMETAL_DEBUG_PROGRESS. 
2026-03-18 15:58:42 [debug] : Received event from notification service: ON_BAREMETAL_DEBUG_PROGRESS. 
2026-03-18 15:58:44 [debug] : RIGEL SERVER 15:58:44 INFO  : Context for 'APU' is selected. 
2026-03-18 15:58:44 [debug] : RIGEL SERVER 15:58:44 INFO  : System reset is completed. 
2026-03-18 15:58:47 [debug] : RIGEL SERVER 15:58:47 INFO  : 'after 3000' command is executed. 
2026-03-18 15:58:47 [debug] : Received event from notification service: ON_BAREMETAL_DEBUG_PROGRESS. 
2026-03-18 15:58:48 [debug] : RIGEL SERVER 15:58:48 INFO  : 'targets -set -filter {jtag_cable_name =~ "Xilinx X-MLCC-01 XFL12WIJITMUA" && level==0 && jtag_device_ctx=="jsn-X-MLCC-01-XFL12WIJITMUA-04724093-0"}' command is executed. 
2026-03-18 15:58:53 [debug] : RIGEL SERVER 15:58:53 INFO  : Device configured successfully with "C:/Users/dkhar/OneDrive/Documents/GitHub/ee4218/lab_2/_ide/bitstream/lab2.bit" 
2026-03-18 15:58:53 [debug] : Received event from notification service: ON_BAREMETAL_DEBUG_PROGRESS. 
2026-03-18 15:58:53 [debug] : RIGEL SERVER 15:58:53 INFO  : targets -set -nocase -filter {name =~"PSU*" && jtag_cable_name =~ "Xilinx X-MLCC-01 XFL12WIJITMUA" && jtag_device_ctx=="jsn-X-MLCC-01-XFL12WIJITMUA-5ba00477-0"} 
2026-03-18 15:58:53 [debug] : RIGEL SERVER 15:58:53 INFO  : catch {disable_pmu_gate} 
2026-03-18 15:58:53 [debug] : RIGEL SERVER 15:58:53 INFO  : targets -set -nocase -filter {name =~"APU*" && jtag_cable_name =~ "Xilinx X-MLCC-01 XFL12WIJITMUA" && jtag_device_ctx=="jsn-X-MLCC-01-XFL12WIJITMUA-5ba00477-0"} 
2026-03-18 15:58:53 [debug] : Received event from notification service: ON_BAREMETAL_DEBUG_PROGRESS. 
2026-03-18 15:58:53 [debug] : Received event from notification service: ON_BAREMETAL_DEBUG_PROGRESS. 
2026-03-18 15:58:54 [debug] : RIGEL SERVER 15:58:54 ERROR : ERROR: [Common 17-1293] The path 'C:/Users/dkhar/OneDrive/Documents/GitHub/ee4218/platform/export/platform/hw' already exists, is a directory, but is not writable. 
2026-03-18 15:58:54 [debug] : RIGEL SERVER 15:58:54 ERROR : Failed to initialize the hardware ERROR: [Common 17-1293] The path 'C:/Users/dkhar/OneDrive/Documents/GitHub/ee4218/platform/export/platform/hw' already exists, is a directory, but is not writable. 
2026-03-18 15:59:02 [debug] : [Debugger Server] In 'setupSystemLaunchJson' with connection:[object Object] request:{"applicationpath":"","componentpath":"C:\\Users\\dkhar\\OneDrive\\Documents\\GitHub\\ee4218\\lab_2","createnew":false,"emulatorstarted":false,"debugport":"","target":"","debug":false,"launchname":"lab_2_app_hw_1","qemugdbport":"","plmgdbport":""} 
2026-03-18 15:59:02 [debug] : Received event from notification service: ON_BAREMETAL_DEBUG_PROGRESS. 
2026-03-18 15:59:02 [debug] : RIGEL SERVER 15:59:02 INFO  : connect -url tcp:127.0.0.1:3121 
2026-03-18 15:59:02 [debug] : Received event from notification service: ON_BAREMETAL_DEBUG_PROGRESS. 
2026-03-18 15:59:02 [debug] : RIGEL SERVER 15:59:02 INFO  : bpremove -all 
2026-03-18 15:59:02 [debug] : Received event from notification service: ON_BAREMETAL_DEBUG_PROGRESS. 
2026-03-18 15:59:02 [debug] : Received event from notification service: ON_BAREMETAL_DEBUG_PROGRESS. 
2026-03-18 15:59:02 [debug] : RIGEL SERVER 15:59:02 INFO  : source C:/Xilinx/2025.1/Vitis/scripts/vitis/util/zynqmp_utils.tcl 
2026-03-18 15:59:02 [debug] : Received event from notification service: ON_BAREMETAL_DEBUG_PROGRESS. 
2026-03-18 15:59:02 [debug] : RIGEL SERVER 15:59:02 INFO  : Context for 'APU' is selected. 
2026-03-18 15:59:02 [debug] : RIGEL SERVER 15:59:02 INFO  : System reset is completed. 
2026-03-18 15:59:06 [debug] : RIGEL SERVER 15:59:06 INFO  : 'after 3000' command is executed. 
2026-03-18 15:59:06 [debug] : Received event from notification service: ON_BAREMETAL_DEBUG_PROGRESS. 
2026-03-18 15:59:06 [debug] : RIGEL SERVER 15:59:06 INFO  : 'targets -set -filter {jtag_cable_name =~ "Xilinx X-MLCC-01 XFL12WIJITMUA" && level==0 && jtag_device_ctx=="jsn-X-MLCC-01-XFL12WIJITMUA-04724093-0"}' command is executed. 
2026-03-18 15:59:10 [debug] : RIGEL SERVER 15:59:10 INFO  : Device configured successfully with "C:/Users/dkhar/OneDrive/Documents/GitHub/ee4218/lab_2/_ide/bitstream/lab2.bit" 
2026-03-18 15:59:10 [debug] : Received event from notification service: ON_BAREMETAL_DEBUG_PROGRESS. 
2026-03-18 15:59:11 [debug] : RIGEL SERVER 15:59:11 INFO  : targets -set -nocase -filter {name =~"PSU*" && jtag_cable_name =~ "Xilinx X-MLCC-01 XFL12WIJITMUA" && jtag_device_ctx=="jsn-X-MLCC-01-XFL12WIJITMUA-5ba00477-0"} 
2026-03-18 15:59:11 [debug] : RIGEL SERVER 15:59:11 INFO  : catch {disable_pmu_gate} 
2026-03-18 15:59:11 [debug] : RIGEL SERVER 15:59:11 INFO  : targets -set -nocase -filter {name =~"APU*" && jtag_cable_name =~ "Xilinx X-MLCC-01 XFL12WIJITMUA" && jtag_device_ctx=="jsn-X-MLCC-01-XFL12WIJITMUA-5ba00477-0"} 
2026-03-18 15:59:11 [debug] : Received event from notification service: ON_BAREMETAL_DEBUG_PROGRESS. 
2026-03-18 15:59:11 [debug] : Received event from notification service: ON_BAREMETAL_DEBUG_PROGRESS. 
2026-03-18 15:59:11 [debug] : RIGEL SERVER 15:59:11 ERROR : ERROR: [Common 17-1293] The path 'C:/Users/dkhar/OneDrive/Documents/GitHub/ee4218/platform/export/platform/hw' already exists, is a directory, but is not writable. 
2026-03-18 15:59:11 [debug] : RIGEL SERVER 15:59:11 ERROR : Failed to initialize the hardware ERROR: [Common 17-1293] The path 'C:/Users/dkhar/OneDrive/Documents/GitHub/ee4218/platform/export/platform/hw' already exists, is a directory, but is not writable. 
2026-03-18 15:59:31 [debug] : [Debugger Server] In 'setupSystemLaunchJson' with connection:[object Object] request:{"applicationpath":"","componentpath":"C:\\Users\\dkhar\\OneDrive\\Documents\\GitHub\\ee4218\\lab_2","createnew":false,"emulatorstarted":false,"debugport":"","target":"","debug":false,"launchname":"lab_2_app_hw_1","qemugdbport":"","plmgdbport":""} 
2026-03-18 15:59:31 [debug] : Received event from notification service: ON_BAREMETAL_DEBUG_PROGRESS. 
2026-03-18 15:59:31 [debug] : RIGEL SERVER 15:59:31 INFO  : connect -url tcp:127.0.0.1:3121 
2026-03-18 15:59:31 [debug] : Received event from notification service: ON_BAREMETAL_DEBUG_PROGRESS. 
2026-03-18 15:59:31 [debug] : RIGEL SERVER 15:59:31 INFO  : bpremove -all 
2026-03-18 15:59:31 [debug] : Received event from notification service: ON_BAREMETAL_DEBUG_PROGRESS. 
2026-03-18 15:59:31 [debug] : Received event from notification service: ON_BAREMETAL_DEBUG_PROGRESS. 
2026-03-18 15:59:31 [debug] : RIGEL SERVER 15:59:31 INFO  : source C:/Xilinx/2025.1/Vitis/scripts/vitis/util/zynqmp_utils.tcl 
2026-03-18 15:59:31 [debug] : Received event from notification service: ON_BAREMETAL_DEBUG_PROGRESS. 
2026-03-18 15:59:31 [debug] : RIGEL SERVER 15:59:31 INFO  : Context for 'APU' is selected. 
2026-03-18 15:59:31 [debug] : RIGEL SERVER 15:59:31 INFO  : System reset is completed. 
2026-03-18 15:59:34 [debug] : RIGEL SERVER 15:59:34 INFO  : 'after 3000' command is executed. 
2026-03-18 15:59:34 [debug] : Received event from notification service: ON_BAREMETAL_DEBUG_PROGRESS. 
2026-03-18 15:59:34 [debug] : RIGEL SERVER 15:59:34 INFO  : 'targets -set -filter {jtag_cable_name =~ "Xilinx X-MLCC-01 XFL12WIJITMUA" && level==0 && jtag_device_ctx=="jsn-X-MLCC-01-XFL12WIJITMUA-04724093-0"}' command is executed. 
2026-03-18 15:59:39 [debug] : RIGEL SERVER 15:59:39 INFO  : Device configured successfully with "C:/Users/dkhar/OneDrive/Documents/GitHub/ee4218/lab_2/_ide/bitstream/lab2.bit" 
2026-03-18 15:59:39 [debug] : Received event from notification service: ON_BAREMETAL_DEBUG_PROGRESS. 
2026-03-18 15:59:40 [debug] : RIGEL SERVER 15:59:40 INFO  : targets -set -nocase -filter {name =~"PSU*" && jtag_cable_name =~ "Xilinx X-MLCC-01 XFL12WIJITMUA" && jtag_device_ctx=="jsn-X-MLCC-01-XFL12WIJITMUA-5ba00477-0"} 
2026-03-18 15:59:40 [debug] : RIGEL SERVER 15:59:40 INFO  : catch {disable_pmu_gate} 
2026-03-18 15:59:40 [debug] : RIGEL SERVER 15:59:40 INFO  : targets -set -nocase -filter {name =~"APU*" && jtag_cable_name =~ "Xilinx X-MLCC-01 XFL12WIJITMUA" && jtag_device_ctx=="jsn-X-MLCC-01-XFL12WIJITMUA-5ba00477-0"} 
2026-03-18 15:59:40 [debug] : Received event from notification service: ON_BAREMETAL_DEBUG_PROGRESS. 
2026-03-18 15:59:40 [debug] : Received event from notification service: ON_BAREMETAL_DEBUG_PROGRESS. 
2026-03-18 15:59:40 [debug] : RIGEL SERVER 15:59:40 ERROR : ERROR: [Common 17-1293] The path 'C:/Users/dkhar/OneDrive/Documents/GitHub/ee4218/platform/export/platform/hw' already exists, is a directory, but is not writable. 
2026-03-18 15:59:40 [debug] : RIGEL SERVER 15:59:40 ERROR : Failed to initialize the hardware ERROR: [Common 17-1293] The path 'C:/Users/dkhar/OneDrive/Documents/GitHub/ee4218/platform/export/platform/hw' already exists, is a directory, but is not writable. 
2026-03-18 15:59:42 [debug] : [Debugger Server] In 'setupSystemLaunchJson' with connection:[object Object] request:{"applicationpath":"","componentpath":"C:\\Users\\dkhar\\OneDrive\\Documents\\GitHub\\ee4218\\lab_2","createnew":false,"emulatorstarted":false,"debugport":"","target":"","debug":false,"launchname":"lab_2_app_hw_1","qemugdbport":"","plmgdbport":""} 
2026-03-18 15:59:42 [debug] : RIGEL SERVER 15:59:42 INFO  : connect -url tcp:127.0.0.1:3121 
2026-03-18 15:59:42 [debug] : RIGEL SERVER 15:59:42 INFO  : bpremove -all 
2026-03-18 15:59:42 [debug] : RIGEL SERVER 15:59:42 INFO  : source C:/Xilinx/2025.1/Vitis/scripts/vitis/util/zynqmp_utils.tcl 
2026-03-18 15:59:42 [debug] : Received event from notification service: ON_BAREMETAL_DEBUG_PROGRESS. 
2026-03-18 15:59:42 [debug] : Received event from notification service: ON_BAREMETAL_DEBUG_PROGRESS. 
2026-03-18 15:59:42 [debug] : Received event from notification service: ON_BAREMETAL_DEBUG_PROGRESS. 
2026-03-18 15:59:42 [debug] : Received event from notification service: ON_BAREMETAL_DEBUG_PROGRESS. 
2026-03-18 15:59:42 [debug] : Received event from notification service: ON_BAREMETAL_DEBUG_PROGRESS. 
2026-03-18 15:59:42 [debug] : RIGEL SERVER 15:59:42 INFO  : Context for 'APU' is selected. 
2026-03-18 15:59:42 [debug] : RIGEL SERVER 15:59:42 INFO  : System reset is completed. 
2026-03-18 15:59:45 [debug] : RIGEL SERVER 15:59:45 INFO  : 'after 3000' command is executed. 
2026-03-18 15:59:45 [debug] : Received event from notification service: ON_BAREMETAL_DEBUG_PROGRESS. 
2026-03-18 15:59:46 [debug] : RIGEL SERVER 15:59:46 INFO  : 'targets -set -filter {jtag_cable_name =~ "Xilinx X-MLCC-01 XFL12WIJITMUA" && level==0 && jtag_device_ctx=="jsn-X-MLCC-01-XFL12WIJITMUA-04724093-0"}' command is executed. 
2026-03-18 15:59:50 [debug] : RIGEL SERVER 15:59:50 INFO  : Device configured successfully with "C:/Users/dkhar/OneDrive/Documents/GitHub/ee4218/lab_2/_ide/bitstream/lab2.bit" 
2026-03-18 15:59:50 [debug] : Received event from notification service: ON_BAREMETAL_DEBUG_PROGRESS. 
2026-03-18 15:59:51 [debug] : RIGEL SERVER 15:59:51 INFO  : targets -set -nocase -filter {name =~"PSU*" && jtag_cable_name =~ "Xilinx X-MLCC-01 XFL12WIJITMUA" && jtag_device_ctx=="jsn-X-MLCC-01-XFL12WIJITMUA-5ba00477-0"} 
2026-03-18 15:59:51 [debug] : RIGEL SERVER 15:59:51 INFO  : catch {disable_pmu_gate} 
2026-03-18 15:59:51 [debug] : RIGEL SERVER 15:59:51 INFO  : targets -set -nocase -filter {name =~"APU*" && jtag_cable_name =~ "Xilinx X-MLCC-01 XFL12WIJITMUA" && jtag_device_ctx=="jsn-X-MLCC-01-XFL12WIJITMUA-5ba00477-0"} 
2026-03-18 15:59:51 [debug] : Received event from notification service: ON_BAREMETAL_DEBUG_PROGRESS. 
2026-03-18 15:59:51 [debug] : Received event from notification service: ON_BAREMETAL_DEBUG_PROGRESS. 
2026-03-18 15:59:51 [debug] : RIGEL SERVER 15:59:51 ERROR : ERROR: [Common 17-1293] The path 'C:/Users/dkhar/OneDrive/Documents/GitHub/ee4218/platform/export/platform/hw' already exists, is a directory, but is not writable. 
2026-03-18 15:59:51 [debug] : RIGEL SERVER 15:59:51 ERROR : Failed to initialize the hardware ERROR: [Common 17-1293] The path 'C:/Users/dkhar/OneDrive/Documents/GitHub/ee4218/platform/export/platform/hw' already exists, is a directory, but is not writable. 
2026-03-18 16:00:58 [debug] : [Debugger Server] In 'setupSystemLaunchJson' with connection:[object Object] request:{"applicationpath":"","componentpath":"C:\\Users\\dkhar\\OneDrive\\Documents\\GitHub\\ee4218\\lab_2","createnew":false,"emulatorstarted":false,"debugport":"","target":"","debug":false,"launchname":"lab_2_app_hw_1","qemugdbport":"","plmgdbport":""} 
2026-03-18 16:00:58 [debug] : RIGEL SERVER 16:00:58 INFO  : connect -url tcp:127.0.0.1:3121 
2026-03-18 16:00:58 [debug] : Received event from notification service: ON_BAREMETAL_DEBUG_PROGRESS. 
2026-03-18 16:00:58 [debug] : Received event from notification service: ON_BAREMETAL_DEBUG_PROGRESS. 
2026-03-18 16:00:58 [debug] : RIGEL SERVER 16:00:58 INFO  : bpremove -all 
2026-03-18 16:00:58 [debug] : Received event from notification service: ON_BAREMETAL_DEBUG_PROGRESS. 
2026-03-18 16:00:58 [debug] : RIGEL SERVER 16:00:58 INFO  : source C:/Xilinx/2025.1/Vitis/scripts/vitis/util/zynqmp_utils.tcl 
2026-03-18 16:00:58 [debug] : Received event from notification service: ON_BAREMETAL_DEBUG_PROGRESS. 
2026-03-18 16:00:58 [debug] : Received event from notification service: ON_BAREMETAL_DEBUG_PROGRESS. 
2026-03-18 16:00:58 [debug] : RIGEL SERVER 16:00:58 INFO  : Context for 'APU' is selected. 
2026-03-18 16:00:58 [debug] : RIGEL SERVER 16:00:58 INFO  : System reset is completed. 
2026-03-18 16:01:01 [debug] : RIGEL SERVER 16:01:01 INFO  : 'after 3000' command is executed. 
2026-03-18 16:01:01 [debug] : Received event from notification service: ON_BAREMETAL_DEBUG_PROGRESS. 
2026-03-18 16:01:02 [debug] : RIGEL SERVER 16:01:02 INFO  : 'targets -set -filter {jtag_cable_name =~ "Xilinx X-MLCC-01 XFL12WIJITMUA" && level==0 && jtag_device_ctx=="jsn-X-MLCC-01-XFL12WIJITMUA-04724093-0"}' command is executed. 
2026-03-18 16:01:07 [debug] : RIGEL SERVER 16:01:07 INFO  : Device configured successfully with "C:/Users/dkhar/OneDrive/Documents/GitHub/ee4218/lab_2/_ide/bitstream/lab2.bit" 
2026-03-18 16:01:07 [debug] : Received event from notification service: ON_BAREMETAL_DEBUG_PROGRESS. 
2026-03-18 16:01:07 [debug] : RIGEL SERVER 16:01:07 INFO  : targets -set -nocase -filter {name =~"PSU*" && jtag_cable_name =~ "Xilinx X-MLCC-01 XFL12WIJITMUA" && jtag_device_ctx=="jsn-X-MLCC-01-XFL12WIJITMUA-5ba00477-0"} 
2026-03-18 16:01:07 [debug] : RIGEL SERVER 16:01:07 INFO  : catch {disable_pmu_gate} 
2026-03-18 16:01:07 [debug] : RIGEL SERVER 16:01:07 INFO  : targets -set -nocase -filter {name =~"APU*" && jtag_cable_name =~ "Xilinx X-MLCC-01 XFL12WIJITMUA" && jtag_device_ctx=="jsn-X-MLCC-01-XFL12WIJITMUA-5ba00477-0"} 
2026-03-18 16:01:07 [debug] : Received event from notification service: ON_BAREMETAL_DEBUG_PROGRESS. 
2026-03-18 16:01:07 [debug] : Received event from notification service: ON_BAREMETAL_DEBUG_PROGRESS. 
2026-03-18 16:01:07 [debug] : RIGEL SERVER 16:01:07 ERROR : ERROR: [Common 17-1293] The path 'C:/Users/dkhar/OneDrive/Documents/GitHub/ee4218/platform/export/platform/hw' already exists, is a directory, but is not writable. 
2026-03-18 16:01:07 [debug] : RIGEL SERVER 16:01:07 ERROR : Failed to initialize the hardware ERROR: [Common 17-1293] The path 'C:/Users/dkhar/OneDrive/Documents/GitHub/ee4218/platform/export/platform/hw' already exists, is a directory, but is not writable. 
2026-03-18 16:01:36 [debug] : MonacoEditorModel.cancelSync {"0":"vscode://schemas/launch"}
2026-03-18 16:01:36 [debug] : MonacoEditorModel.cancelSave {"0":"vscode://schemas/launch"}
2026-03-18 16:04:45 [debug] : [Build Server] Executing method:[ReadCMakeBuildSettings] with connection:(object). {"0":"request:","1":{"userCmakeFilePath":"C:\\Users\\dkhar\\OneDrive\\Documents\\GitHub\\ee4218\\lab_2\\src\\UserConfig.cmake"}}
2026-03-18 16:04:46 [debug] : 18.5 {"0":39,"1":20.5,"2":13,"3":false}
2026-03-18 16:04:46 [debug] : 18.5 {"0":80,"1":61.5,"2":150,"3":true}
2026-03-18 16:04:46 [debug] : SELECTED {"0":"cmake-build-setting-form-widget:file:///c%3A/Users/dkhar/OneDrive/Documents/GitHub/ee4218/lab_2/src/UserConfig.cmake:symbols"}
2026-03-18 16:04:47 [debug] : 252 {"0":39,"1":213,"2":13,"3":false}
2026-03-18 16:04:47 [debug] : 252 {"0":80,"1":172,"2":150,"3":false}
2026-03-18 16:04:47 [debug] : 252 {"0":395,"1":143,"2":119.5,"3":false}
2026-03-18 16:04:47 [debug] : 252 {"0":649,"1":397,"2":221,"3":false}
2026-03-18 16:04:47 [debug] : 252 {"0":1106,"1":854,"2":122,"3":false}
2026-03-18 16:04:47 [debug] : 252 {"0":1365,"1":1113,"2":122,"3":false}
2026-03-18 16:04:47 [debug] : 252 {"0":1624,"1":1372,"2":314,"3":false}
2026-03-18 16:04:47 [debug] : 252 {"0":2267,"1":2015,"2":162.5,"3":false}
2026-03-18 16:04:47 [debug] : 252 {"0":2607,"1":2355,"2":13,"3":false}
2026-03-18 16:04:47 [debug] : 252 {"0":2648,"1":2396,"2":194,"3":false}
2026-03-18 16:04:47 [debug] : 252 {"0":3051,"1":2799,"2":121,"3":false}
2026-03-18 16:04:47 [debug] : 252 {"0":3308,"1":3056,"2":58.5,"3":false}
2026-03-18 16:04:47 [debug] : 252 {"0":3440,"1":3188,"2":67.5,"3":false}
2026-03-18 16:04:47 [debug] : 605 {"0":39,"1":566,"2":13,"3":false}
2026-03-18 16:04:47 [debug] : 605 {"0":80,"1":525,"2":150,"3":false}
2026-03-18 16:04:47 [debug] : 605 {"0":395,"1":210,"2":119.5,"3":false}
2026-03-18 16:04:47 [debug] : 605 {"0":649,"1":44,"2":221,"3":true}
2026-03-18 16:04:47 [debug] : SELECTED {"0":"cmake-build-setting-form-widget:file:///c%3A/Users/dkhar/OneDrive/Documents/GitHub/ee4218/lab_2/src/UserConfig.cmake:sources"}
2026-03-18 16:04:47 [debug] : 873.5 {"0":39,"1":834.5,"2":13,"3":false}
2026-03-18 16:04:47 [debug] : 873.5 {"0":80,"1":793.5,"2":150,"3":false}
2026-03-18 16:04:47 [debug] : 873.5 {"0":395,"1":478.5,"2":119.5,"3":false}
2026-03-18 16:04:47 [debug] : 873.5 {"0":649,"1":224.5,"2":221,"3":false}
2026-03-18 16:04:47 [debug] : 873.5 {"0":1106,"1":232.5,"2":122,"3":false}
2026-03-18 16:04:47 [debug] : 873.5 {"0":1365,"1":491.5,"2":122,"3":false}
2026-03-18 16:04:47 [debug] : 873.5 {"0":1624,"1":750.5,"2":314,"3":false}
2026-03-18 16:04:47 [debug] : 873.5 {"0":2267,"1":1393.5,"2":162.5,"3":false}
2026-03-18 16:04:47 [debug] : 873.5 {"0":2607,"1":1733.5,"2":13,"3":false}
2026-03-18 16:04:47 [debug] : 873.5 {"0":2648,"1":1774.5,"2":194,"3":false}
2026-03-18 16:04:47 [debug] : 873.5 {"0":3051,"1":2177.5,"2":121,"3":false}
2026-03-18 16:04:47 [debug] : 873.5 {"0":3308,"1":2434.5,"2":58.5,"3":false}
2026-03-18 16:04:47 [debug] : 873.5 {"0":3440,"1":2566.5,"2":67.5,"3":false}
2026-03-18 16:04:47 [debug] : 928.5 {"0":39,"1":889.5,"2":13,"3":false}
2026-03-18 16:04:47 [debug] : 928.5 {"0":80,"1":848.5,"2":150,"3":false}
2026-03-18 16:04:47 [debug] : 928.5 {"0":395,"1":533.5,"2":119.5,"3":false}
2026-03-18 16:04:47 [debug] : 928.5 {"0":649,"1":279.5,"2":221,"3":false}
2026-03-18 16:04:47 [debug] : 928.5 {"0":1106,"1":177.5,"2":122,"3":false}
2026-03-18 16:04:47 [debug] : 928.5 {"0":1365,"1":436.5,"2":122,"3":false}
2026-03-18 16:04:47 [debug] : 928.5 {"0":1624,"1":695.5,"2":314,"3":false}
2026-03-18 16:04:47 [debug] : 928.5 {"0":2267,"1":1338.5,"2":162.5,"3":false}
2026-03-18 16:04:47 [debug] : 928.5 {"0":2607,"1":1678.5,"2":13,"3":false}
2026-03-18 16:04:47 [debug] : 928.5 {"0":2648,"1":1719.5,"2":194,"3":false}
2026-03-18 16:04:47 [debug] : 928.5 {"0":3051,"1":2122.5,"2":121,"3":false}
2026-03-18 16:04:47 [debug] : 928.5 {"0":3308,"1":2379.5,"2":58.5,"3":false}
2026-03-18 16:04:47 [debug] : 928.5 {"0":3440,"1":2511.5,"2":67.5,"3":false}
2026-03-18 16:04:47 [debug] : 930 {"0":39,"1":891,"2":13,"3":false}
2026-03-18 16:04:47 [debug] : 930 {"0":80,"1":850,"2":150,"3":false}
2026-03-18 16:04:47 [debug] : 930 {"0":395,"1":535,"2":119.5,"3":false}
2026-03-18 16:04:47 [debug] : 930 {"0":649,"1":281,"2":221,"3":false}
2026-03-18 16:04:47 [debug] : 930 {"0":1106,"1":176,"2":122,"3":false}
2026-03-18 16:04:47 [debug] : 930 {"0":1365,"1":435,"2":122,"3":false}
2026-03-18 16:04:47 [debug] : 930 {"0":1624,"1":694,"2":314,"3":false}
2026-03-18 16:04:47 [debug] : 930 {"0":2267,"1":1337,"2":162.5,"3":false}
2026-03-18 16:04:47 [debug] : 930 {"0":2607,"1":1677,"2":13,"3":false}
2026-03-18 16:04:47 [debug] : 930 {"0":2648,"1":1718,"2":194,"3":false}
2026-03-18 16:04:47 [debug] : 930 {"0":3051,"1":2121,"2":121,"3":false}
2026-03-18 16:04:47 [debug] : 930 {"0":3308,"1":2378,"2":58.5,"3":false}
2026-03-18 16:04:47 [debug] : 930 {"0":3440,"1":2510,"2":67.5,"3":false}
2026-03-18 16:04:47 [debug] : 933.5 {"0":39,"1":894.5,"2":13,"3":false}
2026-03-18 16:04:47 [debug] : 933.5 {"0":80,"1":853.5,"2":150,"3":false}
2026-03-18 16:04:47 [debug] : 933.5 {"0":395,"1":538.5,"2":119.5,"3":false}
2026-03-18 16:04:47 [debug] : 933.5 {"0":649,"1":284.5,"2":221,"3":false}
2026-03-18 16:04:47 [debug] : 933.5 {"0":1106,"1":172.5,"2":122,"3":false}
2026-03-18 16:04:47 [debug] : 933.5 {"0":1365,"1":431.5,"2":122,"3":false}
2026-03-18 16:04:47 [debug] : 933.5 {"0":1624,"1":690.5,"2":314,"3":false}
2026-03-18 16:04:47 [debug] : 933.5 {"0":2267,"1":1333.5,"2":162.5,"3":false}
2026-03-18 16:04:47 [debug] : 933.5 {"0":2607,"1":1673.5,"2":13,"3":false}
2026-03-18 16:04:47 [debug] : 933.5 {"0":2648,"1":1714.5,"2":194,"3":false}
2026-03-18 16:04:47 [debug] : 933.5 {"0":3051,"1":2117.5,"2":121,"3":false}
2026-03-18 16:04:47 [debug] : 933.5 {"0":3308,"1":2374.5,"2":58.5,"3":false}
2026-03-18 16:04:47 [debug] : 933.5 {"0":3440,"1":2506.5,"2":67.5,"3":false}
2026-03-18 16:04:47 [debug] : 946 {"0":39,"1":907,"2":13,"3":false}
2026-03-18 16:04:47 [debug] : 946 {"0":80,"1":866,"2":150,"3":false}
2026-03-18 16:04:47 [debug] : 946 {"0":395,"1":551,"2":119.5,"3":false}
2026-03-18 16:04:47 [debug] : 946 {"0":649,"1":297,"2":221,"3":false}
2026-03-18 16:04:47 [debug] : 946 {"0":1106,"1":160,"2":122,"3":false}
2026-03-18 16:04:47 [debug] : 946 {"0":1365,"1":419,"2":122,"3":false}
2026-03-18 16:04:47 [debug] : 946 {"0":1624,"1":678,"2":314,"3":false}
2026-03-18 16:04:47 [debug] : 946 {"0":2267,"1":1321,"2":162.5,"3":false}
2026-03-18 16:04:47 [debug] : 946 {"0":2607,"1":1661,"2":13,"3":false}
2026-03-18 16:04:47 [debug] : 946 {"0":2648,"1":1702,"2":194,"3":false}
2026-03-18 16:04:47 [debug] : 946 {"0":3051,"1":2105,"2":121,"3":false}
2026-03-18 16:04:47 [debug] : 946 {"0":3308,"1":2362,"2":58.5,"3":false}
2026-03-18 16:04:47 [debug] : 946 {"0":3440,"1":2494,"2":67.5,"3":false}
2026-03-18 16:04:47 [debug] : 1160.5 {"0":39,"1":1121.5,"2":13,"3":false}
2026-03-18 16:04:47 [debug] : 1160.5 {"0":80,"1":1080.5,"2":150,"3":false}
2026-03-18 16:04:47 [debug] : 1160.5 {"0":395,"1":765.5,"2":119.5,"3":false}
2026-03-18 16:04:47 [debug] : 1160.5 {"0":649,"1":511.5,"2":221,"3":false}
2026-03-18 16:04:47 [debug] : 1160.5 {"0":1106,"1":54.5,"2":122,"3":true}
2026-03-18 16:04:47 [debug] : SELECTED {"0":"cmake-build-setting-form-widget:file:///c%3A/Users/dkhar/OneDrive/Documents/GitHub/ee4218/lab_2/src/UserConfig.cmake:optimization"}
2026-03-18 16:04:47 [debug] : 1497 {"0":39,"1":1458,"2":13,"3":false}
2026-03-18 16:04:47 [debug] : 1497 {"0":80,"1":1417,"2":150,"3":false}
2026-03-18 16:04:47 [debug] : 1497 {"0":395,"1":1102,"2":119.5,"3":false}
2026-03-18 16:04:47 [debug] : 1497 {"0":649,"1":848,"2":221,"3":false}
2026-03-18 16:04:47 [debug] : 1497 {"0":1106,"1":391,"2":122,"3":false}
2026-03-18 16:04:47 [debug] : 1497 {"0":1365,"1":132,"2":122,"3":false}
2026-03-18 16:04:47 [debug] : 1497 {"0":1624,"1":127,"2":314,"3":true}
2026-03-18 16:04:47 [debug] : SELECTED {"0":"cmake-build-setting-form-widget:file:///c%3A/Users/dkhar/OneDrive/Documents/GitHub/ee4218/lab_2/src/UserConfig.cmake:warnings"}
2026-03-18 16:04:47 [debug] : 1648 {"0":39,"1":1609,"2":13,"3":false}
2026-03-18 16:04:47 [debug] : 1648 {"0":80,"1":1568,"2":150,"3":false}
2026-03-18 16:04:47 [debug] : 1648 {"0":395,"1":1253,"2":119.5,"3":false}
2026-03-18 16:04:47 [debug] : 1648 {"0":649,"1":999,"2":221,"3":false}
2026-03-18 16:04:47 [debug] : 1648 {"0":1106,"1":542,"2":122,"3":false}
2026-03-18 16:04:47 [debug] : 1648 {"0":1365,"1":283,"2":122,"3":false}
2026-03-18 16:04:47 [debug] : 1648 {"0":1624,"1":24,"2":314,"3":true}
2026-03-18 16:04:47 [debug] : SELECTED {"0":"cmake-build-setting-form-widget:file:///c%3A/Users/dkhar/OneDrive/Documents/GitHub/ee4218/lab_2/src/UserConfig.cmake:warnings"}
2026-03-18 16:04:47 [debug] : 1651.5 {"0":39,"1":1612.5,"2":13,"3":false}
2026-03-18 16:04:47 [debug] : 1651.5 {"0":80,"1":1571.5,"2":150,"3":false}
2026-03-18 16:04:47 [debug] : 1651.5 {"0":395,"1":1256.5,"2":119.5,"3":false}
2026-03-18 16:04:47 [debug] : 1651.5 {"0":649,"1":1002.5,"2":221,"3":false}
2026-03-18 16:04:47 [debug] : 1651.5 {"0":1106,"1":545.5,"2":122,"3":false}
2026-03-18 16:04:47 [debug] : 1651.5 {"0":1365,"1":286.5,"2":122,"3":false}
2026-03-18 16:04:47 [debug] : 1651.5 {"0":1624,"1":27.5,"2":314,"3":true}
2026-03-18 16:04:47 [debug] : SELECTED {"0":"cmake-build-setting-form-widget:file:///c%3A/Users/dkhar/OneDrive/Documents/GitHub/ee4218/lab_2/src/UserConfig.cmake:warnings"}
2026-03-18 16:04:47 [debug] : Widget was activated, but did not accept focus after 2000ms: cmake-build-setting-widget:file:///c%3A/Users/dkhar/OneDrive/Documents/GitHub/ee4218/lab_2/src/UserConfig.cmake 
2026-03-18 16:04:48 [debug] : 1647.5 {"0":39,"1":1608.5,"2":13,"3":false}
2026-03-18 16:04:48 [debug] : 1647.5 {"0":80,"1":1567.5,"2":150,"3":false}
2026-03-18 16:04:48 [debug] : 1647.5 {"0":395,"1":1252.5,"2":119.5,"3":false}
2026-03-18 16:04:48 [debug] : 1647.5 {"0":649,"1":998.5,"2":221,"3":false}
2026-03-18 16:04:48 [debug] : 1647.5 {"0":1106,"1":541.5,"2":122,"3":false}
2026-03-18 16:04:48 [debug] : 1647.5 {"0":1365,"1":282.5,"2":122,"3":false}
2026-03-18 16:04:48 [debug] : 1647.5 {"0":1624,"1":23.5,"2":314,"3":true}
2026-03-18 16:04:48 [debug] : SELECTED {"0":"cmake-build-setting-form-widget:file:///c%3A/Users/dkhar/OneDrive/Documents/GitHub/ee4218/lab_2/src/UserConfig.cmake:warnings"}
2026-03-18 16:04:48 [debug] : 1572.5 {"0":39,"1":1533.5,"2":13,"3":false}
2026-03-18 16:04:48 [debug] : 1572.5 {"0":80,"1":1492.5,"2":150,"3":false}
2026-03-18 16:04:48 [debug] : 1572.5 {"0":395,"1":1177.5,"2":119.5,"3":false}
2026-03-18 16:04:48 [debug] : 1572.5 {"0":649,"1":923.5,"2":221,"3":false}
2026-03-18 16:04:48 [debug] : 1572.5 {"0":1106,"1":466.5,"2":122,"3":false}
2026-03-18 16:04:48 [debug] : 1572.5 {"0":1365,"1":207.5,"2":122,"3":false}
2026-03-18 16:04:48 [debug] : 1572.5 {"0":1624,"1":51.5,"2":314,"3":true}
2026-03-18 16:04:48 [debug] : SELECTED {"0":"cmake-build-setting-form-widget:file:///c%3A/Users/dkhar/OneDrive/Documents/GitHub/ee4218/lab_2/src/UserConfig.cmake:warnings"}
2026-03-18 16:04:48 [debug] : 1425 {"0":39,"1":1386,"2":13,"3":false}
2026-03-18 16:04:48 [debug] : 1425 {"0":80,"1":1345,"2":150,"3":false}
2026-03-18 16:04:48 [debug] : 1425 {"0":395,"1":1030,"2":119.5,"3":false}
2026-03-18 16:04:48 [debug] : 1425 {"0":649,"1":776,"2":221,"3":false}
2026-03-18 16:04:48 [debug] : 1425 {"0":1106,"1":319,"2":122,"3":false}
2026-03-18 16:04:48 [debug] : 1425 {"0":1365,"1":60,"2":122,"3":true}
2026-03-18 16:04:48 [debug] : SELECTED {"0":"cmake-build-setting-form-widget:file:///c%3A/Users/dkhar/OneDrive/Documents/GitHub/ee4218/lab_2/src/UserConfig.cmake:debugging"}
2026-03-18 16:04:48 [debug] : 1324 {"0":39,"1":1285,"2":13,"3":false}
2026-03-18 16:04:48 [debug] : 1324 {"0":80,"1":1244,"2":150,"3":false}
2026-03-18 16:04:48 [debug] : 1324 {"0":395,"1":929,"2":119.5,"3":false}
2026-03-18 16:04:48 [debug] : 1324 {"0":649,"1":675,"2":221,"3":false}
2026-03-18 16:04:48 [debug] : 1324 {"0":1106,"1":218,"2":122,"3":false}
2026-03-18 16:04:48 [debug] : 1324 {"0":1365,"1":41,"2":122,"3":true}
2026-03-18 16:04:48 [debug] : SELECTED {"0":"cmake-build-setting-form-widget:file:///c%3A/Users/dkhar/OneDrive/Documents/GitHub/ee4218/lab_2/src/UserConfig.cmake:debugging"}
2026-03-18 16:04:48 [debug] : 1311 {"0":39,"1":1272,"2":13,"3":false}
2026-03-18 16:04:48 [debug] : 1311 {"0":80,"1":1231,"2":150,"3":false}
2026-03-18 16:04:48 [debug] : 1311 {"0":395,"1":916,"2":119.5,"3":false}
2026-03-18 16:04:48 [debug] : 1311 {"0":649,"1":662,"2":221,"3":false}
2026-03-18 16:04:48 [debug] : 1311 {"0":1106,"1":205,"2":122,"3":false}
2026-03-18 16:04:48 [debug] : 1311 {"0":1365,"1":54,"2":122,"3":true}
2026-03-18 16:04:48 [debug] : SELECTED {"0":"cmake-build-setting-form-widget:file:///c%3A/Users/dkhar/OneDrive/Documents/GitHub/ee4218/lab_2/src/UserConfig.cmake:debugging"}
2026-03-18 16:04:49 [debug] : 1308 {"0":39,"1":1269,"2":13,"3":false}
2026-03-18 16:04:49 [debug] : 1308 {"0":80,"1":1228,"2":150,"3":false}
2026-03-18 16:04:49 [debug] : 1308 {"0":395,"1":913,"2":119.5,"3":false}
2026-03-18 16:04:49 [debug] : 1308 {"0":649,"1":659,"2":221,"3":false}
2026-03-18 16:04:49 [debug] : 1308 {"0":1106,"1":202,"2":122,"3":false}
2026-03-18 16:04:49 [debug] : 1308 {"0":1365,"1":57,"2":122,"3":true}
2026-03-18 16:04:49 [debug] : SELECTED {"0":"cmake-build-setting-form-widget:file:///c%3A/Users/dkhar/OneDrive/Documents/GitHub/ee4218/lab_2/src/UserConfig.cmake:debugging"}
2026-03-18 16:04:49 [debug] : 1244.5 {"0":39,"1":1205.5,"2":13,"3":false}
2026-03-18 16:04:49 [debug] : 1244.5 {"0":80,"1":1164.5,"2":150,"3":false}
2026-03-18 16:04:49 [debug] : 1244.5 {"0":395,"1":849.5,"2":119.5,"3":false}
2026-03-18 16:04:49 [debug] : 1244.5 {"0":649,"1":595.5,"2":221,"3":false}
2026-03-18 16:04:49 [debug] : 1244.5 {"0":1106,"1":138.5,"2":122,"3":false}
2026-03-18 16:04:49 [debug] : 1244.5 {"0":1365,"1":120.5,"2":122,"3":true}
2026-03-18 16:04:49 [debug] : SELECTED {"0":"cmake-build-setting-form-widget:file:///c%3A/Users/dkhar/OneDrive/Documents/GitHub/ee4218/lab_2/src/UserConfig.cmake:debugging"}
2026-03-18 16:04:49 [debug] : 1098.5 {"0":39,"1":1059.5,"2":13,"3":false}
2026-03-18 16:04:49 [debug] : 1098.5 {"0":80,"1":1018.5,"2":150,"3":false}
2026-03-18 16:04:49 [debug] : 1098.5 {"0":395,"1":703.5,"2":119.5,"3":false}
2026-03-18 16:04:49 [debug] : 1098.5 {"0":649,"1":449.5,"2":221,"3":false}
2026-03-18 16:04:49 [debug] : 1098.5 {"0":1106,"1":7.5,"2":122,"3":true}
2026-03-18 16:04:49 [debug] : SELECTED {"0":"cmake-build-setting-form-widget:file:///c%3A/Users/dkhar/OneDrive/Documents/GitHub/ee4218/lab_2/src/UserConfig.cmake:optimization"}
2026-03-18 16:04:49 [debug] : 993.5 {"0":39,"1":954.5,"2":13,"3":false}
2026-03-18 16:04:49 [debug] : 993.5 {"0":80,"1":913.5,"2":150,"3":false}
2026-03-18 16:04:49 [debug] : 993.5 {"0":395,"1":598.5,"2":119.5,"3":false}
2026-03-18 16:04:49 [debug] : 993.5 {"0":649,"1":344.5,"2":221,"3":false}
2026-03-18 16:04:49 [debug] : 993.5 {"0":1106,"1":112.5,"2":122,"3":true}
2026-03-18 16:04:49 [debug] : SELECTED {"0":"cmake-build-setting-form-widget:file:///c%3A/Users/dkhar/OneDrive/Documents/GitHub/ee4218/lab_2/src/UserConfig.cmake:optimization"}
2026-03-18 16:04:49 [debug] : 974 {"0":39,"1":935,"2":13,"3":false}
2026-03-18 16:04:49 [debug] : 974 {"0":80,"1":894,"2":150,"3":false}
2026-03-18 16:04:49 [debug] : 974 {"0":395,"1":579,"2":119.5,"3":false}
2026-03-18 16:04:49 [debug] : 974 {"0":649,"1":325,"2":221,"3":false}
2026-03-18 16:04:49 [debug] : 974 {"0":1106,"1":132,"2":122,"3":false}
2026-03-18 16:04:49 [debug] : 974 {"0":1365,"1":391,"2":122,"3":false}
2026-03-18 16:04:49 [debug] : 974 {"0":1624,"1":650,"2":314,"3":false}
2026-03-18 16:04:49 [debug] : 974 {"0":2267,"1":1293,"2":162.5,"3":false}
2026-03-18 16:04:49 [debug] : 974 {"0":2607,"1":1633,"2":13,"3":false}
2026-03-18 16:04:49 [debug] : 974 {"0":2648,"1":1674,"2":194,"3":false}
2026-03-18 16:04:49 [debug] : 974 {"0":3051,"1":2077,"2":121,"3":false}
2026-03-18 16:04:49 [debug] : 974 {"0":3308,"1":2334,"2":58.5,"3":false}
2026-03-18 16:04:49 [debug] : 974 {"0":3440,"1":2466,"2":67.5,"3":false}
2026-03-18 16:04:49 [debug] : 976 {"0":39,"1":937,"2":13,"3":false}
2026-03-18 16:04:49 [debug] : 976 {"0":80,"1":896,"2":150,"3":false}
2026-03-18 16:04:49 [debug] : 976 {"0":395,"1":581,"2":119.5,"3":false}
2026-03-18 16:04:49 [debug] : 976 {"0":649,"1":327,"2":221,"3":false}
2026-03-18 16:04:49 [debug] : 976 {"0":1106,"1":130,"2":122,"3":false}
2026-03-18 16:04:49 [debug] : 976 {"0":1365,"1":389,"2":122,"3":false}
2026-03-18 16:04:49 [debug] : 976 {"0":1624,"1":648,"2":314,"3":false}
2026-03-18 16:04:49 [debug] : 976 {"0":2267,"1":1291,"2":162.5,"3":false}
2026-03-18 16:04:49 [debug] : 976 {"0":2607,"1":1631,"2":13,"3":false}
2026-03-18 16:04:49 [debug] : 976 {"0":2648,"1":1672,"2":194,"3":false}
2026-03-18 16:04:49 [debug] : 976 {"0":3051,"1":2075,"2":121,"3":false}
2026-03-18 16:04:49 [debug] : 976 {"0":3308,"1":2332,"2":58.5,"3":false}
2026-03-18 16:04:49 [debug] : 976 {"0":3440,"1":2464,"2":67.5,"3":false}
2026-03-18 16:04:49 [debug] : 1035 {"0":39,"1":996,"2":13,"3":false}
2026-03-18 16:04:49 [debug] : 1035 {"0":80,"1":955,"2":150,"3":false}
2026-03-18 16:04:49 [debug] : 1035 {"0":395,"1":640,"2":119.5,"3":false}
2026-03-18 16:04:49 [debug] : 1035 {"0":649,"1":386,"2":221,"3":false}
2026-03-18 16:04:49 [debug] : 1035 {"0":1106,"1":71,"2":122,"3":true}
2026-03-18 16:04:49 [debug] : SELECTED {"0":"cmake-build-setting-form-widget:file:///c%3A/Users/dkhar/OneDrive/Documents/GitHub/ee4218/lab_2/src/UserConfig.cmake:optimization"}
2026-03-18 16:04:49 [debug] : 1255 {"0":39,"1":1216,"2":13,"3":false}
2026-03-18 16:04:49 [debug] : 1255 {"0":80,"1":1175,"2":150,"3":false}
2026-03-18 16:04:49 [debug] : 1255 {"0":395,"1":860,"2":119.5,"3":false}
2026-03-18 16:04:49 [debug] : 1255 {"0":649,"1":606,"2":221,"3":false}
2026-03-18 16:04:49 [debug] : 1255 {"0":1106,"1":149,"2":122,"3":false}
2026-03-18 16:04:49 [debug] : 1255 {"0":1365,"1":110,"2":122,"3":true}
2026-03-18 16:04:49 [debug] : SELECTED {"0":"cmake-build-setting-form-widget:file:///c%3A/Users/dkhar/OneDrive/Documents/GitHub/ee4218/lab_2/src/UserConfig.cmake:debugging"}
2026-03-18 16:04:49 [debug] : 1468.5 {"0":39,"1":1429.5,"2":13,"3":false}
2026-03-18 16:04:49 [debug] : 1468.5 {"0":80,"1":1388.5,"2":150,"3":false}
2026-03-18 16:04:49 [debug] : 1468.5 {"0":395,"1":1073.5,"2":119.5,"3":false}
2026-03-18 16:04:49 [debug] : 1468.5 {"0":649,"1":819.5,"2":221,"3":false}
2026-03-18 16:04:49 [debug] : 1468.5 {"0":1106,"1":362.5,"2":122,"3":false}
2026-03-18 16:04:49 [debug] : 1468.5 {"0":1365,"1":103.5,"2":122,"3":true}
2026-03-18 16:04:49 [debug] : SELECTED {"0":"cmake-build-setting-form-widget:file:///c%3A/Users/dkhar/OneDrive/Documents/GitHub/ee4218/lab_2/src/UserConfig.cmake:debugging"}
2026-03-18 16:04:50 [debug] : 1519 {"0":39,"1":1480,"2":13,"3":false}
2026-03-18 16:04:50 [debug] : 1519 {"0":80,"1":1439,"2":150,"3":false}
2026-03-18 16:04:50 [debug] : 1519 {"0":395,"1":1124,"2":119.5,"3":false}
2026-03-18 16:04:50 [debug] : 1519 {"0":649,"1":870,"2":221,"3":false}
2026-03-18 16:04:50 [debug] : 1519 {"0":1106,"1":413,"2":122,"3":false}
2026-03-18 16:04:50 [debug] : 1519 {"0":1365,"1":154,"2":122,"3":false}
2026-03-18 16:04:50 [debug] : 1519 {"0":1624,"1":105,"2":314,"3":true}
2026-03-18 16:04:50 [debug] : SELECTED {"0":"cmake-build-setting-form-widget:file:///c%3A/Users/dkhar/OneDrive/Documents/GitHub/ee4218/lab_2/src/UserConfig.cmake:warnings"}
2026-03-18 16:04:50 [debug] : 1521 {"0":39,"1":1482,"2":13,"3":false}
2026-03-18 16:04:50 [debug] : 1521 {"0":80,"1":1441,"2":150,"3":false}
2026-03-18 16:04:50 [debug] : 1521 {"0":395,"1":1126,"2":119.5,"3":false}
2026-03-18 16:04:50 [debug] : 1521 {"0":649,"1":872,"2":221,"3":false}
2026-03-18 16:04:50 [debug] : 1521 {"0":1106,"1":415,"2":122,"3":false}
2026-03-18 16:04:50 [debug] : 1521 {"0":1365,"1":156,"2":122,"3":false}
2026-03-18 16:04:50 [debug] : 1521 {"0":1624,"1":103,"2":314,"3":true}
2026-03-18 16:04:50 [debug] : SELECTED {"0":"cmake-build-setting-form-widget:file:///c%3A/Users/dkhar/OneDrive/Documents/GitHub/ee4218/lab_2/src/UserConfig.cmake:warnings"}
2026-03-18 16:04:50 [debug] : 1560 {"0":39,"1":1521,"2":13,"3":false}
2026-03-18 16:04:50 [debug] : 1560 {"0":80,"1":1480,"2":150,"3":false}
2026-03-18 16:04:50 [debug] : 1560 {"0":395,"1":1165,"2":119.5,"3":false}
2026-03-18 16:04:50 [debug] : 1560 {"0":649,"1":911,"2":221,"3":false}
2026-03-18 16:04:50 [debug] : 1560 {"0":1106,"1":454,"2":122,"3":false}
2026-03-18 16:04:50 [debug] : 1560 {"0":1365,"1":195,"2":122,"3":false}
2026-03-18 16:04:50 [debug] : 1560 {"0":1624,"1":64,"2":314,"3":true}
2026-03-18 16:04:50 [debug] : SELECTED {"0":"cmake-build-setting-form-widget:file:///c%3A/Users/dkhar/OneDrive/Documents/GitHub/ee4218/lab_2/src/UserConfig.cmake:warnings"}
2026-03-18 16:04:50 [debug] : 1731 {"0":39,"1":1692,"2":13,"3":false}
2026-03-18 16:04:50 [debug] : 1731 {"0":80,"1":1651,"2":150,"3":false}
2026-03-18 16:04:50 [debug] : 1731 {"0":395,"1":1336,"2":119.5,"3":false}
2026-03-18 16:04:50 [debug] : 1731 {"0":649,"1":1082,"2":221,"3":false}
2026-03-18 16:04:50 [debug] : 1731 {"0":1106,"1":625,"2":122,"3":false}
2026-03-18 16:04:50 [debug] : 1731 {"0":1365,"1":366,"2":122,"3":false}
2026-03-18 16:04:50 [debug] : 1731 {"0":1624,"1":107,"2":314,"3":true}
2026-03-18 16:04:50 [debug] : SELECTED {"0":"cmake-build-setting-form-widget:file:///c%3A/Users/dkhar/OneDrive/Documents/GitHub/ee4218/lab_2/src/UserConfig.cmake:warnings"}
2026-03-18 16:04:50 [debug] : 1816 {"0":39,"1":1777,"2":13,"3":false}
2026-03-18 16:04:50 [debug] : 1816 {"0":80,"1":1736,"2":150,"3":false}
2026-03-18 16:04:50 [debug] : 1816 {"0":395,"1":1421,"2":119.5,"3":false}
2026-03-18 16:04:50 [debug] : 1816 {"0":649,"1":1167,"2":221,"3":false}
2026-03-18 16:04:50 [debug] : 1816 {"0":1106,"1":710,"2":122,"3":false}
2026-03-18 16:04:50 [debug] : 1816 {"0":1365,"1":451,"2":122,"3":false}
2026-03-18 16:04:50 [debug] : 1816 {"0":1624,"1":192,"2":314,"3":true}
2026-03-18 16:04:50 [debug] : SELECTED {"0":"cmake-build-setting-form-widget:file:///c%3A/Users/dkhar/OneDrive/Documents/GitHub/ee4218/lab_2/src/UserConfig.cmake:warnings"}
2026-03-18 16:04:50 [debug] : 1826.5 {"0":39,"1":1787.5,"2":13,"3":false}
2026-03-18 16:04:50 [debug] : 1826.5 {"0":80,"1":1746.5,"2":150,"3":false}
2026-03-18 16:04:50 [debug] : 1826.5 {"0":395,"1":1431.5,"2":119.5,"3":false}
2026-03-18 16:04:50 [debug] : 1826.5 {"0":649,"1":1177.5,"2":221,"3":false}
2026-03-18 16:04:50 [debug] : 1826.5 {"0":1106,"1":720.5,"2":122,"3":false}
2026-03-18 16:04:50 [debug] : 1826.5 {"0":1365,"1":461.5,"2":122,"3":false}
2026-03-18 16:04:50 [debug] : 1826.5 {"0":1624,"1":202.5,"2":314,"3":true}
2026-03-18 16:04:50 [debug] : SELECTED {"0":"cmake-build-setting-form-widget:file:///c%3A/Users/dkhar/OneDrive/Documents/GitHub/ee4218/lab_2/src/UserConfig.cmake:warnings"}
2026-03-18 16:04:50 [debug] : 1828.5 {"0":39,"1":1789.5,"2":13,"3":false}
2026-03-18 16:04:50 [debug] : 1828.5 {"0":80,"1":1748.5,"2":150,"3":false}
2026-03-18 16:04:50 [debug] : 1828.5 {"0":395,"1":1433.5,"2":119.5,"3":false}
2026-03-18 16:04:50 [debug] : 1828.5 {"0":649,"1":1179.5,"2":221,"3":false}
2026-03-18 16:04:50 [debug] : 1828.5 {"0":1106,"1":722.5,"2":122,"3":false}
2026-03-18 16:04:50 [debug] : 1828.5 {"0":1365,"1":463.5,"2":122,"3":false}
2026-03-18 16:04:50 [debug] : 1828.5 {"0":1624,"1":204.5,"2":314,"3":true}
2026-03-18 16:04:50 [debug] : SELECTED {"0":"cmake-build-setting-form-widget:file:///c%3A/Users/dkhar/OneDrive/Documents/GitHub/ee4218/lab_2/src/UserConfig.cmake:warnings"}
2026-03-18 16:04:50 [debug] : 1867.5 {"0":39,"1":1828.5,"2":13,"3":false}
2026-03-18 16:04:50 [debug] : 1867.5 {"0":80,"1":1787.5,"2":150,"3":false}
2026-03-18 16:04:50 [debug] : 1867.5 {"0":395,"1":1472.5,"2":119.5,"3":false}
2026-03-18 16:04:50 [debug] : 1867.5 {"0":649,"1":1218.5,"2":221,"3":false}
2026-03-18 16:04:50 [debug] : 1867.5 {"0":1106,"1":761.5,"2":122,"3":false}
2026-03-18 16:04:50 [debug] : 1867.5 {"0":1365,"1":502.5,"2":122,"3":false}
2026-03-18 16:04:50 [debug] : 1867.5 {"0":1624,"1":243.5,"2":314,"3":true}
2026-03-18 16:04:50 [debug] : SELECTED {"0":"cmake-build-setting-form-widget:file:///c%3A/Users/dkhar/OneDrive/Documents/GitHub/ee4218/lab_2/src/UserConfig.cmake:warnings"}
2026-03-18 16:04:50 [debug] : 1985.5 {"0":39,"1":1946.5,"2":13,"3":false}
2026-03-18 16:04:50 [debug] : 1985.5 {"0":80,"1":1905.5,"2":150,"3":false}
2026-03-18 16:04:50 [debug] : 1985.5 {"0":395,"1":1590.5,"2":119.5,"3":false}
2026-03-18 16:04:50 [debug] : 1985.5 {"0":649,"1":1336.5,"2":221,"3":false}
2026-03-18 16:04:50 [debug] : 1985.5 {"0":1106,"1":879.5,"2":122,"3":false}
2026-03-18 16:04:50 [debug] : 1985.5 {"0":1365,"1":620.5,"2":122,"3":false}
2026-03-18 16:04:50 [debug] : 1985.5 {"0":1624,"1":361.5,"2":314,"3":false}
2026-03-18 16:04:50 [debug] : 1985.5 {"0":2267,"1":281.5,"2":162.5,"3":false}
2026-03-18 16:04:50 [debug] : 1985.5 {"0":2607,"1":621.5,"2":13,"3":false}
2026-03-18 16:04:50 [debug] : 1985.5 {"0":2648,"1":662.5,"2":194,"3":false}
2026-03-18 16:04:50 [debug] : 1985.5 {"0":3051,"1":1065.5,"2":121,"3":false}
2026-03-18 16:04:50 [debug] : 1985.5 {"0":3308,"1":1322.5,"2":58.5,"3":false}
2026-03-18 16:04:50 [debug] : 1985.5 {"0":3440,"1":1454.5,"2":67.5,"3":false}
2026-03-18 16:04:50 [debug] : 2086 {"0":39,"1":2047,"2":13,"3":false}
2026-03-18 16:04:50 [debug] : 2086 {"0":80,"1":2006,"2":150,"3":false}
2026-03-18 16:04:50 [debug] : 2086 {"0":395,"1":1691,"2":119.5,"3":false}
2026-03-18 16:04:50 [debug] : 2086 {"0":649,"1":1437,"2":221,"3":false}
2026-03-18 16:04:50 [debug] : 2086 {"0":1106,"1":980,"2":122,"3":false}
2026-03-18 16:04:50 [debug] : 2086 {"0":1365,"1":721,"2":122,"3":false}
2026-03-18 16:04:50 [debug] : 2086 {"0":1624,"1":462,"2":314,"3":false}
2026-03-18 16:04:50 [debug] : 2086 {"0":2267,"1":181,"2":162.5,"3":false}
2026-03-18 16:04:50 [debug] : 2086 {"0":2607,"1":521,"2":13,"3":false}
2026-03-18 16:04:50 [debug] : 2086 {"0":2648,"1":562,"2":194,"3":false}
2026-03-18 16:04:50 [debug] : 2086 {"0":3051,"1":965,"2":121,"3":false}
2026-03-18 16:04:50 [debug] : 2086 {"0":3308,"1":1222,"2":58.5,"3":false}
2026-03-18 16:04:50 [debug] : 2086 {"0":3440,"1":1354,"2":67.5,"3":false}
2026-03-18 16:04:50 [debug] : 2121.5 {"0":39,"1":2082.5,"2":13,"3":false}
2026-03-18 16:04:50 [debug] : 2121.5 {"0":80,"1":2041.5,"2":150,"3":false}
2026-03-18 16:04:50 [debug] : 2121.5 {"0":395,"1":1726.5,"2":119.5,"3":false}
2026-03-18 16:04:50 [debug] : 2121.5 {"0":649,"1":1472.5,"2":221,"3":false}
2026-03-18 16:04:50 [debug] : 2121.5 {"0":1106,"1":1015.5,"2":122,"3":false}
2026-03-18 16:04:50 [debug] : 2121.5 {"0":1365,"1":756.5,"2":122,"3":false}
2026-03-18 16:04:50 [debug] : 2121.5 {"0":1624,"1":497.5,"2":314,"3":false}
2026-03-18 16:04:50 [debug] : 2121.5 {"0":2267,"1":145.5,"2":162.5,"3":true}
2026-03-18 16:04:50 [debug] : SELECTED {"0":"cmake-build-setting-form-widget:file:///c%3A/Users/dkhar/OneDrive/Documents/GitHub/ee4218/lab_2/src/UserConfig.cmake:compiler_misc"}
2026-03-18 16:04:51 [debug] : 2123 {"0":39,"1":2084,"2":13,"3":false}
2026-03-18 16:04:51 [debug] : 2123 {"0":80,"1":2043,"2":150,"3":false}
2026-03-18 16:04:51 [debug] : 2123 {"0":395,"1":1728,"2":119.5,"3":false}
2026-03-18 16:04:51 [debug] : 2123 {"0":649,"1":1474,"2":221,"3":false}
2026-03-18 16:04:51 [debug] : 2123 {"0":1106,"1":1017,"2":122,"3":false}
2026-03-18 16:04:51 [debug] : 2123 {"0":1365,"1":758,"2":122,"3":false}
2026-03-18 16:04:51 [debug] : 2123 {"0":1624,"1":499,"2":314,"3":false}
2026-03-18 16:04:51 [debug] : 2123 {"0":2267,"1":144,"2":162.5,"3":true}
2026-03-18 16:04:51 [debug] : SELECTED {"0":"cmake-build-setting-form-widget:file:///c%3A/Users/dkhar/OneDrive/Documents/GitHub/ee4218/lab_2/src/UserConfig.cmake:compiler_misc"}
2026-03-18 16:04:51 [debug] : 2147.5 {"0":39,"1":2108.5,"2":13,"3":false}
2026-03-18 16:04:51 [debug] : 2147.5 {"0":80,"1":2067.5,"2":150,"3":false}
2026-03-18 16:04:51 [debug] : 2147.5 {"0":395,"1":1752.5,"2":119.5,"3":false}
2026-03-18 16:04:51 [debug] : 2147.5 {"0":649,"1":1498.5,"2":221,"3":false}
2026-03-18 16:04:51 [debug] : 2147.5 {"0":1106,"1":1041.5,"2":122,"3":false}
2026-03-18 16:04:51 [debug] : 2147.5 {"0":1365,"1":782.5,"2":122,"3":false}
2026-03-18 16:04:51 [debug] : 2147.5 {"0":1624,"1":523.5,"2":314,"3":false}
2026-03-18 16:04:51 [debug] : 2147.5 {"0":2267,"1":119.5,"2":162.5,"3":true}
2026-03-18 16:04:51 [debug] : SELECTED {"0":"cmake-build-setting-form-widget:file:///c%3A/Users/dkhar/OneDrive/Documents/GitHub/ee4218/lab_2/src/UserConfig.cmake:compiler_misc"}
2026-03-18 16:04:51 [debug] : 2331 {"0":39,"1":2292,"2":13,"3":false}
2026-03-18 16:04:51 [debug] : 2331 {"0":80,"1":2251,"2":150,"3":false}
2026-03-18 16:04:51 [debug] : 2331 {"0":395,"1":1936,"2":119.5,"3":false}
2026-03-18 16:04:51 [debug] : 2331 {"0":649,"1":1682,"2":221,"3":false}
2026-03-18 16:04:51 [debug] : 2331 {"0":1106,"1":1225,"2":122,"3":false}
2026-03-18 16:04:51 [debug] : 2331 {"0":1365,"1":966,"2":122,"3":false}
2026-03-18 16:04:51 [debug] : 2331 {"0":1624,"1":707,"2":314,"3":false}
2026-03-18 16:04:51 [debug] : 2331 {"0":2267,"1":64,"2":162.5,"3":true}
2026-03-18 16:04:51 [debug] : SELECTED {"0":"cmake-build-setting-form-widget:file:///c%3A/Users/dkhar/OneDrive/Documents/GitHub/ee4218/lab_2/src/UserConfig.cmake:compiler_misc"}
2026-03-18 16:04:51 [debug] : 2478.5 {"0":39,"1":2439.5,"2":13,"3":false}
2026-03-18 16:04:51 [debug] : 2478.5 {"0":80,"1":2398.5,"2":150,"3":false}
2026-03-18 16:04:51 [debug] : 2478.5 {"0":395,"1":2083.5,"2":119.5,"3":false}
2026-03-18 16:04:51 [debug] : 2478.5 {"0":649,"1":1829.5,"2":221,"3":false}
2026-03-18 16:04:51 [debug] : 2478.5 {"0":1106,"1":1372.5,"2":122,"3":false}
2026-03-18 16:04:51 [debug] : 2478.5 {"0":1365,"1":1113.5,"2":122,"3":false}
2026-03-18 16:04:51 [debug] : 2478.5 {"0":1624,"1":854.5,"2":314,"3":false}
2026-03-18 16:04:51 [debug] : 2478.5 {"0":2267,"1":211.5,"2":162.5,"3":false}
2026-03-18 16:04:51 [debug] : 2478.5 {"0":2607,"1":128.5,"2":13,"3":false}
2026-03-18 16:04:51 [debug] : 2478.5 {"0":2648,"1":169.5,"2":194,"3":true}
2026-03-18 16:04:51 [debug] : SELECTED {"0":"cmake-build-setting-form-widget:file:///c%3A/Users/dkhar/OneDrive/Documents/GitHub/ee4218/lab_2/src/UserConfig.cmake:general"}
2026-03-18 16:04:51 [debug] : 2511 {"0":39,"1":2472,"2":13,"3":false}
2026-03-18 16:04:51 [debug] : 2511 {"0":80,"1":2431,"2":150,"3":false}
2026-03-18 16:04:51 [debug] : 2511 {"0":395,"1":2116,"2":119.5,"3":false}
2026-03-18 16:04:51 [debug] : 2511 {"0":649,"1":1862,"2":221,"3":false}
2026-03-18 16:04:51 [debug] : 2511 {"0":1106,"1":1405,"2":122,"3":false}
2026-03-18 16:04:51 [debug] : 2511 {"0":1365,"1":1146,"2":122,"3":false}
2026-03-18 16:04:51 [debug] : 2511 {"0":1624,"1":887,"2":314,"3":false}
2026-03-18 16:04:51 [debug] : 2511 {"0":2267,"1":244,"2":162.5,"3":false}
2026-03-18 16:04:51 [debug] : 2511 {"0":2607,"1":96,"2":13,"3":false}
2026-03-18 16:04:51 [debug] : 2511 {"0":2648,"1":137,"2":194,"3":true}
2026-03-18 16:04:51 [debug] : SELECTED {"0":"cmake-build-setting-form-widget:file:///c%3A/Users/dkhar/OneDrive/Documents/GitHub/ee4218/lab_2/src/UserConfig.cmake:general"}
2026-03-18 16:04:52 [debug] : 2511.5 {"0":39,"1":2472.5,"2":13,"3":false}
2026-03-18 16:04:52 [debug] : 2511.5 {"0":80,"1":2431.5,"2":150,"3":false}
2026-03-18 16:04:52 [debug] : 2511.5 {"0":395,"1":2116.5,"2":119.5,"3":false}
2026-03-18 16:04:52 [debug] : 2511.5 {"0":649,"1":1862.5,"2":221,"3":false}
2026-03-18 16:04:52 [debug] : 2511.5 {"0":1106,"1":1405.5,"2":122,"3":false}
2026-03-18 16:04:52 [debug] : 2511.5 {"0":1365,"1":1146.5,"2":122,"3":false}
2026-03-18 16:04:52 [debug] : 2511.5 {"0":1624,"1":887.5,"2":314,"3":false}
2026-03-18 16:04:52 [debug] : 2511.5 {"0":2267,"1":244.5,"2":162.5,"3":false}
2026-03-18 16:04:52 [debug] : 2511.5 {"0":2607,"1":95.5,"2":13,"3":false}
2026-03-18 16:04:52 [debug] : 2511.5 {"0":2648,"1":136.5,"2":194,"3":true}
2026-03-18 16:04:52 [debug] : SELECTED {"0":"cmake-build-setting-form-widget:file:///c%3A/Users/dkhar/OneDrive/Documents/GitHub/ee4218/lab_2/src/UserConfig.cmake:general"}
2026-03-18 16:04:52 [debug] : 2521.5 {"0":39,"1":2482.5,"2":13,"3":false}
2026-03-18 16:04:52 [debug] : 2521.5 {"0":80,"1":2441.5,"2":150,"3":false}
2026-03-18 16:04:52 [debug] : 2521.5 {"0":395,"1":2126.5,"2":119.5,"3":false}
2026-03-18 16:04:52 [debug] : 2521.5 {"0":649,"1":1872.5,"2":221,"3":false}
2026-03-18 16:04:52 [debug] : 2521.5 {"0":1106,"1":1415.5,"2":122,"3":false}
2026-03-18 16:04:52 [debug] : 2521.5 {"0":1365,"1":1156.5,"2":122,"3":false}
2026-03-18 16:04:52 [debug] : 2521.5 {"0":1624,"1":897.5,"2":314,"3":false}
2026-03-18 16:04:52 [debug] : 2521.5 {"0":2267,"1":254.5,"2":162.5,"3":false}
2026-03-18 16:04:52 [debug] : 2521.5 {"0":2607,"1":85.5,"2":13,"3":false}
2026-03-18 16:04:52 [debug] : 2521.5 {"0":2648,"1":126.5,"2":194,"3":true}
2026-03-18 16:04:52 [debug] : SELECTED {"0":"cmake-build-setting-form-widget:file:///c%3A/Users/dkhar/OneDrive/Documents/GitHub/ee4218/lab_2/src/UserConfig.cmake:general"}
2026-03-18 16:04:52 [debug] : 2547.5 {"0":39,"1":2508.5,"2":13,"3":false}
2026-03-18 16:04:52 [debug] : 2547.5 {"0":80,"1":2467.5,"2":150,"3":false}
2026-03-18 16:04:52 [debug] : 2547.5 {"0":395,"1":2152.5,"2":119.5,"3":false}
2026-03-18 16:04:52 [debug] : 2547.5 {"0":649,"1":1898.5,"2":221,"3":false}
2026-03-18 16:04:52 [debug] : 2547.5 {"0":1106,"1":1441.5,"2":122,"3":false}
2026-03-18 16:04:52 [debug] : 2547.5 {"0":1365,"1":1182.5,"2":122,"3":false}
2026-03-18 16:04:52 [debug] : 2547.5 {"0":1624,"1":923.5,"2":314,"3":false}
2026-03-18 16:04:52 [debug] : 2547.5 {"0":2267,"1":280.5,"2":162.5,"3":false}
2026-03-18 16:04:52 [debug] : 2547.5 {"0":2607,"1":59.5,"2":13,"3":false}
2026-03-18 16:04:52 [debug] : 2547.5 {"0":2648,"1":100.5,"2":194,"3":true}
2026-03-18 16:04:52 [debug] : SELECTED {"0":"cmake-build-setting-form-widget:file:///c%3A/Users/dkhar/OneDrive/Documents/GitHub/ee4218/lab_2/src/UserConfig.cmake:general"}
2026-03-18 16:04:52 [debug] : 2569.5 {"0":39,"1":2530.5,"2":13,"3":false}
2026-03-18 16:04:52 [debug] : 2569.5 {"0":80,"1":2489.5,"2":150,"3":false}
2026-03-18 16:04:52 [debug] : 2569.5 {"0":395,"1":2174.5,"2":119.5,"3":false}
2026-03-18 16:04:52 [debug] : 2569.5 {"0":649,"1":1920.5,"2":221,"3":false}
2026-03-18 16:04:52 [debug] : 2569.5 {"0":1106,"1":1463.5,"2":122,"3":false}
2026-03-18 16:04:52 [debug] : 2569.5 {"0":1365,"1":1204.5,"2":122,"3":false}
2026-03-18 16:04:52 [debug] : 2569.5 {"0":1624,"1":945.5,"2":314,"3":false}
2026-03-18 16:04:52 [debug] : 2569.5 {"0":2267,"1":302.5,"2":162.5,"3":false}
2026-03-18 16:04:52 [debug] : 2569.5 {"0":2607,"1":37.5,"2":13,"3":false}
2026-03-18 16:04:52 [debug] : 2569.5 {"0":2648,"1":78.5,"2":194,"3":true}
2026-03-18 16:04:52 [debug] : SELECTED {"0":"cmake-build-setting-form-widget:file:///c%3A/Users/dkhar/OneDrive/Documents/GitHub/ee4218/lab_2/src/UserConfig.cmake:general"}
2026-03-18 16:04:52 [debug] : 2586.5 {"0":39,"1":2547.5,"2":13,"3":false}
2026-03-18 16:04:52 [debug] : 2586.5 {"0":80,"1":2506.5,"2":150,"3":false}
2026-03-18 16:04:52 [debug] : 2586.5 {"0":395,"1":2191.5,"2":119.5,"3":false}
2026-03-18 16:04:52 [debug] : 2586.5 {"0":649,"1":1937.5,"2":221,"3":false}
2026-03-18 16:04:52 [debug] : 2586.5 {"0":1106,"1":1480.5,"2":122,"3":false}
2026-03-18 16:04:52 [debug] : 2586.5 {"0":1365,"1":1221.5,"2":122,"3":false}
2026-03-18 16:04:52 [debug] : 2586.5 {"0":1624,"1":962.5,"2":314,"3":false}
2026-03-18 16:04:52 [debug] : 2586.5 {"0":2267,"1":319.5,"2":162.5,"3":false}
2026-03-18 16:04:52 [debug] : 2586.5 {"0":2607,"1":20.5,"2":13,"3":false}
2026-03-18 16:04:52 [debug] : 2586.5 {"0":2648,"1":61.5,"2":194,"3":true}
2026-03-18 16:04:52 [debug] : SELECTED {"0":"cmake-build-setting-form-widget:file:///c%3A/Users/dkhar/OneDrive/Documents/GitHub/ee4218/lab_2/src/UserConfig.cmake:general"}
2026-03-18 16:04:52 [debug] : 2593.5 {"0":39,"1":2554.5,"2":13,"3":false}
2026-03-18 16:04:52 [debug] : 2593.5 {"0":80,"1":2513.5,"2":150,"3":false}
2026-03-18 16:04:52 [debug] : 2593.5 {"0":395,"1":2198.5,"2":119.5,"3":false}
2026-03-18 16:04:52 [debug] : 2593.5 {"0":649,"1":1944.5,"2":221,"3":false}
2026-03-18 16:04:52 [debug] : 2593.5 {"0":1106,"1":1487.5,"2":122,"3":false}
2026-03-18 16:04:52 [debug] : 2593.5 {"0":1365,"1":1228.5,"2":122,"3":false}
2026-03-18 16:04:52 [debug] : 2593.5 {"0":1624,"1":969.5,"2":314,"3":false}
2026-03-18 16:04:52 [debug] : 2593.5 {"0":2267,"1":326.5,"2":162.5,"3":false}
2026-03-18 16:04:52 [debug] : 2593.5 {"0":2607,"1":13.5,"2":13,"3":false}
2026-03-18 16:04:52 [debug] : 2593.5 {"0":2648,"1":54.5,"2":194,"3":true}
2026-03-18 16:04:52 [debug] : SELECTED {"0":"cmake-build-setting-form-widget:file:///c%3A/Users/dkhar/OneDrive/Documents/GitHub/ee4218/lab_2/src/UserConfig.cmake:general"}
2026-03-18 16:04:52 [debug] : 2594 {"0":39,"1":2555,"2":13,"3":false}
2026-03-18 16:04:52 [debug] : 2594 {"0":80,"1":2514,"2":150,"3":false}
2026-03-18 16:04:52 [debug] : 2594 {"0":395,"1":2199,"2":119.5,"3":false}
2026-03-18 16:04:52 [debug] : 2594 {"0":649,"1":1945,"2":221,"3":false}
2026-03-18 16:04:52 [debug] : 2594 {"0":1106,"1":1488,"2":122,"3":false}
2026-03-18 16:04:52 [debug] : 2594 {"0":1365,"1":1229,"2":122,"3":false}
2026-03-18 16:04:52 [debug] : 2594 {"0":1624,"1":970,"2":314,"3":false}
2026-03-18 16:04:52 [debug] : 2594 {"0":2267,"1":327,"2":162.5,"3":false}
2026-03-18 16:04:52 [debug] : 2594 {"0":2607,"1":13,"2":13,"3":true}
2026-03-18 16:04:52 [debug] : SELECTED {"0":""}
2026-03-18 16:04:52 [debug] : 2596.5 {"0":39,"1":2557.5,"2":13,"3":false}
2026-03-18 16:04:52 [debug] : 2596.5 {"0":80,"1":2516.5,"2":150,"3":false}
2026-03-18 16:04:52 [debug] : 2596.5 {"0":395,"1":2201.5,"2":119.5,"3":false}
2026-03-18 16:04:52 [debug] : 2596.5 {"0":649,"1":1947.5,"2":221,"3":false}
2026-03-18 16:04:52 [debug] : 2596.5 {"0":1106,"1":1490.5,"2":122,"3":false}
2026-03-18 16:04:52 [debug] : 2596.5 {"0":1365,"1":1231.5,"2":122,"3":false}
2026-03-18 16:04:52 [debug] : 2596.5 {"0":1624,"1":972.5,"2":314,"3":false}
2026-03-18 16:04:52 [debug] : 2596.5 {"0":2267,"1":329.5,"2":162.5,"3":false}
2026-03-18 16:04:52 [debug] : 2596.5 {"0":2607,"1":10.5,"2":13,"3":true}
2026-03-18 16:04:52 [debug] : SELECTED {"0":""}
2026-03-18 16:04:52 [debug] : 2639.5 {"0":39,"1":2600.5,"2":13,"3":false}
2026-03-18 16:04:52 [debug] : 2639.5 {"0":80,"1":2559.5,"2":150,"3":false}
2026-03-18 16:04:52 [debug] : 2639.5 {"0":395,"1":2244.5,"2":119.5,"3":false}
2026-03-18 16:04:52 [debug] : 2639.5 {"0":649,"1":1990.5,"2":221,"3":false}
2026-03-18 16:04:52 [debug] : 2639.5 {"0":1106,"1":1533.5,"2":122,"3":false}
2026-03-18 16:04:52 [debug] : 2639.5 {"0":1365,"1":1274.5,"2":122,"3":false}
2026-03-18 16:04:52 [debug] : 2639.5 {"0":1624,"1":1015.5,"2":314,"3":false}
2026-03-18 16:04:52 [debug] : 2639.5 {"0":2267,"1":372.5,"2":162.5,"3":false}
2026-03-18 16:04:52 [debug] : 2639.5 {"0":2607,"1":32.5,"2":13,"3":false}
2026-03-18 16:04:52 [debug] : 2639.5 {"0":2648,"1":8.5,"2":194,"3":true}
2026-03-18 16:04:52 [debug] : SELECTED {"0":"cmake-build-setting-form-widget:file:///c%3A/Users/dkhar/OneDrive/Documents/GitHub/ee4218/lab_2/src/UserConfig.cmake:general"}
2026-03-18 16:04:52 [debug] : 2860 {"0":39,"1":2821,"2":13,"3":false}
2026-03-18 16:04:52 [debug] : 2860 {"0":80,"1":2780,"2":150,"3":false}
2026-03-18 16:04:52 [debug] : 2860 {"0":395,"1":2465,"2":119.5,"3":false}
2026-03-18 16:04:52 [debug] : 2860 {"0":649,"1":2211,"2":221,"3":false}
2026-03-18 16:04:52 [debug] : 2860 {"0":1106,"1":1754,"2":122,"3":false}
2026-03-18 16:04:52 [debug] : 2860 {"0":1365,"1":1495,"2":122,"3":false}
2026-03-18 16:04:52 [debug] : 2860 {"0":1624,"1":1236,"2":314,"3":false}
2026-03-18 16:04:52 [debug] : 2860 {"0":2267,"1":593,"2":162.5,"3":false}
2026-03-18 16:04:52 [debug] : 2860 {"0":2607,"1":253,"2":13,"3":false}
2026-03-18 16:04:52 [debug] : 2860 {"0":2648,"1":212,"2":194,"3":false}
2026-03-18 16:04:52 [debug] : 2860 {"0":3051,"1":191,"2":121,"3":false}
2026-03-18 16:04:52 [debug] : 2860 {"0":3308,"1":448,"2":58.5,"3":false}
2026-03-18 16:04:52 [debug] : 2860 {"0":3440,"1":580,"2":67.5,"3":false}
2026-03-18 16:04:52 [debug] : 3011.5 {"0":39,"1":2972.5,"2":13,"3":false}
2026-03-18 16:04:52 [debug] : 3011.5 {"0":80,"1":2931.5,"2":150,"3":false}
2026-03-18 16:04:52 [debug] : 3011.5 {"0":395,"1":2616.5,"2":119.5,"3":false}
2026-03-18 16:04:52 [debug] : 3011.5 {"0":649,"1":2362.5,"2":221,"3":false}
2026-03-18 16:04:52 [debug] : 3011.5 {"0":1106,"1":1905.5,"2":122,"3":false}
2026-03-18 16:04:52 [debug] : 3011.5 {"0":1365,"1":1646.5,"2":122,"3":false}
2026-03-18 16:04:52 [debug] : 3011.5 {"0":1624,"1":1387.5,"2":314,"3":false}
2026-03-18 16:04:52 [debug] : 3011.5 {"0":2267,"1":744.5,"2":162.5,"3":false}
2026-03-18 16:04:52 [debug] : 3011.5 {"0":2607,"1":404.5,"2":13,"3":false}
2026-03-18 16:04:52 [debug] : 3011.5 {"0":2648,"1":363.5,"2":194,"3":false}
2026-03-18 16:04:52 [debug] : 3011.5 {"0":3051,"1":39.5,"2":121,"3":true}
2026-03-18 16:04:52 [debug] : SELECTED {"0":"cmake-build-setting-form-widget:file:///c%3A/Users/dkhar/OneDrive/Documents/GitHub/ee4218/lab_2/src/UserConfig.cmake:libraries"}
2026-03-18 16:04:52 [debug] : 3038 {"0":39,"1":2999,"2":13,"3":false}
2026-03-18 16:04:52 [debug] : 3038 {"0":80,"1":2958,"2":150,"3":false}
2026-03-18 16:04:52 [debug] : 3038 {"0":395,"1":2643,"2":119.5,"3":false}
2026-03-18 16:04:52 [debug] : 3038 {"0":649,"1":2389,"2":221,"3":false}
2026-03-18 16:04:52 [debug] : 3038 {"0":1106,"1":1932,"2":122,"3":false}
2026-03-18 16:04:52 [debug] : 3038 {"0":1365,"1":1673,"2":122,"3":false}
2026-03-18 16:04:52 [debug] : 3038 {"0":1624,"1":1414,"2":314,"3":false}
2026-03-18 16:04:52 [debug] : 3038 {"0":2267,"1":771,"2":162.5,"3":false}
2026-03-18 16:04:52 [debug] : 3038 {"0":2607,"1":431,"2":13,"3":false}
2026-03-18 16:04:52 [debug] : 3038 {"0":2648,"1":390,"2":194,"3":false}
2026-03-18 16:04:52 [debug] : 3038 {"0":3051,"1":13,"2":121,"3":true}
2026-03-18 16:04:52 [debug] : SELECTED {"0":"cmake-build-setting-form-widget:file:///c%3A/Users/dkhar/OneDrive/Documents/GitHub/ee4218/lab_2/src/UserConfig.cmake:libraries"}
2026-03-18 16:04:52 [debug] : 3038.5 {"0":39,"1":2999.5,"2":13,"3":false}
2026-03-18 16:04:52 [debug] : 3038.5 {"0":80,"1":2958.5,"2":150,"3":false}
2026-03-18 16:04:52 [debug] : 3038.5 {"0":395,"1":2643.5,"2":119.5,"3":false}
2026-03-18 16:04:52 [debug] : 3038.5 {"0":649,"1":2389.5,"2":221,"3":false}
2026-03-18 16:04:52 [debug] : 3038.5 {"0":1106,"1":1932.5,"2":122,"3":false}
2026-03-18 16:04:52 [debug] : 3038.5 {"0":1365,"1":1673.5,"2":122,"3":false}
2026-03-18 16:04:52 [debug] : 3038.5 {"0":1624,"1":1414.5,"2":314,"3":false}
2026-03-18 16:04:52 [debug] : 3038.5 {"0":2267,"1":771.5,"2":162.5,"3":false}
2026-03-18 16:04:52 [debug] : 3038.5 {"0":2607,"1":431.5,"2":13,"3":false}
2026-03-18 16:04:52 [debug] : 3038.5 {"0":2648,"1":390.5,"2":194,"3":false}
2026-03-18 16:04:52 [debug] : 3038.5 {"0":3051,"1":12.5,"2":121,"3":true}
2026-03-18 16:04:52 [debug] : SELECTED {"0":"cmake-build-setting-form-widget:file:///c%3A/Users/dkhar/OneDrive/Documents/GitHub/ee4218/lab_2/src/UserConfig.cmake:libraries"}
2026-03-18 16:04:53 [debug] : 3039 {"0":39,"1":3000,"2":13,"3":false}
2026-03-18 16:04:53 [debug] : 3039 {"0":80,"1":2959,"2":150,"3":false}
2026-03-18 16:04:53 [debug] : 3039 {"0":395,"1":2644,"2":119.5,"3":false}
2026-03-18 16:04:53 [debug] : 3039 {"0":649,"1":2390,"2":221,"3":false}
2026-03-18 16:04:53 [debug] : 3039 {"0":1106,"1":1933,"2":122,"3":false}
2026-03-18 16:04:53 [debug] : 3039 {"0":1365,"1":1674,"2":122,"3":false}
2026-03-18 16:04:53 [debug] : 3039 {"0":1624,"1":1415,"2":314,"3":false}
2026-03-18 16:04:53 [debug] : 3039 {"0":2267,"1":772,"2":162.5,"3":false}
2026-03-18 16:04:53 [debug] : 3039 {"0":2607,"1":432,"2":13,"3":false}
2026-03-18 16:04:53 [debug] : 3039 {"0":2648,"1":391,"2":194,"3":false}
2026-03-18 16:04:53 [debug] : 3039 {"0":3051,"1":12,"2":121,"3":true}
2026-03-18 16:04:53 [debug] : SELECTED {"0":"cmake-build-setting-form-widget:file:///c%3A/Users/dkhar/OneDrive/Documents/GitHub/ee4218/lab_2/src/UserConfig.cmake:libraries"}
2026-03-18 16:04:53 [debug] : 3050.5 {"0":39,"1":3011.5,"2":13,"3":false}
2026-03-18 16:04:53 [debug] : 3050.5 {"0":80,"1":2970.5,"2":150,"3":false}
2026-03-18 16:04:53 [debug] : 3050.5 {"0":395,"1":2655.5,"2":119.5,"3":false}
2026-03-18 16:04:53 [debug] : 3050.5 {"0":649,"1":2401.5,"2":221,"3":false}
2026-03-18 16:04:53 [debug] : 3050.5 {"0":1106,"1":1944.5,"2":122,"3":false}
2026-03-18 16:04:53 [debug] : 3050.5 {"0":1365,"1":1685.5,"2":122,"3":false}
2026-03-18 16:04:53 [debug] : 3050.5 {"0":1624,"1":1426.5,"2":314,"3":false}
2026-03-18 16:04:53 [debug] : 3050.5 {"0":2267,"1":783.5,"2":162.5,"3":false}
2026-03-18 16:04:53 [debug] : 3050.5 {"0":2607,"1":443.5,"2":13,"3":false}
2026-03-18 16:04:53 [debug] : 3050.5 {"0":2648,"1":402.5,"2":194,"3":false}
2026-03-18 16:04:53 [debug] : 3050.5 {"0":3051,"1":0.5,"2":121,"3":true}
2026-03-18 16:04:53 [debug] : SELECTED {"0":"cmake-build-setting-form-widget:file:///c%3A/Users/dkhar/OneDrive/Documents/GitHub/ee4218/lab_2/src/UserConfig.cmake:libraries"}
2026-03-18 16:04:53 [debug] : 3070.5 {"0":39,"1":3031.5,"2":13,"3":false}
2026-03-18 16:04:53 [debug] : 3070.5 {"0":80,"1":2990.5,"2":150,"3":false}
2026-03-18 16:04:53 [debug] : 3070.5 {"0":395,"1":2675.5,"2":119.5,"3":false}
2026-03-18 16:04:53 [debug] : 3070.5 {"0":649,"1":2421.5,"2":221,"3":false}
2026-03-18 16:04:53 [debug] : 3070.5 {"0":1106,"1":1964.5,"2":122,"3":false}
2026-03-18 16:04:53 [debug] : 3070.5 {"0":1365,"1":1705.5,"2":122,"3":false}
2026-03-18 16:04:53 [debug] : 3070.5 {"0":1624,"1":1446.5,"2":314,"3":false}
2026-03-18 16:04:53 [debug] : 3070.5 {"0":2267,"1":803.5,"2":162.5,"3":false}
2026-03-18 16:04:53 [debug] : 3070.5 {"0":2607,"1":463.5,"2":13,"3":false}
2026-03-18 16:04:53 [debug] : 3070.5 {"0":2648,"1":422.5,"2":194,"3":false}
2026-03-18 16:04:53 [debug] : 3070.5 {"0":3051,"1":19.5,"2":121,"3":true}
2026-03-18 16:04:53 [debug] : SELECTED {"0":"cmake-build-setting-form-widget:file:///c%3A/Users/dkhar/OneDrive/Documents/GitHub/ee4218/lab_2/src/UserConfig.cmake:libraries"}
2026-03-18 16:04:53 [debug] : 3091.5 {"0":39,"1":3052.5,"2":13,"3":false}
2026-03-18 16:04:53 [debug] : 3091.5 {"0":80,"1":3011.5,"2":150,"3":false}
2026-03-18 16:04:53 [debug] : 3091.5 {"0":395,"1":2696.5,"2":119.5,"3":false}
2026-03-18 16:04:53 [debug] : 3091.5 {"0":649,"1":2442.5,"2":221,"3":false}
2026-03-18 16:04:53 [debug] : 3091.5 {"0":1106,"1":1985.5,"2":122,"3":false}
2026-03-18 16:04:53 [debug] : 3091.5 {"0":1365,"1":1726.5,"2":122,"3":false}
2026-03-18 16:04:53 [debug] : 3091.5 {"0":1624,"1":1467.5,"2":314,"3":false}
2026-03-18 16:04:53 [debug] : 3091.5 {"0":2267,"1":824.5,"2":162.5,"3":false}
2026-03-18 16:04:53 [debug] : 3091.5 {"0":2607,"1":484.5,"2":13,"3":false}
2026-03-18 16:04:53 [debug] : 3091.5 {"0":2648,"1":443.5,"2":194,"3":false}
2026-03-18 16:04:53 [debug] : 3091.5 {"0":3051,"1":40.5,"2":121,"3":true}
2026-03-18 16:04:53 [debug] : SELECTED {"0":"cmake-build-setting-form-widget:file:///c%3A/Users/dkhar/OneDrive/Documents/GitHub/ee4218/lab_2/src/UserConfig.cmake:libraries"}
2026-03-18 16:04:53 [debug] : 3101.5 {"0":39,"1":3062.5,"2":13,"3":false}
2026-03-18 16:04:53 [debug] : 3101.5 {"0":80,"1":3021.5,"2":150,"3":false}
2026-03-18 16:04:53 [debug] : 3101.5 {"0":395,"1":2706.5,"2":119.5,"3":false}
2026-03-18 16:04:53 [debug] : 3101.5 {"0":649,"1":2452.5,"2":221,"3":false}
2026-03-18 16:04:53 [debug] : 3101.5 {"0":1106,"1":1995.5,"2":122,"3":false}
2026-03-18 16:04:53 [debug] : 3101.5 {"0":1365,"1":1736.5,"2":122,"3":false}
2026-03-18 16:04:53 [debug] : 3101.5 {"0":1624,"1":1477.5,"2":314,"3":false}
2026-03-18 16:04:53 [debug] : 3101.5 {"0":2267,"1":834.5,"2":162.5,"3":false}
2026-03-18 16:04:53 [debug] : 3101.5 {"0":2607,"1":494.5,"2":13,"3":false}
2026-03-18 16:04:53 [debug] : 3101.5 {"0":2648,"1":453.5,"2":194,"3":false}
2026-03-18 16:04:53 [debug] : 3101.5 {"0":3051,"1":50.5,"2":121,"3":true}
2026-03-18 16:04:53 [debug] : SELECTED {"0":"cmake-build-setting-form-widget:file:///c%3A/Users/dkhar/OneDrive/Documents/GitHub/ee4218/lab_2/src/UserConfig.cmake:libraries"}
2026-03-18 16:04:53 [debug] : 3102 {"0":39,"1":3063,"2":13,"3":false}
2026-03-18 16:04:53 [debug] : 3102 {"0":80,"1":3022,"2":150,"3":false}
2026-03-18 16:04:53 [debug] : 3102 {"0":395,"1":2707,"2":119.5,"3":false}
2026-03-18 16:04:53 [debug] : 3102 {"0":649,"1":2453,"2":221,"3":false}
2026-03-18 16:04:53 [debug] : 3102 {"0":1106,"1":1996,"2":122,"3":false}
2026-03-18 16:04:53 [debug] : 3102 {"0":1365,"1":1737,"2":122,"3":false}
2026-03-18 16:04:53 [debug] : 3102 {"0":1624,"1":1478,"2":314,"3":false}
2026-03-18 16:04:53 [debug] : 3102 {"0":2267,"1":835,"2":162.5,"3":false}
2026-03-18 16:04:53 [debug] : 3102 {"0":2607,"1":495,"2":13,"3":false}
2026-03-18 16:04:53 [debug] : 3102 {"0":2648,"1":454,"2":194,"3":false}
2026-03-18 16:04:53 [debug] : 3102 {"0":3051,"1":51,"2":121,"3":true}
2026-03-18 16:04:53 [debug] : SELECTED {"0":"cmake-build-setting-form-widget:file:///c%3A/Users/dkhar/OneDrive/Documents/GitHub/ee4218/lab_2/src/UserConfig.cmake:libraries"}
2026-03-18 16:05:27 [debug] : 1365 {"0":39,"1":1326,"2":13,"3":false}
2026-03-18 16:05:27 [debug] : 1365 {"0":80,"1":1285,"2":150,"3":false}
2026-03-18 16:05:27 [debug] : 1365 {"0":395,"1":970,"2":119.5,"3":false}
2026-03-18 16:05:27 [debug] : 1365 {"0":649,"1":716,"2":221,"3":false}
2026-03-18 16:05:27 [debug] : 1365 {"0":1106,"1":259,"2":122,"3":false}
2026-03-18 16:05:27 [debug] : 1365 {"0":1365,"1":0,"2":122,"3":true}
2026-03-18 16:05:27 [debug] : SELECTED {"0":"cmake-build-setting-form-widget:file:///c%3A/Users/dkhar/OneDrive/Documents/GitHub/ee4218/lab_2/src/UserConfig.cmake:debugging"}
2026-03-18 16:05:29 [debug] : 649 {"0":39,"1":610,"2":13,"3":false}
2026-03-18 16:05:29 [debug] : 649 {"0":80,"1":569,"2":150,"3":false}
2026-03-18 16:05:29 [debug] : 649 {"0":395,"1":254,"2":119.5,"3":false}
2026-03-18 16:05:29 [debug] : 649 {"0":649,"1":0,"2":221,"3":true}
2026-03-18 16:05:29 [debug] : SELECTED {"0":"cmake-build-setting-form-widget:file:///c%3A/Users/dkhar/OneDrive/Documents/GitHub/ee4218/lab_2/src/UserConfig.cmake:sources"}
2026-03-18 16:05:30 [debug] : 651 {"0":39,"1":612,"2":13,"3":false}
2026-03-18 16:05:30 [debug] : 651 {"0":80,"1":571,"2":150,"3":false}
2026-03-18 16:05:30 [debug] : 651 {"0":395,"1":256,"2":119.5,"3":false}
2026-03-18 16:05:30 [debug] : 651 {"0":649,"1":2,"2":221,"3":true}
2026-03-18 16:05:30 [debug] : SELECTED {"0":"cmake-build-setting-form-widget:file:///c%3A/Users/dkhar/OneDrive/Documents/GitHub/ee4218/lab_2/src/UserConfig.cmake:sources"}
2026-03-18 16:05:30 [debug] : 702.5 {"0":39,"1":663.5,"2":13,"3":false}
2026-03-18 16:05:30 [debug] : 702.5 {"0":80,"1":622.5,"2":150,"3":false}
2026-03-18 16:05:30 [debug] : 702.5 {"0":395,"1":307.5,"2":119.5,"3":false}
2026-03-18 16:05:30 [debug] : 702.5 {"0":649,"1":53.5,"2":221,"3":true}
2026-03-18 16:05:30 [debug] : SELECTED {"0":"cmake-build-setting-form-widget:file:///c%3A/Users/dkhar/OneDrive/Documents/GitHub/ee4218/lab_2/src/UserConfig.cmake:sources"}
2026-03-18 16:05:30 [debug] : 860.5 {"0":39,"1":821.5,"2":13,"3":false}
2026-03-18 16:05:30 [debug] : 860.5 {"0":80,"1":780.5,"2":150,"3":false}
2026-03-18 16:05:30 [debug] : 860.5 {"0":395,"1":465.5,"2":119.5,"3":false}
2026-03-18 16:05:30 [debug] : 860.5 {"0":649,"1":211.5,"2":221,"3":true}
2026-03-18 16:05:30 [debug] : SELECTED {"0":"cmake-build-setting-form-widget:file:///c%3A/Users/dkhar/OneDrive/Documents/GitHub/ee4218/lab_2/src/UserConfig.cmake:sources"}
2026-03-18 16:05:30 [debug] : 986 {"0":39,"1":947,"2":13,"3":false}
2026-03-18 16:05:30 [debug] : 986 {"0":80,"1":906,"2":150,"3":false}
2026-03-18 16:05:30 [debug] : 986 {"0":395,"1":591,"2":119.5,"3":false}
2026-03-18 16:05:30 [debug] : 986 {"0":649,"1":337,"2":221,"3":false}
2026-03-18 16:05:30 [debug] : 986 {"0":1106,"1":120,"2":122,"3":true}
2026-03-18 16:05:30 [debug] : SELECTED {"0":"cmake-build-setting-form-widget:file:///c%3A/Users/dkhar/OneDrive/Documents/GitHub/ee4218/lab_2/src/UserConfig.cmake:optimization"}
2026-03-18 16:05:30 [debug] : 1011 {"0":39,"1":972,"2":13,"3":false}
2026-03-18 16:05:30 [debug] : 1011 {"0":80,"1":931,"2":150,"3":false}
2026-03-18 16:05:30 [debug] : 1011 {"0":395,"1":616,"2":119.5,"3":false}
2026-03-18 16:05:30 [debug] : 1011 {"0":649,"1":362,"2":221,"3":false}
2026-03-18 16:05:30 [debug] : 1011 {"0":1106,"1":95,"2":122,"3":true}
2026-03-18 16:05:30 [debug] : SELECTED {"0":"cmake-build-setting-form-widget:file:///c%3A/Users/dkhar/OneDrive/Documents/GitHub/ee4218/lab_2/src/UserConfig.cmake:optimization"}
2026-03-18 16:05:30 [debug] : 1011.5 {"0":39,"1":972.5,"2":13,"3":false}
2026-03-18 16:05:30 [debug] : 1011.5 {"0":80,"1":931.5,"2":150,"3":false}
2026-03-18 16:05:30 [debug] : 1011.5 {"0":395,"1":616.5,"2":119.5,"3":false}
2026-03-18 16:05:30 [debug] : 1011.5 {"0":649,"1":362.5,"2":221,"3":false}
2026-03-18 16:05:30 [debug] : 1011.5 {"0":1106,"1":94.5,"2":122,"3":true}
2026-03-18 16:05:30 [debug] : SELECTED {"0":"cmake-build-setting-form-widget:file:///c%3A/Users/dkhar/OneDrive/Documents/GitHub/ee4218/lab_2/src/UserConfig.cmake:optimization"}
2026-03-18 16:05:30 [debug] : 1020 {"0":39,"1":981,"2":13,"3":false}
2026-03-18 16:05:30 [debug] : 1020 {"0":80,"1":940,"2":150,"3":false}
2026-03-18 16:05:30 [debug] : 1020 {"0":395,"1":625,"2":119.5,"3":false}
2026-03-18 16:05:30 [debug] : 1020 {"0":649,"1":371,"2":221,"3":false}
2026-03-18 16:05:30 [debug] : 1020 {"0":1106,"1":86,"2":122,"3":true}
2026-03-18 16:05:30 [debug] : SELECTED {"0":"cmake-build-setting-form-widget:file:///c%3A/Users/dkhar/OneDrive/Documents/GitHub/ee4218/lab_2/src/UserConfig.cmake:optimization"}
2026-03-18 16:05:31 [debug] : 1161 {"0":39,"1":1122,"2":13,"3":false}
2026-03-18 16:05:31 [debug] : 1161 {"0":80,"1":1081,"2":150,"3":false}
2026-03-18 16:05:31 [debug] : 1161 {"0":395,"1":766,"2":119.5,"3":false}
2026-03-18 16:05:31 [debug] : 1161 {"0":649,"1":512,"2":221,"3":false}
2026-03-18 16:05:31 [debug] : 1161 {"0":1106,"1":55,"2":122,"3":true}
2026-03-18 16:05:31 [debug] : SELECTED {"0":"cmake-build-setting-form-widget:file:///c%3A/Users/dkhar/OneDrive/Documents/GitHub/ee4218/lab_2/src/UserConfig.cmake:optimization"}
2026-03-18 16:05:31 [debug] : 1432.5 {"0":39,"1":1393.5,"2":13,"3":false}
2026-03-18 16:05:31 [debug] : 1432.5 {"0":80,"1":1352.5,"2":150,"3":false}
2026-03-18 16:05:31 [debug] : 1432.5 {"0":395,"1":1037.5,"2":119.5,"3":false}
2026-03-18 16:05:31 [debug] : 1432.5 {"0":649,"1":783.5,"2":221,"3":false}
2026-03-18 16:05:31 [debug] : 1432.5 {"0":1106,"1":326.5,"2":122,"3":false}
2026-03-18 16:05:31 [debug] : 1432.5 {"0":1365,"1":67.5,"2":122,"3":true}
2026-03-18 16:05:31 [debug] : SELECTED {"0":"cmake-build-setting-form-widget:file:///c%3A/Users/dkhar/OneDrive/Documents/GitHub/ee4218/lab_2/src/UserConfig.cmake:debugging"}
2026-03-18 16:05:31 [debug] : 1620 {"0":39,"1":1581,"2":13,"3":false}
2026-03-18 16:05:31 [debug] : 1620 {"0":80,"1":1540,"2":150,"3":false}
2026-03-18 16:05:31 [debug] : 1620 {"0":395,"1":1225,"2":119.5,"3":false}
2026-03-18 16:05:31 [debug] : 1620 {"0":649,"1":971,"2":221,"3":false}
2026-03-18 16:05:31 [debug] : 1620 {"0":1106,"1":514,"2":122,"3":false}
2026-03-18 16:05:31 [debug] : 1620 {"0":1365,"1":255,"2":122,"3":false}
2026-03-18 16:05:31 [debug] : 1620 {"0":1624,"1":4,"2":314,"3":true}
2026-03-18 16:05:31 [debug] : SELECTED {"0":"cmake-build-setting-form-widget:file:///c%3A/Users/dkhar/OneDrive/Documents/GitHub/ee4218/lab_2/src/UserConfig.cmake:warnings"}
2026-03-18 16:05:31 [debug] : 1635 {"0":39,"1":1596,"2":13,"3":false}
2026-03-18 16:05:31 [debug] : 1635 {"0":80,"1":1555,"2":150,"3":false}
2026-03-18 16:05:31 [debug] : 1635 {"0":395,"1":1240,"2":119.5,"3":false}
2026-03-18 16:05:31 [debug] : 1635 {"0":649,"1":986,"2":221,"3":false}
2026-03-18 16:05:31 [debug] : 1635 {"0":1106,"1":529,"2":122,"3":false}
2026-03-18 16:05:31 [debug] : 1635 {"0":1365,"1":270,"2":122,"3":false}
2026-03-18 16:05:31 [debug] : 1635 {"0":1624,"1":11,"2":314,"3":true}
2026-03-18 16:05:31 [debug] : SELECTED {"0":"cmake-build-setting-form-widget:file:///c%3A/Users/dkhar/OneDrive/Documents/GitHub/ee4218/lab_2/src/UserConfig.cmake:warnings"}
2026-03-18 16:08:39 [debug] : socked closed 
2026-03-18 16:08:39 [debug] : closing connection for 1 
2026-03-18 16:08:39 [debug] : Closing channel on service path '/localization-server'. 
2026-03-18 16:08:39 [debug] : Closing channel on service path '/os'. 
2026-03-18 16:08:39 [debug] : Closing channel on service path '/services/commands'. 
2026-03-18 16:08:39 [debug] : Closing channel on service path '/services/keyboard'. 
2026-03-18 16:08:39 [debug] : Closing channel on service path '/services/logger'. 
2026-03-18 16:08:39 [debug] : Closing channel on service path '/services/messageService'. 
2026-03-18 16:08:39 [debug] : Closing channel on service path '/services/ChannelCloseService'. 
2026-03-18 16:08:39 [debug] : Closing channel on service path '/services/startup-workspace'. 
2026-03-18 16:08:39 [debug] : Closing channel on service path '/services/rigel-workspace'. 
2026-03-18 16:08:39 [debug] : Closing channel on service path '/services/remote-filesystem'. 
2026-03-18 16:08:39 [debug] : Closing channel on service path '/services/envs'. 
2026-03-18 16:08:39 [debug] : Closing channel on service path '/services/workspace'. 
2026-03-18 16:08:39 [debug] : Closing channel on service path '/services/stopwatch'. 
2026-03-18 16:08:39 [debug] : Closing channel on service path '/services/rigel-utils'. 
2026-03-18 16:08:39 [debug] : [Rigel Utils Server] Disposing objects in backend. 
2026-03-18 16:08:39 [debug] : Closing channel on service path '/services/application'. 
2026-03-18 16:08:39 [debug] : Closing channel on service path '/services/i18n'. 
2026-03-18 16:08:39 [debug] : Closing channel on service path '/services/quickInput'. 
2026-03-18 16:08:39 [debug] : Closing channel on service path '/services/project'. 
2026-03-18 16:08:39 [debug] : Closing channel on service path '/services/component'. 
2026-03-18 16:08:39 [debug] : Closing channel on service path '/services/feature-registry'. 
2026-03-18 16:08:39 [debug] : Closing channel on service path '/services/debugger'. 
2026-03-18 16:08:39 [debug] : Closing channel on service path '/services/debug'. 
2026-03-18 16:08:39 [debug] : Closing channel on service path '/services/shell-terminal'. 
2026-03-18 16:08:39 [debug] : Closing channel on service path '/services/quickPick'. 
2026-03-18 16:08:39 [debug] : Closing channel on service path '/services/task'. 
2026-03-18 16:08:39 [debug] : a client has disconnected - removed from list: 
2026-03-18 16:08:39 [debug] : Closing channel on service path '/services/search'. 
2026-03-18 16:08:39 [debug] : Closing channel on service path '/services/hostedPlugin'. 
2026-03-18 16:08:39 [debug] : Closing channel on service path '/services/plugin-ext'. 
2026-03-18 16:08:39 [debug] : Closing channel on service path '/services/plugin-paths'. 
2026-03-18 16:08:39 [debug] : Closing channel on service path '/services/vsx-environment'. 
2026-03-18 16:08:39 [debug] : Closing channel on service path '/services/request-service'. 
2026-03-18 16:08:39 [debug] : Closing channel on service path '/services/cli-preferences'. 
2026-03-18 16:08:39 [debug] : Closing channel on service path '/services/server'. 
2026-03-18 16:08:39 [debug] : Closing channel on service path '/services/repository'. 
2026-03-18 16:08:39 [debug] : [Repository Server] Disposing objects in backend. 
2026-03-18 16:08:39 [debug] : Closing channel on service path '/services/program_flash'. 
2026-03-18 16:08:39 [debug] : [Program Flash Server] Disposing objects in backend. 
2026-03-18 16:08:39 [debug] : Closing channel on service path '/services/build'. 
2026-03-18 16:08:39 [debug] : [Build Server] Disposing objects in backend. 
2026-03-18 16:08:39 [debug] : Closing channel on service path 'services/rigel-backend-helper'. 
2026-03-18 16:08:39 [debug] : Closing channel on service path '/services/aie'. 
2026-03-18 16:08:39 [debug] : [AIE Server] Disposing objects in backend. 
2026-03-18 16:08:39 [debug] : Closing channel on service path '/services/analysis'. 
2026-03-18 16:08:39 [debug] : Closing channel on service path '/services/notification'. 
2026-03-18 16:08:39 [debug] : Closing channel on service path '/services/recent-summaries'. 
2026-03-18 16:08:39 [debug] : Closing channel on service path '/services/platform'. 
2026-03-18 16:08:39 [debug] : Closing channel on service path '/services/hls/l1library/service'. 
2026-03-18 16:08:39 [debug] : Closing channel on service path '/services/elf-reader'. 
2026-03-18 16:08:39 [debug] : [Elf Reader Server] Disposing objects in backend. 
2026-03-18 16:08:39 [debug] : Closing channel on service path '/services/rigel_explorer'. 
2026-03-18 16:08:39 [debug] : Closing channel on service path '/services/linker-script'. 
2026-03-18 16:08:39 [debug] : Closing channel on service path '/services/rigel-logger'. 
2026-03-18 16:08:39 [debug] : [Logger Server] Disposing objects in backend. 
2026-03-18 16:08:39 [debug] : Closing channel on service path '/services/vitis-hls'. 
2026-03-18 16:08:39 [debug] : Closing channel on service path '/services/device'. 
2026-03-18 16:08:39 [debug] : Closing channel on service path '/services/vcxx'. 
2026-03-18 16:08:39 [debug] : [Rigel Vcxx Server] Disposing objects in backend. 
2026-03-18 16:08:39 [debug] : Closing channel on service path '/services/mini-browser-service'. 
2026-03-18 16:08:39 [debug] : Closing channel on service path '/services/hls/report'. 
2026-03-18 16:08:39 [debug] : Closing channel on service path '/services/hls/common/data/info'. 
2026-03-18 16:08:39 [debug] : Closing channel on service path '/services/flow_navigator'. 
2026-03-18 16:08:39 [debug] : Closing channel on service path '/services/hls/common/file/service'. 
2026-03-18 16:08:39 [debug] : Closing channel on service path '/services/hls/dataflow/info'. 
2026-03-18 16:08:39 [debug] : Closing channel on service path '/services/hls/directive'. 
2026-03-18 16:08:39 [debug] : Closing channel on service path '/services/hls_flow'. 
2026-03-18 16:08:39 [debug] : [Hls Flow Server] Disposing objects in backend. 
2026-03-18 16:08:39 [debug] : Closing channel on service path '/services/project-utils'. 
2026-03-18 16:08:39 [debug] : Closing channel on service path '/services/bootgen'. 
2026-03-18 16:08:39 [debug] : Closing channel on service path '/services/cdo-utils'. 
2026-03-18 16:08:39 [debug] : Closing channel on service path '/services/report-model'. 
2026-03-18 16:08:39 [debug] : Closing channel on service path '/services/hls/wave/open'. 
2026-03-18 16:08:39 [debug] : Closing channel on service path '/services/search-in-workspace'. 
2026-03-18 16:08:39 [debug] : Closing channel on service path '/services/keyStore'. 
2026-03-18 16:08:39 [debug] : Closing channel on service path '/services/languagePackService'. 
2026-03-18 16:08:39 [debug] : Closing channel on service path '/services/terminals/1931139735'. 
2026-03-18 16:10:52 [debug] : --------------------------------------------------------------------------------- 
2026-03-18 16:10:52 [debug] : C:\Users\dkhar\OneDrive\Documents\GitHub\ee4218 
2026-03-18 16:10:52 [debug] : --------------------------------------------------------------------------------- 
2026-03-18 16:10:52 [debug] : [Logger] Previous user logs are stored in the file - C:\Users\dkhar\.Xilinx\Vitis\2025.1\logs\ide.log 
2026-03-18 16:10:52 [debug] : [Logger] Previous debug logs are stored in the file - C:\Users\dkhar\.Xilinx\Vitis\2025.1\.wsdata\ide_verbose.log 
2026-03-18 16:10:52 [debug] : Frontend v.configure took longer than the expected maximum 100 milliseconds: 190.2 ms [Finished 3.115 s after frontend start] 
2026-03-18 16:10:52 [debug] : Frontend $.configure: 0.2 ms [Finished 3.116 s after frontend start] 
2026-03-18 16:10:52 [debug] : Application UI init preferences 
2026-03-18 16:10:52 [debug] : [Bootgen Output] Adding listeners to bootgen service. 
2026-03-18 16:10:52 [debug] : A command editor.action.toggleStickyScroll is already registered. 
2026-03-18 16:10:52 [debug] : A command rigel.edit.config is already registered. 
2026-03-18 16:10:52 [debug] : Frontend commands.onStart: 79.3 ms [Finished 3.196 s after frontend start] 
2026-03-18 16:10:52 [debug] : [Application Examples Provider] Templates model update completed. 
2026-03-18 16:10:52 [debug] : [Application Examples Provider] common calling method completed. 
2026-03-18 16:10:52 [debug] : [Application Examples Provider] refresh completed. 
2026-03-18 16:10:52 [debug] : Event posted using notification server in backend. {"0":{"wrappers_":{},"arrayIndexOffset_":-1,"array":["7ba43044-2610-4af0-8b64-00d39d7a7636",null,53,null,null,null,null,"list-reports"],"pivot_":1.7976931348623157e+308,"convertedPrimitiveFields_":{}}}
2026-03-18 16:10:52 [debug] : [Application Examples Provider] Templates model update completed. 
2026-03-18 16:10:52 [debug] : [Application Examples Provider] common calling method completed. 
2026-03-18 16:10:52 [debug] : [Application Examples Provider] refresh completed. 
2026-03-18 16:10:52 [debug] : RIGEL SERVER 16:10:52 INFO  : updated workspace path: C:\Users\dkhar\OneDrive\Documents\GitHub\ee4218 
2026-03-18 16:10:52 [debug] : Linked preference "workbench.colorCustomizations" not found. 
2026-03-18 16:10:52 [debug] : [Application Examples Provider]  updating the embedded templates on workspace event. 
2026-03-18 16:10:52 [debug] : [Application Examples Provider] refresh requested. 
2026-03-18 16:10:52 [debug] : Received event from notification service: ON_DID_UPDATE_WORKSPACE. 
2026-03-18 16:10:52 [debug] : [Repository Server] Executing method:getEmbeddedExampleTemplateTree with connection:(object). {"0":"request:","1":{"wrappers_":null,"arrayIndexOffset_":-1,"array":[],"pivot_":1.7976931348623157e+308,"convertedPrimitiveFields_":{}}}
2026-03-18 16:10:52 [debug] : [Logger Client] log levelchanged to  {"0":"Info"}
2026-03-18 16:10:52 [debug] : [Logger UI]  Update Log Level  called 
2026-03-18 16:10:52 [debug] : [Application Examples Provider] common calling method requested. 
2026-03-18 16:10:52 [debug] : [Application Examples Provider] Repositories model update requested. 
2026-03-18 16:10:52 [debug] : [Application Examples Provider] Repositories model update completed. 
2026-03-18 16:10:52 [debug] : [Application Examples Provider] Templates model update requested. 
2026-03-18 16:10:52 [debug] : [Repository Service] Executing method:getEmbeddedExampleTemplateTree from frontend. {"0":"request:"}
2026-03-18 16:10:52 [debug] : Application UI init preferences 
2026-03-18 16:10:52 [debug] : Frontend keybindings.onStart took longer than the expected maximum 100 milliseconds: 678.5 ms [Finished 3.878 s after frontend start] 
2026-03-18 16:10:52 [debug] : Frontend menus.onStart: 25.3 ms [Finished 3.903 s after frontend start] 
2026-03-18 16:10:52 [debug] : Frontend l.onStart: 19.2 ms [Finished 3.923 s after frontend start] 
2026-03-18 16:10:52 [debug] : Frontend l.onStart: 0.7 ms [Finished 3.924 s after frontend start] 
2026-03-18 16:10:52 [debug] : Frontend d.onStart: 56.4 ms [Finished 3.981 s after frontend start] 
2026-03-18 16:10:52 [debug] : Frontend u.onStart: 8.6 ms [Finished 3.990 s after frontend start] 
2026-03-18 16:10:52 [debug] : Frontend Q.onStart: 0.2 ms [Finished 3.991 s after frontend start] 
2026-03-18 16:10:52 [debug] : Frontend a.onStart: 1.6 ms [Finished 3.993 s after frontend start] 
2026-03-18 16:10:52 [debug] : Frontend a.onStart: 15.6 ms [Finished 4.009 s after frontend start] 
2026-03-18 16:10:52 [debug] : Frontend n.onStart: 0.3 ms [Finished 4.010 s after frontend start] 
2026-03-18 16:10:52 [debug] : Frontend l.onStart: 0.4 ms [Finished 4.010 s after frontend start] 
2026-03-18 16:10:52 [debug] : Frontend u.onStart: 3.3 ms [Finished 4.014 s after frontend start] 
2026-03-18 16:10:52 [debug] : Frontend a.onStart: 0.0 ms [Finished 4.014 s after frontend start] 
2026-03-18 16:10:52 [debug] : Frontend $.onStart: 0.4 ms [Finished 4.015 s after frontend start] 
2026-03-18 16:10:52 [debug] : Frontend f.onStart: 0.1 ms [Finished 4.015 s after frontend start] 
2026-03-18 16:10:52 [debug] : Frontend u.onStart: 0.5 ms [Finished 4.016 s after frontend start] 
2026-03-18 16:10:52 [debug] : Frontend l.onStart: 0.5 ms [Finished 4.017 s after frontend start] 
2026-03-18 16:10:52 [debug] : Frontend u.onStart: 0.1 ms [Finished 4.018 s after frontend start] 
2026-03-18 16:10:52 [debug] : Frontend n.onStart: 0.1 ms [Finished 4.018 s after frontend start] 
2026-03-18 16:10:52 [debug] : Frontend g.onStart: 0.3 ms [Finished 4.018 s after frontend start] 
2026-03-18 16:10:52 [debug] : Frontend _.onStart: 0.3 ms [Finished 4.019 s after frontend start] 
2026-03-18 16:10:52 [debug] : Frontend c.onStart: 0.1 ms [Finished 4.019 s after frontend start] 
2026-03-18 16:10:52 [debug] : Frontend v.onStart: 0.0 ms [Finished 4.020 s after frontend start] 
2026-03-18 16:10:52 [debug] : Frontend _.onStart: 0.1 ms [Finished 4.020 s after frontend start] 
2026-03-18 16:10:52 [debug] : Frontend $.onStart: 0.3 ms [Finished 4.021 s after frontend start] 
2026-03-18 16:10:52 [debug] : Frontend E.onStart: 0.5 ms [Finished 4.021 s after frontend start] 
2026-03-18 16:10:52 [debug] : Frontend v.onStart: 0.5 ms [Finished 4.022 s after frontend start] 
2026-03-18 16:10:52 [debug] : Frontend $.onStart: 0.2 ms [Finished 4.023 s after frontend start] 
2026-03-18 16:10:52 [debug] : Frontend g.onStart: 0.6 ms [Finished 4.024 s after frontend start] 
2026-03-18 16:10:52 [debug] : Frontend d.onStart: 0.2 ms [Finished 4.024 s after frontend start] 
2026-03-18 16:10:52 [debug] : Frontend h.onStart: 0.1 ms [Finished 4.025 s after frontend start] 
2026-03-18 16:10:52 [debug] : Frontend a.onStart: 0.3 ms [Finished 4.026 s after frontend start] 
2026-03-18 16:10:52 [debug] : Frontend C.onStart: 0.1 ms [Finished 4.026 s after frontend start] 
2026-03-18 16:10:53 [debug] : Frontend Object.onStart: 0.5 ms [Finished 4.027 s after frontend start] 
2026-03-18 16:10:53 [debug] : Frontend a.onStart: 0.3 ms [Finished 4.028 s after frontend start] 
2026-03-18 16:10:53 [debug] : [Feature Registry] Reading early access data from C:\Xilinx\2025.1\Vitis\vitis-server\scripts\early-access\early-access.json 
2026-03-18 16:10:53 [debug] : Frontend x.onStart: 70.9 ms [Finished 4.099 s after frontend start] 
2026-03-18 16:10:53 [debug] : [Feature Registry] Reading early access data from C:\Xilinx\2025.1\Vitis\vitis-server\scripts\early-access\early-access.json 
2026-03-18 16:10:53 [debug] : [Feature Registry] Reading early access data from C:\Xilinx\2025.1\Vitis\vitis-server\scripts\early-access\early-access.json 
2026-03-18 16:10:53 [debug] : Frontend d.onStart: 0.4 ms [Finished 4.100 s after frontend start] 
2026-03-18 16:10:53 [debug] : Frontend l.onStart: 0.9 ms [Finished 4.101 s after frontend start] 
2026-03-18 16:10:53 [debug] : Frontend U.onStart: 0.3 ms [Finished 4.102 s after frontend start] 
2026-03-18 16:10:53 [debug] : Frontend g.onStart: 0.2 ms [Finished 4.103 s after frontend start] 
2026-03-18 16:10:53 [debug] : Frontend n.onStart: 0.4 ms [Finished 4.103 s after frontend start] 
2026-03-18 16:10:53 [debug] : Frontend a.onStart: 0.3 ms [Finished 4.104 s after frontend start] 
2026-03-18 16:10:53 [debug] : Frontend g.onStart: 0.2 ms [Finished 4.104 s after frontend start] 
2026-03-18 16:10:53 [debug] : Frontend d.onStart: 0.3 ms [Finished 4.105 s after frontend start] 
2026-03-18 16:10:53 [debug] : Frontend c.onStart: 0.1 ms [Finished 4.105 s after frontend start] 
2026-03-18 16:10:53 [debug] : Frontend y.onStart: 0.1 ms [Finished 4.105 s after frontend start] 
2026-03-18 16:10:53 [debug] : Frontend w.onStart: 0.2 ms [Finished 4.106 s after frontend start] 
2026-03-18 16:10:53 [debug] : [hosted-plugin: 22076] PLUGIN_HOST(22076) starting instance 
2026-03-18 16:10:53 [debug] : [hosted-plugin: 22076] [Object: null prototype] {} 
2026-03-18 16:10:58 [debug] : RIGEL SERVER 16:10:58 INFO  : [INFO]: Initializing repositories 
2026-03-18 16:10:58 [debug] : RIGEL SERVER 16:10:58 INFO  : [INFO]: Successfully set the EmbeddedSW path, refer .repo.yaml for more details. 
2026-03-18 16:10:58 [debug] : RIGEL SERVER 16:10:58 INFO  : Successfully created repository data at C:\Users\dkhar\AppData\Local\Temp\rigel_lopper_dkhar11325983749454996961 
2026-03-18 16:10:58 [debug] : RIGEL SERVER 16:10:58 INFO  : cmd.exe, /C, empyro.bat get_template_data -d C:\Users\dkhar\AppData\Local\Temp\rigel_lopper_dkhar129559848603309058 -r C:\Users\dkhar\AppData\Local\Temp\rigel_lopper_dkhar11325983749454996961\.repo.yaml 
2026-03-18 16:10:59 [debug] : Frontend B.onStart: 0.3 ms [Finished 4.106 s after frontend start] 
2026-03-18 16:10:59 [debug] : Start frontend contributions: 1621.0 ms [Finished 4.107 s after frontend start] 
2026-03-18 16:10:59 [debug] : Changed application state from 'init' to 'started_contributions'. 
2026-03-18 16:10:59 [debug] : Changed application state from 'started_contributions' to 'attached_shell'. 
2026-03-18 16:10:59 [debug] : >>> Restoring the layout state... 
2026-03-18 16:10:59 [debug] : [Application Examples Provider] Templates model update completed. 
2026-03-18 16:10:59 [debug] : [Application Examples Provider] common calling method completed. 
2026-03-18 16:10:59 [debug] : [Application Examples Provider] refresh completed. 
2026-03-18 16:10:59 [debug] : Received event from notification service: ON_START_ANALYSIS_PROGRESS. 
2026-03-18 16:10:59 [debug] : Event posted using notification server in backend. {"0":{"wrappers_":{},"arrayIndexOffset_":-1,"array":["472f85be-6b8a-4e13-abb1-5698cdd71935",null,54,null,null,null,null,"list-reports"],"pivot_":1.7976931348623157e+308,"convertedPrimitiveFields_":{}}}
2026-03-18 16:10:59 [debug] : Received event from notification service: ON_DID_OPEN_COMPONENT. 
2026-03-18 16:10:59 [debug] : Received event from notification service: ON_DID_OPEN_COMPONENT. 
2026-03-18 16:10:59 [debug] : Received event from notification service: ON_DID_OPEN_COMPONENT. 
2026-03-18 16:10:59 [debug] : Received event from notification service: ON_DID_REFRESH_WORKSPACE_SUMMARIES. 
2026-03-18 16:10:59 [debug] : [ProjectCache] fetching projects for project-cache 
2026-03-18 16:10:59 [debug] : [Logger UI]  Update Log Level success {"0":{"success":true,"error":""}}
2026-03-18 16:10:59 [debug] : [2851e98c-c339-4a4a-afd0-77d454dbbe95] Waiting for backend deployment: 6339.8 ms [Finished 10.368 s after frontend start] 
2026-03-18 16:10:59 [debug] : <<< Nothing to restore. 
2026-03-18 16:10:59 [debug] : Frontend A.initializeLayout: 17.9 ms [Finished 10.537 s after frontend start] 
2026-03-18 16:10:59 [debug] : Frontend v.initializeLayout: 4.4 ms [Finished 10.541 s after frontend start] 
2026-03-18 16:10:59 [debug] : Frontend d.initializeLayout: 3.1 ms [Finished 10.545 s after frontend start] 
2026-03-18 16:10:59 [debug] : Frontend Object.initializeLayout: 0.0 ms [Finished 10.545 s after frontend start] 
2026-03-18 16:10:59 [debug] : Frontend g.initializeLayout: 3.3 ms [Finished 10.548 s after frontend start] 
2026-03-18 16:10:59 [debug] : Frontend C.initializeLayout: 9.7 ms [Finished 10.558 s after frontend start] 
2026-03-18 16:10:59 [debug] : Frontend C.initializeLayout: 6.5 ms [Finished 10.565 s after frontend start] 
2026-03-18 16:10:59 [debug] : Frontend c.initializeLayout: 4.1 ms [Finished 10.569 s after frontend start] 
2026-03-18 16:10:59 [debug] : Frontend E.initializeLayout: 28.8 ms [Finished 10.598 s after frontend start] 
2026-03-18 16:10:59 [debug] : [Repository Examples UI] in on initialize layout method. 
2026-03-18 16:10:59 [debug] : Frontend R.initializeLayout: 7.7 ms [Finished 10.606 s after frontend start] 
2026-03-18 16:10:59 [debug] : Frontend u.initializeLayout: 6.0 ms [Finished 10.612 s after frontend start] 
2026-03-18 16:10:59 [debug] : Frontend h.initializeLayout: 0.1 ms [Finished 10.612 s after frontend start] 
2026-03-18 16:10:59 [debug] : Frontend D.initializeLayout: 23.6 ms [Finished 10.636 s after frontend start] 
2026-03-18 16:10:59 [debug] : Received event from notification service: ON_STOP_ANALYSIS_PROGRESS. 
2026-03-18 16:10:59 [debug] : Received event from notification service: ON_DID_OPEN_COMPONENT. 
2026-03-18 16:10:59 [debug] : Received event from notification service: ON_DID_OPEN_COMPONENT. 
2026-03-18 16:10:59 [debug] : Received event from notification service: ON_DID_OPEN_COMPONENT. 
2026-03-18 16:10:59 [debug] : MonacoEditorModel.fireDidChangeContent - enter - {
  "changes": [
    {
      "range": {
        "startLineNumber": 2,
        "startColumn": 47,
        "endLineNumber": 2,
        "endColumn": 52
      },
      "rangeLength": 5,
      "text": "false",
      "rangeOffset": 49,
      "forceMoveMarkers": false
    }
  ],
  "eol": "\r\n",
  "isEolChange": false,
  "versionId": 2,
  "isUndoing": false,
  "isRedoing": false,
  "isFlush": false
} {"0":"user-storage:/user/settings.json"}
2026-03-18 16:10:59 [debug] : MonacoEditorModel.markAsDirty - enter {"0":"user-storage:/user/settings.json"}
2026-03-18 16:10:59 [debug] : MonacoEditorModel.cancelSync {"0":"user-storage:/user/settings.json"}
2026-03-18 16:10:59 [debug] : MonacoEditorModel.markAsDirty - exit {"0":"user-storage:/user/settings.json"}
2026-03-18 16:10:59 [debug] : MonacoEditorModel.fireDidChangeContent - exit {"0":"user-storage:/user/settings.json"}
2026-03-18 16:10:59 [debug] : MonacoEditorModel.cancelSave {"0":"user-storage:/user/settings.json"}
2026-03-18 16:10:59 [debug] : MonacoEditorModel.fireDidChangeContent - enter - {
  "changes": [
    {
      "range": {
        "startLineNumber": 3,
        "startColumn": 29,
        "endLineNumber": 3,
        "endColumn": 37
      },
      "rangeLength": 8,
      "text": "\"custom\"",
      "rangeOffset": 85,
      "forceMoveMarkers": false
    }
  ],
  "eol": "\r\n",
  "isEolChange": false,
  "versionId": 3,
  "isUndoing": false,
  "isRedoing": false,
  "isFlush": false
} {"0":"user-storage:/user/settings.json"}
2026-03-18 16:10:59 [debug] : MonacoEditorModel.markAsDirty - enter {"0":"user-storage:/user/settings.json"}
2026-03-18 16:10:59 [debug] : MonacoEditorModel.cancelSync {"0":"user-storage:/user/settings.json"}
2026-03-18 16:10:59 [debug] : MonacoEditorModel.markAsDirty - exit {"0":"user-storage:/user/settings.json"}
2026-03-18 16:10:59 [debug] : MonacoEditorModel.fireDidChangeContent - exit {"0":"user-storage:/user/settings.json"}
2026-03-18 16:10:59 [debug] : MonacoEditorModel.cancelSave {"0":"user-storage:/user/settings.json"}
2026-03-18 16:10:59 [debug] : MonacoEditorModel.cancelSave {"0":"user-storage:/user/settings.json"}
2026-03-18 16:10:59 [debug] : [ProjectDecorator] tree decoration updated 
2026-03-18 16:10:59 [debug] : [ProjectCache] Project location updated to C:\Users\dkhar\OneDrive\Documents\GitHub\ee4218\lab_2 
2026-03-18 16:10:59 [debug] : [ProjectDecorator] tree decoration updated 
2026-03-18 16:10:59 [debug] : RIGEL SERVER 16:10:59 INFO  : Embedded Template List generated successfully 
2026-03-18 16:10:59 [debug] : RIGEL SERVER 16:10:59 INFO  : cmd.exe, /C, empyro.bat get_template_data -d C:\Users\dkhar\AppData\Local\Temp\rigel_lopper_dkhar16585450843841570568 -r C:\Users\dkhar\OneDrive\Documents\GitHub\ee4218\_ide\.wsdata\.repo.yaml 
2026-03-18 16:11:00 [debug] : [2851e98c-c339-4a4a-afd0-77d454dbbe95] Sync of 18 plugins: 1162.6 ms [Finished 11.530 s after frontend start] 
2026-03-18 16:11:00 [debug] : Frontend U.initializeLayout took longer than the expected maximum 100 milliseconds: 909.7 ms [Finished 11.546 s after frontend start] 
2026-03-18 16:11:00 [debug] : [Library Api Contribution] in on initialize layout method. 
2026-03-18 16:11:00 [debug] : Frontend $.initializeLayout: 15.1 ms [Finished 11.561 s after frontend start] 
2026-03-18 16:11:00 [debug] : [Application Examples Provider] Templates model update completed. 
2026-03-18 16:11:00 [debug] : [Application Examples Provider] common calling method completed. 
2026-03-18 16:11:00 [debug] : [Application Examples Provider] refresh completed. 
2026-03-18 16:11:01 [debug] : RIGEL SERVER 16:11:01 INFO  : Embedded Template List generated successfully 
2026-03-18 16:11:01 [debug] : Initialize the workbench layout: 1522.7 ms [Finished 11.735 s after frontend start] 
2026-03-18 16:11:01 [debug] : Changed application state from 'attached_shell' to 'initialized_layout'. 
2026-03-18 16:11:01 [debug] : Frontend f.onDidInitializeLayout: 0.2 ms [Finished 11.736 s after frontend start] 
2026-03-18 16:11:01 [debug] : [2851e98c-c339-4a4a-afd0-77d454dbbe95] Loading plugin contributions 
2026-03-18 16:11:01 [debug] : [2851e98c-c339-4a4a-afd0-77d454dbbe95][eclipse-cdt.serial-monitor]: Loaded contributions. 
2026-03-18 16:11:01 [debug] : [2851e98c-c339-4a4a-afd0-77d454dbbe95][vscode.json-language-features]: Loaded contributions. 
2026-03-18 16:11:01 [debug] : [2851e98c-c339-4a4a-afd0-77d454dbbe95][pkief.material-icon-theme]: Loaded contributions. 
2026-03-18 16:11:01 [debug] : [2851e98c-c339-4a4a-afd0-77d454dbbe95][vscode.git-base]: Loaded contributions. 
2026-03-18 16:11:01 [debug] : Failed to register a menu item for plugin eamodio.gitlens contributed to editor/context/copy {"0":{"command":"gitlens.copyRemoteFileUrlToClipboard","group":"1_gitlens@1","when":"editorTextFocus && gitlens:activeFileStatus =~ /blameable/ && config.gitlens.menus.editor.clipboard"},"1":"Error: Could not find submenu with id editor/context/copy\n    at d.getMenuNode (file:///C:/Xilinx/2025.1/Vitis/ide/electron-app/win64/resources/app/lib/frontend/bundle.js:2:2858055)\n    at file:///C:/Xilinx/2025.1/Vitis/ide/electron-app/win64/resources/app/lib/frontend/bundle.js:2:8391210\n    at Array.forEach (<anonymous>)\n    at c.handle (file:///C:/Xilinx/2025.1/Vitis/ide/electron-app/win64/resources/app/lib/frontend/bundle.js:2:8391099)\n    at c.handle (file:///C:/Xilinx/2025.1/Vitis/ide/electron-app/win64/resources/app/lib/frontend/bundle.js:2:21801587)\n    at file:///C:/Xilinx/2025.1/Vitis/ide/electron-app/win64/resources/app/lib/frontend/bundle.js:2:8456416\n    at o (file:///C:/Xilinx/2025.1/Vitis/ide/electron-app/win64/resources/app/lib/frontend/bundle.js:2:8453884)\n    at P.handleContributions (file:///C:/Xilinx/2025.1/Vitis/ide/electron-app/win64/resources/app/lib/frontend/bundle.js:2:8456371)\n    at n.handleContributions (file:///C:/Xilinx/2025.1/Vitis/ide/electron-app/win64/resources/app/lib/frontend/bundle.js:2:8226131)\n    at n.loadContributions (file:///C:/Xilinx/2025.1/Vitis/ide/electron-app/win64/resources/app/lib/frontend/bundle.js:2:8242540)"}
2026-03-18 16:11:01 [debug] : Failed to register a menu item for plugin eamodio.gitlens contributed to editor/context/copy {"0":{"command":"gitlens.copyRemoteFileUrlFrom","group":"1_gitlens@2","when":"editorTextFocus && gitlens:activeFileStatus =~ /blameable/ && config.gitlens.menus.editor.clipboard"},"1":"Error: Could not find submenu with id editor/context/copy\n    at d.getMenuNode (file:///C:/Xilinx/2025.1/Vitis/ide/electron-app/win64/resources/app/lib/frontend/bundle.js:2:2858055)\n    at file:///C:/Xilinx/2025.1/Vitis/ide/electron-app/win64/resources/app/lib/frontend/bundle.js:2:8391210\n    at Array.forEach (<anonymous>)\n    at c.handle (file:///C:/Xilinx/2025.1/Vitis/ide/electron-app/win64/resources/app/lib/frontend/bundle.js:2:8391099)\n    at c.handle (file:///C:/Xilinx/2025.1/Vitis/ide/electron-app/win64/resources/app/lib/frontend/bundle.js:2:21801587)\n    at file:///C:/Xilinx/2025.1/Vitis/ide/electron-app/win64/resources/app/lib/frontend/bundle.js:2:8456416\n    at o (file:///C:/Xilinx/2025.1/Vitis/ide/electron-app/win64/resources/app/lib/frontend/bundle.js:2:8453884)\n    at P.handleContributions (file:///C:/Xilinx/2025.1/Vitis/ide/electron-app/win64/resources/app/lib/frontend/bundle.js:2:8456371)\n    at n.handleContributions (file:///C:/Xilinx/2025.1/Vitis/ide/electron-app/win64/resources/app/lib/frontend/bundle.js:2:8226131)\n    at n.loadContributions (file:///C:/Xilinx/2025.1/Vitis/ide/electron-app/win64/resources/app/lib/frontend/bundle.js:2:8242540)"}
2026-03-18 16:11:01 [debug] : Failed to register a menu item for plugin eamodio.gitlens contributed to editor/context/copy {"0":{"command":"gitlens.copyRemoteCommitUrl","group":"1_gitlens@3","when":"editorTextFocus && gitlens:activeFileStatus =~ /blameable/ && config.gitlens.menus.editor.clipboard"},"1":"Error: Could not find submenu with id editor/context/copy\n    at d.getMenuNode (file:///C:/Xilinx/2025.1/Vitis/ide/electron-app/win64/resources/app/lib/frontend/bundle.js:2:2858055)\n    at file:///C:/Xilinx/2025.1/Vitis/ide/electron-app/win64/resources/app/lib/frontend/bundle.js:2:8391210\n    at Array.forEach (<anonymous>)\n    at c.handle (file:///C:/Xilinx/2025.1/Vitis/ide/electron-app/win64/resources/app/lib/frontend/bundle.js:2:8391099)\n    at c.handle (file:///C:/Xilinx/2025.1/Vitis/ide/electron-app/win64/resources/app/lib/frontend/bundle.js:2:21801587)\n    at file:///C:/Xilinx/2025.1/Vitis/ide/electron-app/win64/resources/app/lib/frontend/bundle.js:2:8456416\n    at o (file:///C:/Xilinx/2025.1/Vitis/ide/electron-app/win64/resources/app/lib/frontend/bundle.js:2:8453884)\n    at P.handleContributions (file:///C:/Xilinx/2025.1/Vitis/ide/electron-app/win64/resources/app/lib/frontend/bundle.js:2:8456371)\n    at n.handleContributions (file:///C:/Xilinx/2025.1/Vitis/ide/electron-app/win64/resources/app/lib/frontend/bundle.js:2:8226131)\n    at n.loadContributions (file:///C:/Xilinx/2025.1/Vitis/ide/electron-app/win64/resources/app/lib/frontend/bundle.js:2:8242540)"}
2026-03-18 16:11:01 [debug] : Failed to register a menu item for plugin eamodio.gitlens contributed to editor/context/copy {"0":{"command":"gitlens.copyShaToClipboard","group":"2_gitlens@1","when":"editorTextFocus && gitlens:activeFileStatus =~ /blameable/ && config.gitlens.menus.editor.clipboard"},"1":"Error: Could not find submenu with id editor/context/copy\n    at d.getMenuNode (file:///C:/Xilinx/2025.1/Vitis/ide/electron-app/win64/resources/app/lib/frontend/bundle.js:2:2858055)\n    at file:///C:/Xilinx/2025.1/Vitis/ide/electron-app/win64/resources/app/lib/frontend/bundle.js:2:8391210\n    at Array.forEach (<anonymous>)\n    at c.handle (file:///C:/Xilinx/2025.1/Vitis/ide/electron-app/win64/resources/app/lib/frontend/bundle.js:2:8391099)\n    at c.handle (file:///C:/Xilinx/2025.1/Vitis/ide/electron-app/win64/resources/app/lib/frontend/bundle.js:2:21801587)\n    at file:///C:/Xilinx/2025.1/Vitis/ide/electron-app/win64/resources/app/lib/frontend/bundle.js:2:8456416\n    at o (file:///C:/Xilinx/2025.1/Vitis/ide/electron-app/win64/resources/app/lib/frontend/bundle.js:2:8453884)\n    at P.handleContributions (file:///C:/Xilinx/2025.1/Vitis/ide/electron-app/win64/resources/app/lib/frontend/bundle.js:2:8456371)\n    at n.handleContributions (file:///C:/Xilinx/2025.1/Vitis/ide/electron-app/win64/resources/app/lib/frontend/bundle.js:2:8226131)\n    at n.loadContributions (file:///C:/Xilinx/2025.1/Vitis/ide/electron-app/win64/resources/app/lib/frontend/bundle.js:2:8242540)"}
2026-03-18 16:11:01 [debug] : Failed to register a menu item for plugin eamodio.gitlens contributed to editor/context/copy {"0":{"command":"gitlens.copyMessageToClipboard","group":"2_gitlens@2","when":"editorTextFocus && gitlens:activeFileStatus =~ /blameable/ && config.gitlens.menus.editor.clipboard"},"1":"Error: Could not find submenu with id editor/context/copy\n    at d.getMenuNode (file:///C:/Xilinx/2025.1/Vitis/ide/electron-app/win64/resources/app/lib/frontend/bundle.js:2:2858055)\n    at file:///C:/Xilinx/2025.1/Vitis/ide/electron-app/win64/resources/app/lib/frontend/bundle.js:2:8391210\n    at Array.forEach (<anonymous>)\n    at c.handle (file:///C:/Xilinx/2025.1/Vitis/ide/electron-app/win64/resources/app/lib/frontend/bundle.js:2:8391099)\n    at c.handle (file:///C:/Xilinx/2025.1/Vitis/ide/electron-app/win64/resources/app/lib/frontend/bundle.js:2:21801587)\n    at file:///C:/Xilinx/2025.1/Vitis/ide/electron-app/win64/resources/app/lib/frontend/bundle.js:2:8456416\n    at o (file:///C:/Xilinx/2025.1/Vitis/ide/electron-app/win64/resources/app/lib/frontend/bundle.js:2:8453884)\n    at P.handleContributions (file:///C:/Xilinx/2025.1/Vitis/ide/electron-app/win64/resources/app/lib/frontend/bundle.js:2:8456371)\n    at n.handleContributions (file:///C:/Xilinx/2025.1/Vitis/ide/electron-app/win64/resources/app/lib/frontend/bundle.js:2:8226131)\n    at n.loadContributions (file:///C:/Xilinx/2025.1/Vitis/ide/electron-app/win64/resources/app/lib/frontend/bundle.js:2:8242540)"}
2026-03-18 16:11:01 [debug] : Failed to register a menu item for plugin eamodio.gitlens contributed to git.commit {"0":{"command":"gitlens.addAuthors","group":"4_gitlens@1","when":"gitlens:enabled && !gitlens:readonly && config.gitlens.menus.scm.authors"},"1":"Error: Could not find submenu with id git.commit\n    at d.getMenuNode (file:///C:/Xilinx/2025.1/Vitis/ide/electron-app/win64/resources/app/lib/frontend/bundle.js:2:2858055)\n    at file:///C:/Xilinx/2025.1/Vitis/ide/electron-app/win64/resources/app/lib/frontend/bundle.js:2:8391210\n    at Array.forEach (<anonymous>)\n    at c.handle (file:///C:/Xilinx/2025.1/Vitis/ide/electron-app/win64/resources/app/lib/frontend/bundle.js:2:8391099)\n    at c.handle (file:///C:/Xilinx/2025.1/Vitis/ide/electron-app/win64/resources/app/lib/frontend/bundle.js:2:21801587)\n    at file:///C:/Xilinx/2025.1/Vitis/ide/electron-app/win64/resources/app/lib/frontend/bundle.js:2:8456416\n    at o (file:///C:/Xilinx/2025.1/Vitis/ide/electron-app/win64/resources/app/lib/frontend/bundle.js:2:8453884)\n    at P.handleContributions (file:///C:/Xilinx/2025.1/Vitis/ide/electron-app/win64/resources/app/lib/frontend/bundle.js:2:8456371)\n    at n.handleContributions (file:///C:/Xilinx/2025.1/Vitis/ide/electron-app/win64/resources/app/lib/frontend/bundle.js:2:8226131)\n    at n.loadContributions (file:///C:/Xilinx/2025.1/Vitis/ide/electron-app/win64/resources/app/lib/frontend/bundle.js:2:8242540)"}
2026-03-18 16:11:01 [debug] : Failed to register a menu item for plugin eamodio.gitlens contributed to menuBar/edit/copy {"0":{"command":"gitlens.copyRemoteFileUrlToClipboard","group":"1_gitlens@1","when":"gitlens:activeFileStatus =~ /blameable/ && config.gitlens.menus.editor.clipboard"},"1":"Error: Could not find submenu with id menuBar/edit/copy\n    at d.getMenuNode (file:///C:/Xilinx/2025.1/Vitis/ide/electron-app/win64/resources/app/lib/frontend/bundle.js:2:2858055)\n    at file:///C:/Xilinx/2025.1/Vitis/ide/electron-app/win64/resources/app/lib/frontend/bundle.js:2:8391210\n    at Array.forEach (<anonymous>)\n    at c.handle (file:///C:/Xilinx/2025.1/Vitis/ide/electron-app/win64/resources/app/lib/frontend/bundle.js:2:8391099)\n    at c.handle (file:///C:/Xilinx/2025.1/Vitis/ide/electron-app/win64/resources/app/lib/frontend/bundle.js:2:21801587)\n    at file:///C:/Xilinx/2025.1/Vitis/ide/electron-app/win64/resources/app/lib/frontend/bundle.js:2:8456416\n    at o (file:///C:/Xilinx/2025.1/Vitis/ide/electron-app/win64/resources/app/lib/frontend/bundle.js:2:8453884)\n    at P.handleContributions (file:///C:/Xilinx/2025.1/Vitis/ide/electron-app/win64/resources/app/lib/frontend/bundle.js:2:8456371)\n    at n.handleContributions (file:///C:/Xilinx/2025.1/Vitis/ide/electron-app/win64/resources/app/lib/frontend/bundle.js:2:8226131)\n    at n.loadContributions (file:///C:/Xilinx/2025.1/Vitis/ide/electron-app/win64/resources/app/lib/frontend/bundle.js:2:8242540)"}
2026-03-18 16:11:01 [debug] : Failed to register a menu item for plugin eamodio.gitlens contributed to menuBar/edit/copy {"0":{"command":"gitlens.copyRemoteFileUrlFrom","group":"1_gitlens@2","when":"gitlens:activeFileStatus =~ /blameable/ && config.gitlens.menus.editor.clipboard"},"1":"Error: Could not find submenu with id menuBar/edit/copy\n    at d.getMenuNode (file:///C:/Xilinx/2025.1/Vitis/ide/electron-app/win64/resources/app/lib/frontend/bundle.js:2:2858055)\n    at file:///C:/Xilinx/2025.1/Vitis/ide/electron-app/win64/resources/app/lib/frontend/bundle.js:2:8391210\n    at Array.forEach (<anonymous>)\n    at c.handle (file:///C:/Xilinx/2025.1/Vitis/ide/electron-app/win64/resources/app/lib/frontend/bundle.js:2:8391099)\n    at c.handle (file:///C:/Xilinx/2025.1/Vitis/ide/electron-app/win64/resources/app/lib/frontend/bundle.js:2:21801587)\n    at file:///C:/Xilinx/2025.1/Vitis/ide/electron-app/win64/resources/app/lib/frontend/bundle.js:2:8456416\n    at o (file:///C:/Xilinx/2025.1/Vitis/ide/electron-app/win64/resources/app/lib/frontend/bundle.js:2:8453884)\n    at P.handleContributions (file:///C:/Xilinx/2025.1/Vitis/ide/electron-app/win64/resources/app/lib/frontend/bundle.js:2:8456371)\n    at n.handleContributions (file:///C:/Xilinx/2025.1/Vitis/ide/electron-app/win64/resources/app/lib/frontend/bundle.js:2:8226131)\n    at n.loadContributions (file:///C:/Xilinx/2025.1/Vitis/ide/electron-app/win64/resources/app/lib/frontend/bundle.js:2:8242540)"}
2026-03-18 16:11:01 [debug] : [2851e98c-c339-4a4a-afd0-77d454dbbe95][eamodio.gitlens]: Loaded contributions. 
2026-03-18 16:11:01 [debug] : [2851e98c-c339-4a4a-afd0-77d454dbbe95][amd.tcf-debug]: Loaded contributions. 
2026-03-18 16:11:01 [debug] : [2851e98c-c339-4a4a-afd0-77d454dbbe95][twxs.cmake]: Loaded contributions. 
2026-03-18 16:11:01 [debug] : [2851e98c-c339-4a4a-afd0-77d454dbbe95][amd.vitis-config]: Loaded contributions. 
2026-03-18 16:11:01 [debug] : [2851e98c-c339-4a4a-afd0-77d454dbbe95][amd.vitis-hls-l1-library]: Loaded contributions. 
2026-03-18 16:11:01 [debug] : [2851e98c-c339-4a4a-afd0-77d454dbbe95][amd.vitis-hls-pragma]: Loaded contributions. 
2026-03-18 16:11:01 [debug] : [2851e98c-c339-4a4a-afd0-77d454dbbe95][amd.vitis-hls-verilog-vhdl-support]: Loaded contributions. 
2026-03-18 16:11:01 [debug] : [2851e98c-c339-4a4a-afd0-77d454dbbe95][amd.vitis-output]: Loaded contributions. 
2026-03-18 16:11:01 [debug] : [2851e98c-c339-4a4a-afd0-77d454dbbe95][vscode.cpp]: Loaded contributions. 
2026-03-18 16:11:01 [debug] : [2851e98c-c339-4a4a-afd0-77d454dbbe95][vscode.json]: Loaded contributions. 
2026-03-18 16:11:01 [debug] : [2851e98c-c339-4a4a-afd0-77d454dbbe95][llvm-vs-code-extensions.vscode-clangd]: Loaded contributions. 
2026-03-18 16:11:01 [debug] : [2851e98c-c339-4a4a-afd0-77d454dbbe95][webfreak.debug]: Loaded contributions. 
2026-03-18 16:11:01 [debug] : Failed to register a menu item for plugin vscode.git contributed to scm/sourceControl/title {"0":{"command":"git.reopenClosedRepositories","group":"navigation@1","when":"git.closedRepositoryCount > 0"},"1":"Error: Could not find submenu with id scm/sourceControl/title\n    at d.getMenuNode (file:///C:/Xilinx/2025.1/Vitis/ide/electron-app/win64/resources/app/lib/frontend/bundle.js:2:2858055)\n    at file:///C:/Xilinx/2025.1/Vitis/ide/electron-app/win64/resources/app/lib/frontend/bundle.js:2:8391210\n    at Array.forEach (<anonymous>)\n    at c.handle (file:///C:/Xilinx/2025.1/Vitis/ide/electron-app/win64/resources/app/lib/frontend/bundle.js:2:8391099)\n    at c.handle (file:///C:/Xilinx/2025.1/Vitis/ide/electron-app/win64/resources/app/lib/frontend/bundle.js:2:21801587)\n    at file:///C:/Xilinx/2025.1/Vitis/ide/electron-app/win64/resources/app/lib/frontend/bundle.js:2:8456416\n    at o (file:///C:/Xilinx/2025.1/Vitis/ide/electron-app/win64/resources/app/lib/frontend/bundle.js:2:8453884)\n    at P.handleContributions (file:///C:/Xilinx/2025.1/Vitis/ide/electron-app/win64/resources/app/lib/frontend/bundle.js:2:8456371)\n    at n.handleContributions (file:///C:/Xilinx/2025.1/Vitis/ide/electron-app/win64/resources/app/lib/frontend/bundle.js:2:8226131)\n    at n.loadContributions (file:///C:/Xilinx/2025.1/Vitis/ide/electron-app/win64/resources/app/lib/frontend/bundle.js:2:8242540)"}
2026-03-18 16:11:01 [debug] : Failed to register a menu item for plugin vscode.git contributed to scm/sourceControl {"0":{"command":"git.close","group":"navigation@1","when":"scmProvider == git"},"1":"Error: Could not find submenu with id scm/sourceControl\n    at d.getMenuNode (file:///C:/Xilinx/2025.1/Vitis/ide/electron-app/win64/resources/app/lib/frontend/bundle.js:2:2858055)\n    at file:///C:/Xilinx/2025.1/Vitis/ide/electron-app/win64/resources/app/lib/frontend/bundle.js:2:8391210\n    at Array.forEach (<anonymous>)\n    at c.handle (file:///C:/Xilinx/2025.1/Vitis/ide/electron-app/win64/resources/app/lib/frontend/bundle.js:2:8391099)\n    at c.handle (file:///C:/Xilinx/2025.1/Vitis/ide/electron-app/win64/resources/app/lib/frontend/bundle.js:2:21801587)\n    at file:///C:/Xilinx/2025.1/Vitis/ide/electron-app/win64/resources/app/lib/frontend/bundle.js:2:8456416\n    at o (file:///C:/Xilinx/2025.1/Vitis/ide/electron-app/win64/resources/app/lib/frontend/bundle.js:2:8453884)\n    at P.handleContributions (file:///C:/Xilinx/2025.1/Vitis/ide/electron-app/win64/resources/app/lib/frontend/bundle.js:2:8456371)\n    at n.handleContributions (file:///C:/Xilinx/2025.1/Vitis/ide/electron-app/win64/resources/app/lib/frontend/bundle.js:2:8226131)\n    at n.loadContributions (file:///C:/Xilinx/2025.1/Vitis/ide/electron-app/win64/resources/app/lib/frontend/bundle.js:2:8242540)"}
2026-03-18 16:11:01 [debug] : Failed to register a menu item for plugin vscode.git contributed to scm/sourceControl {"0":{"command":"git.closeOtherRepositories","group":"navigation@2","when":"scmProvider == git && gitOpenRepositoryCount > 1"},"1":"Error: Could not find submenu with id scm/sourceControl\n    at d.getMenuNode (file:///C:/Xilinx/2025.1/Vitis/ide/electron-app/win64/resources/app/lib/frontend/bundle.js:2:2858055)\n    at file:///C:/Xilinx/2025.1/Vitis/ide/electron-app/win64/resources/app/lib/frontend/bundle.js:2:8391210\n    at Array.forEach (<anonymous>)\n    at c.handle (file:///C:/Xilinx/2025.1/Vitis/ide/electron-app/win64/resources/app/lib/frontend/bundle.js:2:8391099)\n    at c.handle (file:///C:/Xilinx/2025.1/Vitis/ide/electron-app/win64/resources/app/lib/frontend/bundle.js:2:21801587)\n    at file:///C:/Xilinx/2025.1/Vitis/ide/electron-app/win64/resources/app/lib/frontend/bundle.js:2:8456416\n    at o (file:///C:/Xilinx/2025.1/Vitis/ide/electron-app/win64/resources/app/lib/frontend/bundle.js:2:8453884)\n    at P.handleContributions (file:///C:/Xilinx/2025.1/Vitis/ide/electron-app/win64/resources/app/lib/frontend/bundle.js:2:8456371)\n    at n.handleContributions (file:///C:/Xilinx/2025.1/Vitis/ide/electron-app/win64/resources/app/lib/frontend/bundle.js:2:8226131)\n    at n.loadContributions (file:///C:/Xilinx/2025.1/Vitis/ide/electron-app/win64/resources/app/lib/frontend/bundle.js:2:8242540)"}
2026-03-18 16:11:01 [debug] : Failed to register a menu item for plugin vscode.git contributed to scm/history/title {"0":{"command":"git.fetchAll","group":"navigation@999","when":"scmProvider == git"},"1":"Error: Could not find submenu with id scm/history/title\n    at d.getMenuNode (file:///C:/Xilinx/2025.1/Vitis/ide/electron-app/win64/resources/app/lib/frontend/bundle.js:2:2858055)\n    at file:///C:/Xilinx/2025.1/Vitis/ide/electron-app/win64/resources/app/lib/frontend/bundle.js:2:8391210\n    at Array.forEach (<anonymous>)\n    at c.handle (file:///C:/Xilinx/2025.1/Vitis/ide/electron-app/win64/resources/app/lib/frontend/bundle.js:2:8391099)\n    at c.handle (file:///C:/Xilinx/2025.1/Vitis/ide/electron-app/win64/resources/app/lib/frontend/bundle.js:2:21801587)\n    at file:///C:/Xilinx/2025.1/Vitis/ide/electron-app/win64/resources/app/lib/frontend/bundle.js:2:8456416\n    at o (file:///C:/Xilinx/2025.1/Vitis/ide/electron-app/win64/resources/app/lib/frontend/bundle.js:2:8453884)\n    at P.handleContributions (file:///C:/Xilinx/2025.1/Vitis/ide/electron-app/win64/resources/app/lib/frontend/bundle.js:2:8456371)\n    at n.handleContributions (file:///C:/Xilinx/2025.1/Vitis/ide/electron-app/win64/resources/app/lib/frontend/bundle.js:2:8226131)\n    at n.loadContributions (file:///C:/Xilinx/2025.1/Vitis/ide/electron-app/win64/resources/app/lib/frontend/bundle.js:2:8242540)"}
2026-03-18 16:11:01 [debug] : Failed to register a menu item for plugin vscode.git contributed to scm/historyItem/context {"0":{"command":"git.createTag","group":"1_create@1","when":"scmProvider == git"},"1":"Error: Could not find submenu with id scm/historyItem/context\n    at d.getMenuNode (file:///C:/Xilinx/2025.1/Vitis/ide/electron-app/win64/resources/app/lib/frontend/bundle.js:2:2858055)\n    at file:///C:/Xilinx/2025.1/Vitis/ide/electron-app/win64/resources/app/lib/frontend/bundle.js:2:8391210\n    at Array.forEach (<anonymous>)\n    at c.handle (file:///C:/Xilinx/2025.1/Vitis/ide/electron-app/win64/resources/app/lib/frontend/bundle.js:2:8391099)\n    at c.handle (file:///C:/Xilinx/2025.1/Vitis/ide/electron-app/win64/resources/app/lib/frontend/bundle.js:2:21801587)\n    at file:///C:/Xilinx/2025.1/Vitis/ide/electron-app/win64/resources/app/lib/frontend/bundle.js:2:8456416\n    at o (file:///C:/Xilinx/2025.1/Vitis/ide/electron-app/win64/resources/app/lib/frontend/bundle.js:2:8453884)\n    at P.handleContributions (file:///C:/Xilinx/2025.1/Vitis/ide/electron-app/win64/resources/app/lib/frontend/bundle.js:2:8456371)\n    at n.handleContributions (file:///C:/Xilinx/2025.1/Vitis/ide/electron-app/win64/resources/app/lib/frontend/bundle.js:2:8226131)\n    at n.loadContributions (file:///C:/Xilinx/2025.1/Vitis/ide/electron-app/win64/resources/app/lib/frontend/bundle.js:2:8242540)"}
2026-03-18 16:11:01 [debug] : Failed to register a menu item for plugin vscode.git contributed to scm/historyItem/context {"0":{"command":"git.branch","group":"1_create@2","when":"scmProvider == git"},"1":"Error: Could not find submenu with id scm/historyItem/context\n    at d.getMenuNode (file:///C:/Xilinx/2025.1/Vitis/ide/electron-app/win64/resources/app/lib/frontend/bundle.js:2:2858055)\n    at file:///C:/Xilinx/2025.1/Vitis/ide/electron-app/win64/resources/app/lib/frontend/bundle.js:2:8391210\n    at Array.forEach (<anonymous>)\n    at c.handle (file:///C:/Xilinx/2025.1/Vitis/ide/electron-app/win64/resources/app/lib/frontend/bundle.js:2:8391099)\n    at c.handle (file:///C:/Xilinx/2025.1/Vitis/ide/electron-app/win64/resources/app/lib/frontend/bundle.js:2:21801587)\n    at file:///C:/Xilinx/2025.1/Vitis/ide/electron-app/win64/resources/app/lib/frontend/bundle.js:2:8456416\n    at o (file:///C:/Xilinx/2025.1/Vitis/ide/electron-app/win64/resources/app/lib/frontend/bundle.js:2:8453884)\n    at P.handleContributions (file:///C:/Xilinx/2025.1/Vitis/ide/electron-app/win64/resources/app/lib/frontend/bundle.js:2:8456371)\n    at n.handleContributions (file:///C:/Xilinx/2025.1/Vitis/ide/electron-app/win64/resources/app/lib/frontend/bundle.js:2:8226131)\n    at n.loadContributions (file:///C:/Xilinx/2025.1/Vitis/ide/electron-app/win64/resources/app/lib/frontend/bundle.js:2:8242540)"}
2026-03-18 16:11:01 [debug] : Failed to register a menu item for plugin vscode.git contributed to scm/historyItem/context {"0":{"command":"git.cherryPickRef","group":"2_modify@1","when":"scmProvider == git"},"1":"Error: Could not find submenu with id scm/historyItem/context\n    at d.getMenuNode (file:///C:/Xilinx/2025.1/Vitis/ide/electron-app/win64/resources/app/lib/frontend/bundle.js:2:2858055)\n    at file:///C:/Xilinx/2025.1/Vitis/ide/electron-app/win64/resources/app/lib/frontend/bundle.js:2:8391210\n    at Array.forEach (<anonymous>)\n    at c.handle (file:///C:/Xilinx/2025.1/Vitis/ide/electron-app/win64/resources/app/lib/frontend/bundle.js:2:8391099)\n    at c.handle (file:///C:/Xilinx/2025.1/Vitis/ide/electron-app/win64/resources/app/lib/frontend/bundle.js:2:21801587)\n    at file:///C:/Xilinx/2025.1/Vitis/ide/electron-app/win64/resources/app/lib/frontend/bundle.js:2:8456416\n    at o (file:///C:/Xilinx/2025.1/Vitis/ide/electron-app/win64/resources/app/lib/frontend/bundle.js:2:8453884)\n    at P.handleContributions (file:///C:/Xilinx/2025.1/Vitis/ide/electron-app/win64/resources/app/lib/frontend/bundle.js:2:8456371)\n    at n.handleContributions (file:///C:/Xilinx/2025.1/Vitis/ide/electron-app/win64/resources/app/lib/frontend/bundle.js:2:8226131)\n    at n.loadContributions (file:///C:/Xilinx/2025.1/Vitis/ide/electron-app/win64/resources/app/lib/frontend/bundle.js:2:8242540)"}
2026-03-18 16:11:01 [debug] : Failed to register a menu item for plugin vscode.git contributed to scm/historyItem/context {"0":{"command":"git.checkoutRefDetached","group":"2_modify@2","when":"scmProvider == git"},"1":"Error: Could not find submenu with id scm/historyItem/context\n    at d.getMenuNode (file:///C:/Xilinx/2025.1/Vitis/ide/electron-app/win64/resources/app/lib/frontend/bundle.js:2:2858055)\n    at file:///C:/Xilinx/2025.1/Vitis/ide/electron-app/win64/resources/app/lib/frontend/bundle.js:2:8391210\n    at Array.forEach (<anonymous>)\n    at c.handle (file:///C:/Xilinx/2025.1/Vitis/ide/electron-app/win64/resources/app/lib/frontend/bundle.js:2:8391099)\n    at c.handle (file:///C:/Xilinx/2025.1/Vitis/ide/electron-app/win64/resources/app/lib/frontend/bundle.js:2:21801587)\n    at file:///C:/Xilinx/2025.1/Vitis/ide/electron-app/win64/resources/app/lib/frontend/bundle.js:2:8456416\n    at o (file:///C:/Xilinx/2025.1/Vitis/ide/electron-app/win64/resources/app/lib/frontend/bundle.js:2:8453884)\n    at P.handleContributions (file:///C:/Xilinx/2025.1/Vitis/ide/electron-app/win64/resources/app/lib/frontend/bundle.js:2:8456371)\n    at n.handleContributions (file:///C:/Xilinx/2025.1/Vitis/ide/electron-app/win64/resources/app/lib/frontend/bundle.js:2:8226131)\n    at n.loadContributions (file:///C:/Xilinx/2025.1/Vitis/ide/electron-app/win64/resources/app/lib/frontend/bundle.js:2:8242540)"}
2026-03-18 16:11:01 [debug] : Failed to register a menu item for plugin vscode.git contributed to scm/historyItem/context {"0":{"command":"git.copyCommitId","group":"9_copy@1","when":"scmProvider == git && !listMultiSelection"},"1":"Error: Could not find submenu with id scm/historyItem/context\n    at d.getMenuNode (file:///C:/Xilinx/2025.1/Vitis/ide/electron-app/win64/resources/app/lib/frontend/bundle.js:2:2858055)\n    at file:///C:/Xilinx/2025.1/Vitis/ide/electron-app/win64/resources/app/lib/frontend/bundle.js:2:8391210\n    at Array.forEach (<anonymous>)\n    at c.handle (file:///C:/Xilinx/2025.1/Vitis/ide/electron-app/win64/resources/app/lib/frontend/bundle.js:2:8391099)\n    at c.handle (file:///C:/Xilinx/2025.1/Vitis/ide/electron-app/win64/resources/app/lib/frontend/bundle.js:2:21801587)\n    at file:///C:/Xilinx/2025.1/Vitis/ide/electron-app/win64/resources/app/lib/frontend/bundle.js:2:8456416\n    at o (file:///C:/Xilinx/2025.1/Vitis/ide/electron-app/win64/resources/app/lib/frontend/bundle.js:2:8453884)\n    at P.handleContributions (file:///C:/Xilinx/2025.1/Vitis/ide/electron-app/win64/resources/app/lib/frontend/bundle.js:2:8456371)\n    at n.handleContributions (file:///C:/Xilinx/2025.1/Vitis/ide/electron-app/win64/resources/app/lib/frontend/bundle.js:2:8226131)\n    at n.loadContributions (file:///C:/Xilinx/2025.1/Vitis/ide/electron-app/win64/resources/app/lib/frontend/bundle.js:2:8242540)"}
2026-03-18 16:11:01 [debug] : Failed to register a menu item for plugin vscode.git contributed to scm/historyItem/context {"0":{"command":"git.copyCommitMessage","group":"9_copy@2","when":"scmProvider == git && !listMultiSelection"},"1":"Error: Could not find submenu with id scm/historyItem/context\n    at d.getMenuNode (file:///C:/Xilinx/2025.1/Vitis/ide/electron-app/win64/resources/app/lib/frontend/bundle.js:2:2858055)\n    at file:///C:/Xilinx/2025.1/Vitis/ide/electron-app/win64/resources/app/lib/frontend/bundle.js:2:8391210\n    at Array.forEach (<anonymous>)\n    at c.handle (file:///C:/Xilinx/2025.1/Vitis/ide/electron-app/win64/resources/app/lib/frontend/bundle.js:2:8391099)\n    at c.handle (file:///C:/Xilinx/2025.1/Vitis/ide/electron-app/win64/resources/app/lib/frontend/bundle.js:2:21801587)\n    at file:///C:/Xilinx/2025.1/Vitis/ide/electron-app/win64/resources/app/lib/frontend/bundle.js:2:8456416\n    at o (file:///C:/Xilinx/2025.1/Vitis/ide/electron-app/win64/resources/app/lib/frontend/bundle.js:2:8453884)\n    at P.handleContributions (file:///C:/Xilinx/2025.1/Vitis/ide/electron-app/win64/resources/app/lib/frontend/bundle.js:2:8456371)\n    at n.handleContributions (file:///C:/Xilinx/2025.1/Vitis/ide/electron-app/win64/resources/app/lib/frontend/bundle.js:2:8226131)\n    at n.loadContributions (file:///C:/Xilinx/2025.1/Vitis/ide/electron-app/win64/resources/app/lib/frontend/bundle.js:2:8242540)"}
2026-03-18 16:11:01 [debug] : Failed to register a menu item for plugin vscode.git contributed to editor/content {"0":{"command":"git.acceptMerge","when":"isMergeResultEditor && mergeEditorBaseUri =~ /^(git|file):/ && mergeEditorResultUri in git.mergeChanges"},"1":"Error: Could not find submenu with id editor/content\n    at d.getMenuNode (file:///C:/Xilinx/2025.1/Vitis/ide/electron-app/win64/resources/app/lib/frontend/bundle.js:2:2858055)\n    at file:///C:/Xilinx/2025.1/Vitis/ide/electron-app/win64/resources/app/lib/frontend/bundle.js:2:8391210\n    at Array.forEach (<anonymous>)\n    at c.handle (file:///C:/Xilinx/2025.1/Vitis/ide/electron-app/win64/resources/app/lib/frontend/bundle.js:2:8391099)\n    at c.handle (file:///C:/Xilinx/2025.1/Vitis/ide/electron-app/win64/resources/app/lib/frontend/bundle.js:2:21801587)\n    at file:///C:/Xilinx/2025.1/Vitis/ide/electron-app/win64/resources/app/lib/frontend/bundle.js:2:8456416\n    at o (file:///C:/Xilinx/2025.1/Vitis/ide/electron-app/win64/resources/app/lib/frontend/bundle.js:2:8453884)\n    at P.handleContributions (file:///C:/Xilinx/2025.1/Vitis/ide/electron-app/win64/resources/app/lib/frontend/bundle.js:2:8456371)\n    at n.handleContributions (file:///C:/Xilinx/2025.1/Vitis/ide/electron-app/win64/resources/app/lib/frontend/bundle.js:2:8226131)\n    at n.loadContributions (file:///C:/Xilinx/2025.1/Vitis/ide/electron-app/win64/resources/app/lib/frontend/bundle.js:2:8242540)"}
2026-03-18 16:11:01 [debug] : Failed to register a menu item for plugin vscode.git contributed to editor/content {"0":{"command":"git.openMergeEditor","group":"navigation@-10","when":"config.git.enabled && !git.missing && !isInDiffEditor && !isMergeEditor && resource in git.mergeChanges"},"1":"Error: Could not find submenu with id editor/content\n    at d.getMenuNode (file:///C:/Xilinx/2025.1/Vitis/ide/electron-app/win64/resources/app/lib/frontend/bundle.js:2:2858055)\n    at file:///C:/Xilinx/2025.1/Vitis/ide/electron-app/win64/resources/app/lib/frontend/bundle.js:2:8391210\n    at Array.forEach (<anonymous>)\n    at c.handle (file:///C:/Xilinx/2025.1/Vitis/ide/electron-app/win64/resources/app/lib/frontend/bundle.js:2:8391099)\n    at c.handle (file:///C:/Xilinx/2025.1/Vitis/ide/electron-app/win64/resources/app/lib/frontend/bundle.js:2:21801587)\n    at file:///C:/Xilinx/2025.1/Vitis/ide/electron-app/win64/resources/app/lib/frontend/bundle.js:2:8456416\n    at o (file:///C:/Xilinx/2025.1/Vitis/ide/electron-app/win64/resources/app/lib/frontend/bundle.js:2:8453884)\n    at P.handleContributions (file:///C:/Xilinx/2025.1/Vitis/ide/electron-app/win64/resources/app/lib/frontend/bundle.js:2:8456371)\n    at n.handleContributions (file:///C:/Xilinx/2025.1/Vitis/ide/electron-app/win64/resources/app/lib/frontend/bundle.js:2:8226131)\n    at n.loadContributions (file:///C:/Xilinx/2025.1/Vitis/ide/electron-app/win64/resources/app/lib/frontend/bundle.js:2:8242540)"}
2026-03-18 16:11:01 [debug] : Failed to register a menu item for plugin vscode.git contributed to multiDiffEditor/resource/title {"0":{"command":"git.stageFile","group":"navigation","when":"scmProvider == git && scmResourceGroup == workingTree"},"1":"Error: Could not find submenu with id multiDiffEditor/resource/title\n    at d.getMenuNode (file:///C:/Xilinx/2025.1/Vitis/ide/electron-app/win64/resources/app/lib/frontend/bundle.js:2:2858055)\n    at file:///C:/Xilinx/2025.1/Vitis/ide/electron-app/win64/resources/app/lib/frontend/bundle.js:2:8391210\n    at Array.forEach (<anonymous>)\n    at c.handle (file:///C:/Xilinx/2025.1/Vitis/ide/electron-app/win64/resources/app/lib/frontend/bundle.js:2:8391099)\n    at c.handle (file:///C:/Xilinx/2025.1/Vitis/ide/electron-app/win64/resources/app/lib/frontend/bundle.js:2:21801587)\n    at file:///C:/Xilinx/2025.1/Vitis/ide/electron-app/win64/resources/app/lib/frontend/bundle.js:2:8456416\n    at o (file:///C:/Xilinx/2025.1/Vitis/ide/electron-app/win64/resources/app/lib/frontend/bundle.js:2:8453884)\n    at P.handleContributions (file:///C:/Xilinx/2025.1/Vitis/ide/electron-app/win64/resources/app/lib/frontend/bundle.js:2:8456371)\n    at n.handleContributions (file:///C:/Xilinx/2025.1/Vitis/ide/electron-app/win64/resources/app/lib/frontend/bundle.js:2:8226131)\n    at n.loadContributions (file:///C:/Xilinx/2025.1/Vitis/ide/electron-app/win64/resources/app/lib/frontend/bundle.js:2:8242540)"}
2026-03-18 16:11:01 [debug] : Failed to register a menu item for plugin vscode.git contributed to multiDiffEditor/resource/title {"0":{"command":"git.stageFile","group":"navigation","when":"scmProvider == git && scmResourceGroup == untracked"},"1":"Error: Could not find submenu with id multiDiffEditor/resource/title\n    at d.getMenuNode (file:///C:/Xilinx/2025.1/Vitis/ide/electron-app/win64/resources/app/lib/frontend/bundle.js:2:2858055)\n    at file:///C:/Xilinx/2025.1/Vitis/ide/electron-app/win64/resources/app/lib/frontend/bundle.js:2:8391210\n    at Array.forEach (<anonymous>)\n    at c.handle (file:///C:/Xilinx/2025.1/Vitis/ide/electron-app/win64/resources/app/lib/frontend/bundle.js:2:8391099)\n    at c.handle (file:///C:/Xilinx/2025.1/Vitis/ide/electron-app/win64/resources/app/lib/frontend/bundle.js:2:21801587)\n    at file:///C:/Xilinx/2025.1/Vitis/ide/electron-app/win64/resources/app/lib/frontend/bundle.js:2:8456416\n    at o (file:///C:/Xilinx/2025.1/Vitis/ide/electron-app/win64/resources/app/lib/frontend/bundle.js:2:8453884)\n    at P.handleContributions (file:///C:/Xilinx/2025.1/Vitis/ide/electron-app/win64/resources/app/lib/frontend/bundle.js:2:8456371)\n    at n.handleContributions (file:///C:/Xilinx/2025.1/Vitis/ide/electron-app/win64/resources/app/lib/frontend/bundle.js:2:8226131)\n    at n.loadContributions (file:///C:/Xilinx/2025.1/Vitis/ide/electron-app/win64/resources/app/lib/frontend/bundle.js:2:8242540)"}
2026-03-18 16:11:01 [debug] : Failed to register a menu item for plugin vscode.git contributed to multiDiffEditor/resource/title {"0":{"command":"git.unstageFile","group":"navigation","when":"scmProvider == git && scmResourceGroup == index"},"1":"Error: Could not find submenu with id multiDiffEditor/resource/title\n    at d.getMenuNode (file:///C:/Xilinx/2025.1/Vitis/ide/electron-app/win64/resources/app/lib/frontend/bundle.js:2:2858055)\n    at file:///C:/Xilinx/2025.1/Vitis/ide/electron-app/win64/resources/app/lib/frontend/bundle.js:2:8391210\n    at Array.forEach (<anonymous>)\n    at c.handle (file:///C:/Xilinx/2025.1/Vitis/ide/electron-app/win64/resources/app/lib/frontend/bundle.js:2:8391099)\n    at c.handle (file:///C:/Xilinx/2025.1/Vitis/ide/electron-app/win64/resources/app/lib/frontend/bundle.js:2:21801587)\n    at file:///C:/Xilinx/2025.1/Vitis/ide/electron-app/win64/resources/app/lib/frontend/bundle.js:2:8456416\n    at o (file:///C:/Xilinx/2025.1/Vitis/ide/electron-app/win64/resources/app/lib/frontend/bundle.js:2:8453884)\n    at P.handleContributions (file:///C:/Xilinx/2025.1/Vitis/ide/electron-app/win64/resources/app/lib/frontend/bundle.js:2:8456371)\n    at n.handleContributions (file:///C:/Xilinx/2025.1/Vitis/ide/electron-app/win64/resources/app/lib/frontend/bundle.js:2:8226131)\n    at n.loadContributions (file:///C:/Xilinx/2025.1/Vitis/ide/electron-app/win64/resources/app/lib/frontend/bundle.js:2:8242540)"}
2026-03-18 16:11:01 [debug] : Failed to register a menu item for plugin vscode.git contributed to diffEditor/gutter/hunk {"0":{"command":"git.diff.stageHunk","group":"primary@10","when":"diffEditorOriginalUri =~ /^git\\:.*%22ref%22%3A%22~%22%7D$/"},"1":"Error: Could not find submenu with id diffEditor/gutter/hunk\n    at d.getMenuNode (file:///C:/Xilinx/2025.1/Vitis/ide/electron-app/win64/resources/app/lib/frontend/bundle.js:2:2858055)\n    at file:///C:/Xilinx/2025.1/Vitis/ide/electron-app/win64/resources/app/lib/frontend/bundle.js:2:8391210\n    at Array.forEach (<anonymous>)\n    at c.handle (file:///C:/Xilinx/2025.1/Vitis/ide/electron-app/win64/resources/app/lib/frontend/bundle.js:2:8391099)\n    at c.handle (file:///C:/Xilinx/2025.1/Vitis/ide/electron-app/win64/resources/app/lib/frontend/bundle.js:2:21801587)\n    at file:///C:/Xilinx/2025.1/Vitis/ide/electron-app/win64/resources/app/lib/frontend/bundle.js:2:8456416\n    at o (file:///C:/Xilinx/2025.1/Vitis/ide/electron-app/win64/resources/app/lib/frontend/bundle.js:2:8453884)\n    at P.handleContributions (file:///C:/Xilinx/2025.1/Vitis/ide/electron-app/win64/resources/app/lib/frontend/bundle.js:2:8456371)\n    at n.handleContributions (file:///C:/Xilinx/2025.1/Vitis/ide/electron-app/win64/resources/app/lib/frontend/bundle.js:2:8226131)\n    at n.loadContributions (file:///C:/Xilinx/2025.1/Vitis/ide/electron-app/win64/resources/app/lib/frontend/bundle.js:2:8242540)"}
2026-03-18 16:11:01 [debug] : Failed to register a menu item for plugin vscode.git contributed to diffEditor/gutter/selection {"0":{"command":"git.diff.stageSelection","group":"primary@10","when":"diffEditorOriginalUri =~ /^git\\:.*%22ref%22%3A%22~%22%7D$/"},"1":"Error: Could not find submenu with id diffEditor/gutter/selection\n    at d.getMenuNode (file:///C:/Xilinx/2025.1/Vitis/ide/electron-app/win64/resources/app/lib/frontend/bundle.js:2:2858055)\n    at file:///C:/Xilinx/2025.1/Vitis/ide/electron-app/win64/resources/app/lib/frontend/bundle.js:2:8391210\n    at Array.forEach (<anonymous>)\n    at c.handle (file:///C:/Xilinx/2025.1/Vitis/ide/electron-app/win64/resources/app/lib/frontend/bundle.js:2:8391099)\n    at c.handle (file:///C:/Xilinx/2025.1/Vitis/ide/electron-app/win64/resources/app/lib/frontend/bundle.js:2:21801587)\n    at file:///C:/Xilinx/2025.1/Vitis/ide/electron-app/win64/resources/app/lib/frontend/bundle.js:2:8456416\n    at o (file:///C:/Xilinx/2025.1/Vitis/ide/electron-app/win64/resources/app/lib/frontend/bundle.js:2:8453884)\n    at P.handleContributions (file:///C:/Xilinx/2025.1/Vitis/ide/electron-app/win64/resources/app/lib/frontend/bundle.js:2:8456371)\n    at n.handleContributions (file:///C:/Xilinx/2025.1/Vitis/ide/electron-app/win64/resources/app/lib/frontend/bundle.js:2:8226131)\n    at n.loadContributions (file:///C:/Xilinx/2025.1/Vitis/ide/electron-app/win64/resources/app/lib/frontend/bundle.js:2:8242540)"}
2026-03-18 16:11:01 [debug] : [2851e98c-c339-4a4a-afd0-77d454dbbe95][vscode.git]: Loaded contributions. 
2026-03-18 16:11:01 [debug] : [2851e98c-c339-4a4a-afd0-77d454dbbe95][vscode.make]: Loaded contributions. 
2026-03-18 16:11:01 [debug] : [2851e98c-c339-4a4a-afd0-77d454dbbe95] Load contributions of 18 plugins: 916.8 ms [Finished 12.663 s after frontend start] 
2026-03-18 16:11:01 [debug] : Frontend c.onDidInitializeLayout: 1.3 ms [Finished 12.664 s after frontend start] 
2026-03-18 16:11:01 [debug] : Frontend n.onDidInitializeLayout: 6.1 ms [Finished 12.676 s after frontend start] 
2026-03-18 16:11:01 [debug] : Frontend x.onDidInitializeLayout: 80.2 ms [Finished 12.763 s after frontend start] 
2026-03-18 16:11:01 [debug] : Frontend h.onDidInitializeLayout: 0.5 ms [Finished 12.798 s after frontend start] 
2026-03-18 16:11:01 [debug] : Error: view container is disposed
    at get containerLayout (file:///C:/Xilinx/2025.1/Vitis/ide/electron-app/win64/resources/app/lib/frontend/bundle.js:2:2734612)
    at n.getParts (file:///C:/Xilinx/2025.1/Vitis/ide/electron-app/win64/resources/app/lib/frontend/bundle.js:2:2734370)
    at n.getTrackableWidgets (file:///C:/Xilinx/2025.1/Vitis/ide/electron-app/win64/resources/app/lib/frontend/bundle.js:2:2737767)
    at n.prepareViewContainer (file:///C:/Xilinx/2025.1/Vitis/ide/electron-app/win64/resources/app/lib/frontend/bundle.js:2:8580709)
    at async file:///C:/Xilinx/2025.1/Vitis/ide/electron-app/win64/resources/app/lib/frontend/bundle.js:2:8582989
    at async Promise.all (index 1)
    at async n.initWidgets (file:///C:/Xilinx/2025.1/Vitis/ide/electron-app/win64/resources/app/lib/frontend/bundle.js:2:8583836)
    at async n.afterLoadContributions (file:///C:/Xilinx/2025.1/Vitis/ide/electron-app/win64/resources/app/lib/frontend/bundle.js:2:8225999)
    at async n.doLoad (file:///C:/Xilinx/2025.1/Vitis/ide/electron-app/win64/resources/app/lib/frontend/bundle.js:2:8240408)
    at async d.withProgress (file:///C:/Xilinx/2025.1/Vitis/ide/electron-app/win64/resources/app/lib/frontend/bundle.js:2:2899608) 
2026-03-18 16:11:02 [debug] : 'cpp' language is remapped from 'source.cpp.embedded.macro' to 'source.cpp' scope 
2026-03-18 16:11:02 [debug] : a registered grammar configuration for 'cpp' language is overridden 
2026-03-18 16:11:02 [debug] : [Application Examples Provider] Templates model update completed. 
2026-03-18 16:11:02 [debug] : [Application Examples Provider] common calling method completed. 
2026-03-18 16:11:02 [debug] : [Application Examples Provider] refresh completed. 
2026-03-18 16:11:02 [debug] : Frontend U.onDidInitializeLayout took longer than the expected maximum 100 milliseconds: 713.1 ms [Finished 13.511 s after frontend start] 
2026-03-18 16:11:02 [debug] : Frontend D.onDidInitializeLayout: 0.0 ms [Finished 13.511 s after frontend start] 
2026-03-18 16:11:02 [debug] : Frontend D.onDidInitializeLayout: 2.0 ms [Finished 13.513 s after frontend start] 
2026-03-18 16:11:02 [debug] : Frontend C.onDidInitializeLayout: 0.1 ms [Finished 13.514 s after frontend start] 
2026-03-18 16:11:02 [debug] : Frontend v.onDidInitializeLayout: 0.2 ms [Finished 13.514 s after frontend start] 
2026-03-18 16:11:02 [debug] : getTasks(): about to return task information for 0 tasks 
2026-03-18 16:11:02 [debug] : MonacoEditorModel.cancelSync {"0":"user-storage:/user/settings.json"}
2026-03-18 16:11:02 [debug] : MonacoEditorModel.cancelSave {"0":"user-storage:/user/settings.json"}
2026-03-18 16:11:03 [debug] : MonacoEditorModel.fireDidChangeContent - enter - {
  "changes": [
    {
      "range": {
        "startLineNumber": 4,
        "startColumn": 29,
        "endLineNumber": 14,
        "endColumn": 6
      },
      "rangeLength": 310,
      "text": "{\r\n        \"**/.git/objects/**\": true,\r\n        \"**/.git/subtree-cache/**\": true,\r\n        \"**/_build/**\": true,\r\n        \"**/build/**\": true,\r\n        \"**/export/**\": true,\r\n        \"**/hls/impl/**\": true,\r\n        \"**/hls/syth/**\": true,\r\n        \"**/hls/syn/**\": true,\r\n        \"**/hls/csim/**\": true\r\n    }",
      "rangeOffset": 124,
      "forceMoveMarkers": false
    }
  ],
  "eol": "\r\n",
  "isEolChange": false,
  "versionId": 2,
  "isUndoing": false,
  "isRedoing": false,
  "isFlush": false
} {"0":"user-storage:/user/settings.json"}
2026-03-18 16:11:03 [debug] : MonacoEditorModel.markAsDirty - enter {"0":"user-storage:/user/settings.json"}
2026-03-18 16:11:03 [debug] : MonacoEditorModel.cancelSync {"0":"user-storage:/user/settings.json"}
2026-03-18 16:11:03 [debug] : MonacoEditorModel.markAsDirty - exit {"0":"user-storage:/user/settings.json"}
2026-03-18 16:11:03 [debug] : MonacoEditorModel.fireDidChangeContent - exit {"0":"user-storage:/user/settings.json"}
2026-03-18 16:11:03 [debug] : MonacoEditorModel.cancelSave {"0":"user-storage:/user/settings.json"}
2026-03-18 16:11:03 [debug] : MonacoEditorModel.cancelSave {"0":"user-storage:/user/settings.json"}
2026-03-18 16:11:03 [debug] : Replace loading indicator with ready workbench UI (animation): 861.4 ms [Finished 14.378 s after frontend start] 
2026-03-18 16:11:03 [debug] : Changed application state from 'initialized_layout' to 'ready'. 
2026-03-18 16:11:03 [debug] : Frontend application start: 11731.4 ms [Finished 51.047 s after backend start] 
2026-03-18 16:11:03 [debug] : [hosted-plugin: 22076] PLUGIN_HOST(22076): PluginManagerExtImpl/init() 
2026-03-18 16:11:03 [debug] : [hosted-plugin: 22076] PLUGIN_HOST(22076): initializing(serial-monitor@1.0.2 with C:\Xilinx\2025.1\Vitis\ide\electron-app\win64\resources\app\lib\backend\plugin-vscode-init) 
2026-03-18 16:11:03 [debug] : [hosted-plugin: 22076] PLUGIN_HOST(22076): initializing(json-language-features@1.88.1 with C:\Xilinx\2025.1\Vitis\ide\electron-app\win64\resources\app\lib\backend\plugin-vscode-init) 
2026-03-18 16:11:03 [debug] : [hosted-plugin: 22076] PLUGIN_HOST(22076): initializing(material-icon-theme@5.15.0 with C:\Xilinx\2025.1\Vitis\ide\electron-app\win64\resources\app\lib\backend\plugin-vscode-init) 
2026-03-18 16:11:03 [debug] : [hosted-plugin: 22076] PLUGIN_HOST(22076): initializing(git-base@1.95.3 with C:\Xilinx\2025.1\Vitis\ide\electron-app\win64\resources\app\lib\backend\plugin-vscode-init) 
2026-03-18 16:11:03 [debug] : [hosted-plugin: 22076] PLUGIN_HOST(22076): initializing(gitlens@11.7.0 with C:\Xilinx\2025.1\Vitis\ide\electron-app\win64\resources\app\lib\backend\plugin-vscode-init) 
2026-03-18 16:11:03 [debug] : [hosted-plugin: 22076] PLUGIN_HOST(22076): initializing(tcf-debug@0.0.1 with C:\Xilinx\2025.1\Vitis\ide\electron-app\win64\resources\app\lib\backend\plugin-vscode-init) 
2026-03-18 16:11:03 [debug] : [hosted-plugin: 22076] Debugger contribution has been registered: tcf-debug 
2026-03-18 16:11:03 [debug] : [hosted-plugin: 22076] PLUGIN_HOST(22076): initializing(cmake@0.0.17 with C:\Xilinx\2025.1\Vitis\ide\electron-app\win64\resources\app\lib\backend\plugin-vscode-init) 
2026-03-18 16:11:03 [debug] : [hosted-plugin: 22076] PLUGIN_HOST(22076): initializing(vitis-config@0.0.1 with C:\Xilinx\2025.1\Vitis\ide\electron-app\win64\resources\app\lib\backend\plugin-vscode-init) 
2026-03-18 16:11:03 [debug] : [hosted-plugin: 22076] PLUGIN_HOST(22076): initializing(vitis-hls-l1-library@0.0.1 with C:\Xilinx\2025.1\Vitis\ide\electron-app\win64\resources\app\lib\backend\plugin-vscode-init)
PLUGIN_HOST(22076): initializing(vitis-hls-pragma@0.6.0 with C:\Xilinx\2025.1\Vitis\ide\electron-app\win64\resources\app\lib\backend\plugin-vscode-init)
PLUGIN_HOST(22076): initializing(vitis-hls-verilog-vhdl-support@0.0.1 with C:\Xilinx\2025.1\Vitis\ide\electron-app\win64\resources\app\lib\backend\plugin-vscode-init) 
2026-03-18 16:11:03 [debug] : [hosted-plugin: 22076] PLUGIN_HOST(22076): initializing(vitis-output@0.0.1 with C:\Xilinx\2025.1\Vitis\ide\electron-app\win64\resources\app\lib\backend\plugin-vscode-init)
PLUGIN_HOST(22076): initializing(cpp@1.88.1 with C:\Xilinx\2025.1\Vitis\ide\electron-app\win64\resources\app\lib\backend\plugin-vscode-init)
PLUGIN_HOST(22076): initializing(json@1.88.1 with C:\Xilinx\2025.1\Vitis\ide\electron-app\win64\resources\app\lib\backend\plugin-vscode-init)
PLUGIN_HOST(22076): initializing(vscode-clangd@0.1.33 with C:\Xilinx\2025.1\Vitis\ide\electron-app\win64\resources\app\lib\backend\plugin-vscode-init)
PLUGIN_HOST(22076): initializing(debug@0.27.0 with C:\Xilinx\2025.1\Vitis\ide\electron-app\win64\resources\app\lib\backend\plugin-vscode-init)
Debugger contribution has been registered: gdb
Debugger contribution has been registered: lldb-mi
Debugger contribution has been registered: mago-mi
PLUGIN_HOST(22076): initializing(git@1.95.3 with C:\Xilinx\2025.1\Vitis\ide\electron-app\win64\resources\app\lib\backend\plugin-vscode-init)
PLUGIN_HOST(22076): initializing(make@1.88.1 with C:\Xilinx\2025.1\Vitis\ide\electron-app\win64\resources\app\lib\backend\plugin-vscode-init) 
2026-03-18 16:11:03 [debug] : [hosted-plugin: 22076] Unsupported activation events: oncommand:gitlens.copyCurrentBranch, please open an issue: https://github.com/eclipse-theia/theia/issues/new
Unsupported activation events: onEditSession:file, please open an issue: https://github.com/eclipse-theia/theia/issues/new 
2026-03-18 16:11:03 [debug] : [hosted-plugin: 22076] PLUGIN_HOST(22076): PluginManagerExtImpl/loadPlugin(C:\Xilinx\2025.1\Vitis\ide\electron-app\win64\resources\app\plugins\vscode-builtin-json-language-features\extension\client\dist\node\jsonClientMain) 
2026-03-18 16:11:03 [debug] : [hosted-plugin: 22076] PLUGIN_HOST(22076): PluginManagerExtImpl/loadPlugin(C:\Xilinx\2025.1\Vitis\ide\electron-app\win64\resources\app\plugins\vscode.git-base\extension\dist\extension.js)
calling activation function on Git Base (built-in)
PLUGIN_HOST(22076): PluginManagerExtImpl/loadPlugin(C:\Xilinx\2025.1\Vitis\ide\electron-app\win64\resources\app\plugins\vscode.git\extension\dist\main) 
2026-03-18 16:11:04 [debug] : MonacoEditorModel.cancelSync {"0":"user-storage:/user/settings.json"}
2026-03-18 16:11:04 [debug] : MonacoEditorModel.cancelSave {"0":"user-storage:/user/settings.json"}
2026-03-18 16:11:04 [debug] : [hosted-plugin: 22076] calling activation function on Git (built-in) 
2026-03-18 16:11:04 [debug] : [2851e98c-c339-4a4a-afd0-77d454dbbe95] Starting plugins. 
2026-03-18 16:11:04 [debug] : [2851e98c-c339-4a4a-afd0-77d454dbbe95][eclipse-cdt.serial-monitor]: Started plugin. 
2026-03-18 16:11:04 [debug] : [2851e98c-c339-4a4a-afd0-77d454dbbe95][vscode.json-language-features]: Started plugin. 
2026-03-18 16:11:04 [debug] : [2851e98c-c339-4a4a-afd0-77d454dbbe95][pkief.material-icon-theme]: Started plugin. 
2026-03-18 16:11:04 [debug] : [2851e98c-c339-4a4a-afd0-77d454dbbe95][vscode.git-base]: Started plugin. 
2026-03-18 16:11:04 [debug] : [2851e98c-c339-4a4a-afd0-77d454dbbe95][eamodio.gitlens]: Started plugin. 
2026-03-18 16:11:04 [debug] : [2851e98c-c339-4a4a-afd0-77d454dbbe95][amd.tcf-debug]: Started plugin. 
2026-03-18 16:11:04 [debug] : [2851e98c-c339-4a4a-afd0-77d454dbbe95][twxs.cmake]: Started plugin. 
2026-03-18 16:11:04 [debug] : [2851e98c-c339-4a4a-afd0-77d454dbbe95][amd.vitis-config]: Started plugin. 
2026-03-18 16:11:04 [debug] : [2851e98c-c339-4a4a-afd0-77d454dbbe95][amd.vitis-hls-l1-library]: Started plugin. 
2026-03-18 16:11:04 [debug] : [2851e98c-c339-4a4a-afd0-77d454dbbe95][amd.vitis-hls-pragma]: Started plugin. 
2026-03-18 16:11:04 [debug] : [2851e98c-c339-4a4a-afd0-77d454dbbe95][amd.vitis-hls-verilog-vhdl-support]: Started plugin. 
2026-03-18 16:11:04 [debug] : [2851e98c-c339-4a4a-afd0-77d454dbbe95][amd.vitis-output]: Started plugin. 
2026-03-18 16:11:04 [debug] : [2851e98c-c339-4a4a-afd0-77d454dbbe95][vscode.cpp]: Started plugin. 
2026-03-18 16:11:04 [debug] : [2851e98c-c339-4a4a-afd0-77d454dbbe95][vscode.json]: Started plugin. 
2026-03-18 16:11:04 [debug] : [2851e98c-c339-4a4a-afd0-77d454dbbe95][llvm-vs-code-extensions.vscode-clangd]: Started plugin. 
2026-03-18 16:11:04 [debug] : [2851e98c-c339-4a4a-afd0-77d454dbbe95][webfreak.debug]: Started plugin. 
2026-03-18 16:11:04 [debug] : [2851e98c-c339-4a4a-afd0-77d454dbbe95][vscode.git]: Started plugin. 
2026-03-18 16:11:04 [debug] : [2851e98c-c339-4a4a-afd0-77d454dbbe95][vscode.make]: Started plugin. 
2026-03-18 16:11:04 [debug] : [hosted-plugin: 22076] PLUGIN_HOST(22076): PluginManagerExtImpl/loadPlugin(C:\Xilinx\2025.1\Vitis\ide\electron-app\win64\resources\app\plugins\eamodio-gitlens\extension\dist\gitlens) 
2026-03-18 16:11:05 [debug] : [hosted-plugin: 22076] PLUGIN_HOST(22076): PluginManagerExtImpl/loadPlugin(C:\Xilinx\2025.1\Vitis\ide\electron-app\win64\resources\app\plugins\vscode-material-icon-theme\extension\dist\extension\desktop\extension.cjs) 
2026-03-18 16:11:05 [debug] : [hosted-plugin: 22076] PLUGIN_HOST(22076): PluginManagerExtImpl/loadPlugin(C:\Xilinx\2025.1\Vitis\ide\electron-app\win64\resources\app\plugins\eclipse-cdt.serial-monitor\extension\dist\desktop\extension.js) 
2026-03-18 16:11:05 [debug] : [hosted-plugin: 22076] calling activation function on Web and Desktop Serial Monitor 
2026-03-18 16:11:05 [debug] : [hosted-plugin: 22076] [INFO] 2026-03-18T08:11:05.281Z - Translations initialized. 
2026-03-18 16:11:05 [debug] : [hosted-plugin: 22076] [INFO] 2026-03-18T08:11:05.292Z - Extension activated! 
2026-03-18 16:11:05 [debug] : [hosted-plugin: 22076] calling activation function on Material Icon Theme 
2026-03-18 16:11:05 [debug] : [hosted-plugin: 22076] calling activation function on JSON Language Features (built-in) 
2026-03-18 16:11:05 [debug] : [Platform Server] Executing method:[getPartFromXSA] with connection:(object). {"0":"request:","1":{"wrappers_":null,"arrayIndexOffset_":-1,"array":["C:\\Users\\dkhar\\OneDrive\\Documents\\GitHub\\ee4218\\platform"],"pivot_":1.7976931348623157e+308,"convertedPrimitiveFields_":{}}}
2026-03-18 16:11:05 [debug] : [hosted-plugin: 22076] calling activation function on GitLens — Git supercharged 
2026-03-18 16:11:05 [debug] : [2851e98c-c339-4a4a-afd0-77d454dbbe95] Start of 18 plugins: 4037.6 ms [Finished 16.917 s after frontend start] 
2026-03-18 16:11:06 [debug] : [ProjectCache] fetching projects for project-cache 
2026-03-18 16:11:06 [debug] : [ProjectDecorator] tree decoration updated 
2026-03-18 16:11:06 [debug] : [ProjectCache] fetching projects for project-cache 
2026-03-18 16:11:06 [debug] : [ProjectDecorator] tree decoration updated 
2026-03-18 16:11:08 [debug] : [Platform Server] Executing method:[getPartFromXSA] with connection:(object). {"0":"request:","1":{"wrappers_":null,"arrayIndexOffset_":-1,"array":["C:\\Users\\dkhar\\OneDrive\\Documents\\GitHub\\ee4218\\platform"],"pivot_":1.7976931348623157e+308,"convertedPrimitiveFields_":{}}}
2026-03-18 16:11:08 [debug] : [ProjectCache] fetching projects for project-cache 
2026-03-18 16:11:08 [debug] : [ProjectDecorator] tree decoration updated 
2026-03-18 16:11:09 [debug] : [Platform Server] Executing method:[getPartFromXSA] with connection:(object). {"0":"request:","1":{"wrappers_":null,"arrayIndexOffset_":-1,"array":["C:\\Users\\dkhar\\OneDrive\\Documents\\GitHub\\ee4218\\platform"],"pivot_":1.7976931348623157e+308,"convertedPrimitiveFields_":{}}}
2026-03-18 16:11:10 [debug] : [ProjectDecorator] tree decoration updated 
2026-03-18 16:11:10 [debug] : [ProjectCache] Project location updated to C:\Users\dkhar\OneDrive\Documents\GitHub\ee4218\lab_2 
2026-03-18 16:11:11 [debug] : [Platform Server] Executing method:[getPartFromXSA] with connection:(object). {"0":"request:","1":{"wrappers_":null,"arrayIndexOffset_":-1,"array":["C:\\Users\\dkhar\\OneDrive\\Documents\\GitHub\\ee4218\\platform"],"pivot_":1.7976931348623157e+308,"convertedPrimitiveFields_":{}}}
2026-03-18 16:11:18 [debug] : [Component Provider] updating project C:\Users\dkhar\OneDrive\Documents\GitHub\ee4218\lab_2 
2026-03-18 16:11:18 [debug] : [Component Provider] project updated C:\Users\dkhar\OneDrive\Documents\GitHub\ee4218\lab_2 
2026-03-18 16:11:18 [debug] : [Repository Server] Executing method:getHwPlatform with connection:(object). {"0":"request:","1":{"platformPath":"C:\\Users\\dkhar\\OneDrive\\Documents\\GitHub\\ee4218\\platform\\export\\platform\\platform.xpfm"}}
2026-03-18 16:11:19 [debug] : [Repository Server] Executing method:getSwPlatform with connection:(object). {"0":"request:","1":{"platformPath":"C:\\Users\\dkhar\\OneDrive\\Documents\\GitHub\\ee4218\\platform\\export\\platform\\platform.xpfm"}}
2026-03-18 16:11:19 [debug] : [Repository Server] Executing method:getHwPlatformImg with connection:(object). {"0":"request:","1":"C:/Users/dkhar/OneDrive/Documents/GitHub/ee4218/platform/export/platform/hw/lab2.xsa"}
2026-03-18 16:11:48 [debug] : Starting terminal process {"0":"{\n  \"command\": \"cmd.exe\",\n  \"args\": [],\n  \"options\": {\n    \"name\": \"xterm-256color\",\n    \"cols\": 80,\n    \"rows\": 24,\n    \"cwd\": \"c:\\\\Users\\\\dkhar\\\\OneDrive\\\\Documents\\\\GitHub\\\\ee4218\\\\lab_2\",\n    \"env\": {\n      \"COLORTERM\": \"truecolor\",\n      \"ALLUSERSPROFILE\": \"C:\\\\ProgramData\",\n      \"APPDATA\": \"C:\\\\Users\\\\dkhar\\\\AppData\\\\Roaming\",\n      \"ARR.LENGTH\": \"0\",\n      \"ARR.UBOUND\": \"-1\",\n      \"CMAKE_OBJECT_PATH_MAX\": \"4096\",\n      \"COMMONPROGRAMFILES\": \"C:\\\\Program Files\\\\Common Files\",\n      \"COMMONPROGRAMFILES(X86)\": \"C:\\\\Program Files (x86)\\\\Common Files\",\n      \"COMMONPROGRAMW6432\": \"C:\\\\Program Files\\\\Common Files\",\n      \"COMPUTERNAME\": \"DESKTOP-FV88VMA\",\n      \"COMSPEC\": \"C:\\\\WINDOWS\\\\system32\\\\cmd.exe\",\n      \"DRIVERDATA\": \"C:\\\\Windows\\\\System32\\\\Drivers\\\\DriverData\",\n      \"HDI_APPROOT\": \"C:/Xilinx/2025.1/Vitis\",\n      \"HOMEDRIVE\": \"C:\",\n      \"HOMEPATH\": \"\\\\Users\\\\dkhar\",\n      \"HW_SERVER_DJTG_DISABLE\": \"1\",\n      \"HW_SERVER_FTDIMGR_DISABLE\": \"1\",\n      \"IDE_SKIP_SERVER_LICENSE\": \"1\",\n      \"INT_VARIABLE_NAME\": \"XILINX_PATH\",\n      \"JAVA_HOME\": \"C:/Xilinx/2025.1/Vivado\\\\tps\\\\win64\\\\jre11.0.16_1\",\n      \"LC_NUMERIC\": \"C\",\n      \"LOCALAPPDATA\": \"C:\\\\Users\\\\dkhar\\\\AppData\\\\Local\",\n      \"LOGONSERVER\": \"\\\\\\\\DESKTOP-FV88VMA\",\n      \"NOSPLASH\": \"false\",\n      \"NUMBER_OF_PROCESSORS\": \"8\",\n      \"ONEDRIVE\": \"C:\\\\Users\\\\dkhar\\\\OneDrive\",\n      \"ORIGINAL_XDG_CURRENT_DESKTOP\": \"undefined\",\n      \"OS\": \"Windows_NT\",\n      \"PATH\": \"C:/Xilinx/2025.1/Vitis\\\\bin;C:/Xilinx/2025.1/Vitis\\\\gnu\\\\microblaze\\\\nt\\\\bin;C:/Xilinx/2025.1/Vitis\\\\gnu\\\\arm\\\\nt\\\\bin;C:/Xilinx/2025.1/Vitis\\\\gnu\\\\microblaze\\\\linux_toolchain\\\\nt64_be\\\\bin;C:/Xilinx/2025.1/Vitis\\\\gnu\\\\microblaze\\\\linux_toolchain\\\\nt64_le\\\\bin;C:/Xilinx/2025.1/Vitis\\\\gnu\\\\aarch32\\\\nt\\\\gcc-arm-linux-gnueabi\\\\bin;C:/Xilinx/2025.1/Vitis\\\\gnu\\\\aarch32\\\\nt\\\\gcc-arm-none-eabi\\\\bin;C:/Xilinx/2025.1/Vitis\\\\gnu\\\\aarch64\\\\nt\\\\aarch64-linux\\\\bin;C:/Xilinx/2025.1/Vitis\\\\gnu\\\\aarch64\\\\nt\\\\aarch64-none\\\\bin;C:/Xilinx/2025.1/Vitis\\\\gnu\\\\armr5\\\\nt\\\\gcc-arm-none-eabi\\\\bin;C:/Xilinx/2025.1/Vitis\\\\gnu\\\\riscv\\\\nt\\\\riscv64-unknown-elf\\\\bin;C:/Xilinx/2025.1/Vivado\\\\tps\\\\win64\\\\python-3.13.0;C:/Xilinx/2025.1/Vivado\\\\tps\\\\win64\\\\git-2.46.0\\\\bin;C:/Xilinx/2025.1/Vivado\\\\tps\\\\win64\\\\cmake-3.24.2\\\\bin;C:/Xilinx/2025.1/Vitis/win64/tools/vcxx\\\\libexec;C:/Xilinx/2025.1/Vivado\\\\tps\\\\win64\\\\jre11.0.16_1\\\\bin;C:/Xilinx/2025.1/Vitis/lib/win64.o;C:/Xilinx/2025.1/Vivado\\\\tps\\\\win64\\\\libxslt/bin;C:/Xilinx/2025.1/Vitis/bin;C:\\\\WINDOWS\\\\system32;C:\\\\WINDOWS;C:\\\\WINDOWS\\\\System32\\\\Wbem;C:\\\\WINDOWS\\\\System32\\\\WindowsPowerShell\\\\v1.0\\\\;C:\\\\WINDOWS\\\\System32\\\\OpenSSH\\\\;C:\\\\Program Files\\\\Git\\\\cmd;C:\\\\Users\\\\dkhar\\\\AppData\\\\Local\\\\Microsoft\\\\WindowsApps;C:\\\\Users\\\\dkhar\\\\AppData\\\\Local\\\\Programs\\\\Microsoft VS Code\\\\bin;C:\\\\Users\\\\dkhar\\\\AppData\\\\Local\\\\GitHubDesktop\\\\bin\",\n      \"PATHEXT\": \".COM;.EXE;.BAT;.CMD;.VBS;.VBE;.JS;.JSE;.WSF;.WSH;.MSC\",\n      \"PROCESSOR_ARCHITECTURE\": \"AMD64\",\n      \"PROCESSOR_IDENTIFIER\": \"Intel64 Family 6 Model 142 Stepping 11, GenuineIntel\",\n      \"PROCESSOR_LEVEL\": \"6\",\n      \"PROCESSOR_REVISION\": \"8e0b\",\n      \"PROGRAMDATA\": \"C:\\\\ProgramData\",\n      \"PROGRAMFILES\": \"C:\\\\Program Files\",\n      \"PROGRAMFILES(X86)\": \"C:\\\\Program Files (x86)\",\n      \"PROGRAMW6432\": \"C:\\\\Program Files\",\n      \"PROMPT\": \"$P$G\",\n      \"PSMODULEPATH\": \"C:\\\\Program Files\\\\WindowsPowerShell\\\\Modules;C:\\\\WINDOWS\\\\system32\\\\WindowsPowerShell\\\\v1.0\\\\Modules\",\n      \"PUBLIC\": \"C:\\\\Users\\\\Public\",\n      \"PYTHONPATH\": \"C:/Xilinx/2025.1/Vitis\\\\cli;C:/Xilinx/2025.1/Vitis\\\\cli\\\\python-packages\\\\win64;C:/Xilinx/2025.1/Vitis\\\\cli\\\\python-packages\\\\site-packages;C:/Xilinx/2025.1/Vitis\\\\cli\\\\proto;C:/Xilinx/2025.1/Vitis\\\\scripts\\\\python_pkg;\",\n      \"RDI_APPROOT\": \"C:/Xilinx/2025.1/Vitis\",\n      \"RDI_BASEROOT\": \"C:/Xilinx/2025.1\",\n      \"RDI_BINROOT\": \"C:/Xilinx/2025.1/Vitis/bin\",\n      \"RDI_CHECK_PROG\": \"True\",\n      \"RDI_DATADIR\": \"C:/Xilinx/2025.1/Vitis/data\",\n      \"RDI_INSTALLROOT\": \"C:/Xilinx\",\n      \"RDI_INSTALLVER\": \"Vitis\",\n      \"RDI_INSTALLVERSION\": \"2025.1\",\n      \"RDI_NO_JRE\": \"1\",\n      \"RDI_OPT_EXT\": \".o\",\n      \"RDI_OS_ARCH\": \"64\",\n      \"RDI_PROG\": \"buildinfo.exe\",\n      \"RDI_SESSION_INFO\": \"C:\\\\Xilinx\\\\2025.1\\\\Vitis\\\\bin:DESKTOP-FV88VMA-Wed18-03-2026_16-10-10.25\",\n      \"RDI_SHARED_DATA\": \"C:/Xilinx/SharedData/Vitis/data\",\n      \"RDI_TEMPINSTALL\": \"C:\\\\Xilinx\\\\2025.1\",\n      \"RDI_USE_JDK11\": \"1\",\n      \"SESSIONNAME\": \"Console\",\n      \"SESSION_STRING\": \"C:\\\\Xilinx\\\\2025.1\\\\Vitis\\\\bin:DESKTOP-FV88VMA-Wed18-03-2026_16-10-11.10\",\n      \"SUPPORTS_CLASSIC_IDE\": \"true\",\n      \"SYSTEMDRIVE\": \"C:\",\n      \"SYSTEMROOT\": \"C:\\\\WINDOWS\",\n      \"TEMP\": \"C:\\\\Users\\\\dkhar\\\\AppData\\\\Local\\\\Temp\",\n      \"THEIA_APP_PROJECT_PATH\": \"C:\\\\Xilinx\\\\2025.1\\\\Vitis\\\\ide\\\\electron-app\\\\win64\\\\resources\\\\app\",\n      \"THEIA_CONFIG_DIR\": \"C:\\\\Users\\\\dkhar\\\\.theia\",\n      \"THEIA_DEFAULT_PLUGINS\": \"local-dir:C:\\\\Xilinx\\\\2025.1\\\\Vitis\\\\ide\\\\electron-app\\\\win64\\\\resources\\\\app\\\\plugins\",\n      \"THEIA_ELECTRON_TOKEN\": \"{\\\"value\\\":\\\"e6020680-bba7-4daa-89e6-2ba278ab3311\\\"}\",\n      \"THEIA_ELECTRON_VERSION\": \"30.1.2\",\n      \"THEIA_PLUGINS\": \"local-dir:C:\\\\Users\\\\dkhar\\\\.theia\\\\plugins\",\n      \"TMP\": \"C:\\\\Users\\\\dkhar\\\\AppData\\\\Local\\\\Temp\",\n      \"TOOLDIR\": \"tps\\\\win64\\\\git-2.46.0\",\n      \"TOOLS_CLANGD\": \"C:/Xilinx/2025.1/Vitis/win64/tools/vcxx\\\\libexec\",\n      \"TPS_CMAKE\": \"C:/Xilinx/2025.1/Vivado\\\\tps\\\\win64\\\\cmake-3.24.2\",\n      \"TPS_GIT\": \"C:/Xilinx/2025.1/Vivado\\\\tps\\\\win64\\\\git-2.46.0\",\n      \"TPS_LIBXSLT\": \"C:/Xilinx/2025.1/Vivado\\\\tps\\\\win64\\\\libxslt\",\n      \"TPS_PYTHON\": \"C:/Xilinx/2025.1/Vivado\\\\tps\\\\win64\\\\python-3.13.0\",\n      \"USERDOMAIN\": \"DESKTOP-FV88VMA\",\n      \"USERDOMAIN_ROAMINGPROFILE\": \"DESKTOP-FV88VMA\",\n      \"USERNAME\": \"dkhar\",\n      \"USERPROFILE\": \"C:\\\\Users\\\\dkhar\",\n      \"VALIDATE_ARGS\": \"\\\"False\\\"\",\n      \"VITISNEW\": \"true\",\n      \"VSCODE_API_VERSION\": \"1.95.3\",\n      \"WINDIR\": \"C:\\\\WINDOWS\",\n      \"XILINX_HLS\": \"C:/Xilinx/2025.1/Vitis\",\n      \"XILINX_VCXX\": \"C:/Xilinx/2025.1/Vitis/win64/tools/vcxx\",\n      \"XILINX_VERSION_DEFAULT\": \"2025.1\",\n      \"XILINX_VERSION_VITIS\": \"2025.1\",\n      \"XILINX_VITIS\": \"C:/Xilinx/2025.1/Vitis\",\n      \"XILINX_VITIS_GIT\": \"C:/Xilinx/2025.1/Vivado\\\\tps\\\\win64\\\\git-2.46.0\\\\bin\",\n      \"XILINX_VITIS_VERSION\": \"Vitis v2025.1 (64-bit)\",\n      \"XILINX_VIVADO\": \"C:/Xilinx/2025.1/Vivado\",\n      \"XIL_NO_OVERRIDE\": \"0\",\n      \"XIL_SUPPRESS_OVERRIDE_WARNINGS\": \"1\",\n      \"ZES_ENABLE_SYSMAN\": \"1\",\n      \"_RDI_DONT_SET_XILINX_AS_PATH\": \"True\",\n      \"_RDI_SETENV_RUN\": \"true\",\n      \"GIT_ASKPASS\": \"C:\\\\Xilinx\\\\2025.1\\\\Vitis\\\\ide\\\\electron-app\\\\win64\\\\resources\\\\app\\\\plugins\\\\vscode.git\\\\extension\\\\dist\\\\askpass.sh\",\n      \"VSCODE_GIT_ASKPASS_NODE\": \"C:\\\\Xilinx\\\\2025.1\\\\Vitis\\\\ide\\\\electron-app\\\\win64\\\\vitis-ide.exe\",\n      \"VSCODE_GIT_ASKPASS_MAIN\": \"C:\\\\Xilinx\\\\2025.1\\\\Vitis\\\\ide\\\\electron-app\\\\win64\\\\resources\\\\app\\\\plugins\\\\vscode.git\\\\extension\\\\dist\\\\askpass-main.js\",\n      \"VSCODE_GIT_IPC_HANDLE\": \"\\\\\\\\.\\\\pipe\\\\vscode-git-fe567a11bd-sock\"\n    }\n  }\n}"}
2026-03-18 16:11:58 [debug] : TypeError: i is not a function
    at Object.isVisible (file:///C:/Xilinx/2025.1/Vitis/ide/electron-app/win64/resources/app/lib/frontend/bundle.js:2:16712979)
    at d.getVisibleHandler (file:///C:/Xilinx/2025.1/Vitis/ide/electron-app/win64/resources/app/lib/frontend/bundle.js:2:2805339)
    at d.isVisible (file:///C:/Xilinx/2025.1/Vitis/ide/electron-app/win64/resources/app/lib/frontend/bundle.js:2:2804661)
    at file:///C:/Xilinx/2025.1/Vitis/ide/electron-app/win64/resources/app/lib/frontend/bundle.js:2:2480115
    at Array.filter (<anonymous>)
    at n.normalize (file:///C:/Xilinx/2025.1/Vitis/ide/electron-app/win64/resources/app/lib/frontend/bundle.js:2:2480074)
    at n.getCommands (file:///C:/Xilinx/2025.1/Vitis/ide/electron-app/win64/resources/app/lib/frontend/bundle.js:2:2480037)
    at n.reset (file:///C:/Xilinx/2025.1/Vitis/ide/electron-app/win64/resources/app/lib/frontend/bundle.js:2:2477995)
    at n.getPicks (file:///C:/Xilinx/2025.1/Vitis/ide/electron-app/win64/resources/app/lib/frontend/bundle.js:2:2478183)
    at u._getPicks (file:///C:/Xilinx/2025.1/Vitis/ide/electron-app/win64/resources/app/lib/frontend/bundle.js:2:7786634) 
2026-03-18 16:11:58 [debug] : TypeError: i is not a function
    at Object.isVisible (file:///C:/Xilinx/2025.1/Vitis/ide/electron-app/win64/resources/app/lib/frontend/bundle.js:2:16712979)
    at d.getVisibleHandler (file:///C:/Xilinx/2025.1/Vitis/ide/electron-app/win64/resources/app/lib/frontend/bundle.js:2:2805339)
    at d.isVisible (file:///C:/Xilinx/2025.1/Vitis/ide/electron-app/win64/resources/app/lib/frontend/bundle.js:2:2804661)
    at file:///C:/Xilinx/2025.1/Vitis/ide/electron-app/win64/resources/app/lib/frontend/bundle.js:2:2480115
    at Array.filter (<anonymous>)
    at n.normalize (file:///C:/Xilinx/2025.1/Vitis/ide/electron-app/win64/resources/app/lib/frontend/bundle.js:2:2480074)
    at n.getCommands (file:///C:/Xilinx/2025.1/Vitis/ide/electron-app/win64/resources/app/lib/frontend/bundle.js:2:2480037)
    at n.reset (file:///C:/Xilinx/2025.1/Vitis/ide/electron-app/win64/resources/app/lib/frontend/bundle.js:2:2477995)
    at n.getPicks (file:///C:/Xilinx/2025.1/Vitis/ide/electron-app/win64/resources/app/lib/frontend/bundle.js:2:2478183)
    at u._getPicks (file:///C:/Xilinx/2025.1/Vitis/ide/electron-app/win64/resources/app/lib/frontend/bundle.js:2:7786634) 
2026-03-18 16:11:58 [debug] : TypeError: i is not a function
    at Object.isVisible (file:///C:/Xilinx/2025.1/Vitis/ide/electron-app/win64/resources/app/lib/frontend/bundle.js:2:16712979)
    at d.getVisibleHandler (file:///C:/Xilinx/2025.1/Vitis/ide/electron-app/win64/resources/app/lib/frontend/bundle.js:2:2805339)
    at d.isVisible (file:///C:/Xilinx/2025.1/Vitis/ide/electron-app/win64/resources/app/lib/frontend/bundle.js:2:2804661)
    at file:///C:/Xilinx/2025.1/Vitis/ide/electron-app/win64/resources/app/lib/frontend/bundle.js:2:2480115
    at Array.filter (<anonymous>)
    at n.normalize (file:///C:/Xilinx/2025.1/Vitis/ide/electron-app/win64/resources/app/lib/frontend/bundle.js:2:2480074)
    at n.getCommands (file:///C:/Xilinx/2025.1/Vitis/ide/electron-app/win64/resources/app/lib/frontend/bundle.js:2:2480037)
    at n.reset (file:///C:/Xilinx/2025.1/Vitis/ide/electron-app/win64/resources/app/lib/frontend/bundle.js:2:2477995)
    at n.getPicks (file:///C:/Xilinx/2025.1/Vitis/ide/electron-app/win64/resources/app/lib/frontend/bundle.js:2:2478183)
    at u._getPicks (file:///C:/Xilinx/2025.1/Vitis/ide/electron-app/win64/resources/app/lib/frontend/bundle.js:2:7786634) 
2026-03-18 16:11:58 [debug] : TypeError: i is not a function
    at Object.isVisible (file:///C:/Xilinx/2025.1/Vitis/ide/electron-app/win64/resources/app/lib/frontend/bundle.js:2:16712979)
    at d.getVisibleHandler (file:///C:/Xilinx/2025.1/Vitis/ide/electron-app/win64/resources/app/lib/frontend/bundle.js:2:2805339)
    at d.isVisible (file:///C:/Xilinx/2025.1/Vitis/ide/electron-app/win64/resources/app/lib/frontend/bundle.js:2:2804661)
    at file:///C:/Xilinx/2025.1/Vitis/ide/electron-app/win64/resources/app/lib/frontend/bundle.js:2:2480115
    at Array.filter (<anonymous>)
    at n.normalize (file:///C:/Xilinx/2025.1/Vitis/ide/electron-app/win64/resources/app/lib/frontend/bundle.js:2:2480074)
    at n.getCommands (file:///C:/Xilinx/2025.1/Vitis/ide/electron-app/win64/resources/app/lib/frontend/bundle.js:2:2480037)
    at n.reset (file:///C:/Xilinx/2025.1/Vitis/ide/electron-app/win64/resources/app/lib/frontend/bundle.js:2:2477995)
    at n.getPicks (file:///C:/Xilinx/2025.1/Vitis/ide/electron-app/win64/resources/app/lib/frontend/bundle.js:2:2478183)
    at u._getPicks (file:///C:/Xilinx/2025.1/Vitis/ide/electron-app/win64/resources/app/lib/frontend/bundle.js:2:7786634) 
2026-03-18 16:11:58 [debug] : TypeError: i is not a function
    at Object.isVisible (file:///C:/Xilinx/2025.1/Vitis/ide/electron-app/win64/resources/app/lib/frontend/bundle.js:2:16712979)
    at d.getVisibleHandler (file:///C:/Xilinx/2025.1/Vitis/ide/electron-app/win64/resources/app/lib/frontend/bundle.js:2:2805339)
    at d.isVisible (file:///C:/Xilinx/2025.1/Vitis/ide/electron-app/win64/resources/app/lib/frontend/bundle.js:2:2804661)
    at file:///C:/Xilinx/2025.1/Vitis/ide/electron-app/win64/resources/app/lib/frontend/bundle.js:2:2480115
    at Array.filter (<anonymous>)
    at n.normalize (file:///C:/Xilinx/2025.1/Vitis/ide/electron-app/win64/resources/app/lib/frontend/bundle.js:2:2480074)
    at n.getCommands (file:///C:/Xilinx/2025.1/Vitis/ide/electron-app/win64/resources/app/lib/frontend/bundle.js:2:2480037)
    at n.reset (file:///C:/Xilinx/2025.1/Vitis/ide/electron-app/win64/resources/app/lib/frontend/bundle.js:2:2477995)
    at n.getPicks (file:///C:/Xilinx/2025.1/Vitis/ide/electron-app/win64/resources/app/lib/frontend/bundle.js:2:2478183)
    at u._getPicks (file:///C:/Xilinx/2025.1/Vitis/ide/electron-app/win64/resources/app/lib/frontend/bundle.js:2:7786634) 
2026-03-18 16:11:58 [debug] : TypeError: Cannot read properties of undefined (reading 'parent')
    at Object.isVisible (file:///C:/Xilinx/2025.1/Vitis/ide/electron-app/win64/resources/app/lib/frontend/bundle.js:2:21835645)
    at d.getVisibleHandler (file:///C:/Xilinx/2025.1/Vitis/ide/electron-app/win64/resources/app/lib/frontend/bundle.js:2:2805339)
    at d.isVisible (file:///C:/Xilinx/2025.1/Vitis/ide/electron-app/win64/resources/app/lib/frontend/bundle.js:2:2804661)
    at file:///C:/Xilinx/2025.1/Vitis/ide/electron-app/win64/resources/app/lib/frontend/bundle.js:2:2480115
    at Array.filter (<anonymous>)
    at n.normalize (file:///C:/Xilinx/2025.1/Vitis/ide/electron-app/win64/resources/app/lib/frontend/bundle.js:2:2480074)
    at n.getCommands (file:///C:/Xilinx/2025.1/Vitis/ide/electron-app/win64/resources/app/lib/frontend/bundle.js:2:2480037)
    at n.reset (file:///C:/Xilinx/2025.1/Vitis/ide/electron-app/win64/resources/app/lib/frontend/bundle.js:2:2477995)
    at n.getPicks (file:///C:/Xilinx/2025.1/Vitis/ide/electron-app/win64/resources/app/lib/frontend/bundle.js:2:2478183)
    at u._getPicks (file:///C:/Xilinx/2025.1/Vitis/ide/electron-app/win64/resources/app/lib/frontend/bundle.js:2:7786634) 
2026-03-18 16:11:58 [debug] : TypeError: Cannot read properties of undefined (reading 'parent')
    at Object.isVisible (file:///C:/Xilinx/2025.1/Vitis/ide/electron-app/win64/resources/app/lib/frontend/bundle.js:2:21836337)
    at d.getVisibleHandler (file:///C:/Xilinx/2025.1/Vitis/ide/electron-app/win64/resources/app/lib/frontend/bundle.js:2:2805339)
    at d.isVisible (file:///C:/Xilinx/2025.1/Vitis/ide/electron-app/win64/resources/app/lib/frontend/bundle.js:2:2804661)
    at file:///C:/Xilinx/2025.1/Vitis/ide/electron-app/win64/resources/app/lib/frontend/bundle.js:2:2480115
    at Array.filter (<anonymous>)
    at n.normalize (file:///C:/Xilinx/2025.1/Vitis/ide/electron-app/win64/resources/app/lib/frontend/bundle.js:2:2480074)
    at n.getCommands (file:///C:/Xilinx/2025.1/Vitis/ide/electron-app/win64/resources/app/lib/frontend/bundle.js:2:2480037)
    at n.reset (file:///C:/Xilinx/2025.1/Vitis/ide/electron-app/win64/resources/app/lib/frontend/bundle.js:2:2477995)
    at n.getPicks (file:///C:/Xilinx/2025.1/Vitis/ide/electron-app/win64/resources/app/lib/frontend/bundle.js:2:2478183)
    at u._getPicks (file:///C:/Xilinx/2025.1/Vitis/ide/electron-app/win64/resources/app/lib/frontend/bundle.js:2:7786634) 
2026-03-18 16:11:58 [debug] : TypeError: Cannot read properties of undefined (reading 'parent')
    at Object.isVisible (file:///C:/Xilinx/2025.1/Vitis/ide/electron-app/win64/resources/app/lib/frontend/bundle.js:2:21836705)
    at d.getVisibleHandler (file:///C:/Xilinx/2025.1/Vitis/ide/electron-app/win64/resources/app/lib/frontend/bundle.js:2:2805339)
    at d.isVisible (file:///C:/Xilinx/2025.1/Vitis/ide/electron-app/win64/resources/app/lib/frontend/bundle.js:2:2804661)
    at file:///C:/Xilinx/2025.1/Vitis/ide/electron-app/win64/resources/app/lib/frontend/bundle.js:2:2480115
    at Array.filter (<anonymous>)
    at n.normalize (file:///C:/Xilinx/2025.1/Vitis/ide/electron-app/win64/resources/app/lib/frontend/bundle.js:2:2480074)
    at n.getCommands (file:///C:/Xilinx/2025.1/Vitis/ide/electron-app/win64/resources/app/lib/frontend/bundle.js:2:2480037)
    at n.reset (file:///C:/Xilinx/2025.1/Vitis/ide/electron-app/win64/resources/app/lib/frontend/bundle.js:2:2477995)
    at n.getPicks (file:///C:/Xilinx/2025.1/Vitis/ide/electron-app/win64/resources/app/lib/frontend/bundle.js:2:2478183)
    at u._getPicks (file:///C:/Xilinx/2025.1/Vitis/ide/electron-app/win64/resources/app/lib/frontend/bundle.js:2:7786634) 
2026-03-18 16:11:58 [debug] : TypeError: Cannot read properties of undefined (reading 'parent')
    at Object.isVisible (file:///C:/Xilinx/2025.1/Vitis/ide/electron-app/win64/resources/app/lib/frontend/bundle.js:2:21838622)
    at d.getVisibleHandler (file:///C:/Xilinx/2025.1/Vitis/ide/electron-app/win64/resources/app/lib/frontend/bundle.js:2:2805339)
    at d.isVisible (file:///C:/Xilinx/2025.1/Vitis/ide/electron-app/win64/resources/app/lib/frontend/bundle.js:2:2804661)
    at file:///C:/Xilinx/2025.1/Vitis/ide/electron-app/win64/resources/app/lib/frontend/bundle.js:2:2480115
    at Array.filter (<anonymous>)
    at n.normalize (file:///C:/Xilinx/2025.1/Vitis/ide/electron-app/win64/resources/app/lib/frontend/bundle.js:2:2480074)
    at n.getCommands (file:///C:/Xilinx/2025.1/Vitis/ide/electron-app/win64/resources/app/lib/frontend/bundle.js:2:2480037)
    at n.reset (file:///C:/Xilinx/2025.1/Vitis/ide/electron-app/win64/resources/app/lib/frontend/bundle.js:2:2477995)
    at n.getPicks (file:///C:/Xilinx/2025.1/Vitis/ide/electron-app/win64/resources/app/lib/frontend/bundle.js:2:2478183)
    at u._getPicks (file:///C:/Xilinx/2025.1/Vitis/ide/electron-app/win64/resources/app/lib/frontend/bundle.js:2:7786634) 
2026-03-18 16:11:58 [debug] : TypeError: Cannot read properties of undefined (reading 'path')
    at file:///C:/Xilinx/2025.1/Vitis/ide/electron-app/win64/resources/app/lib/frontend/bundle.js:2:18805401
    at Array.find (<anonymous>)
    at M.getKnownProject (file:///C:/Xilinx/2025.1/Vitis/ide/electron-app/win64/resources/app/lib/frontend/bundle.js:2:18805344)
    at Object.isVisible (file:///C:/Xilinx/2025.1/Vitis/ide/electron-app/win64/resources/app/lib/frontend/bundle.js:2:18293412)
    at d.getVisibleHandler (file:///C:/Xilinx/2025.1/Vitis/ide/electron-app/win64/resources/app/lib/frontend/bundle.js:2:2805339)
    at d.isVisible (file:///C:/Xilinx/2025.1/Vitis/ide/electron-app/win64/resources/app/lib/frontend/bundle.js:2:2804661)
    at file:///C:/Xilinx/2025.1/Vitis/ide/electron-app/win64/resources/app/lib/frontend/bundle.js:2:2480115
    at Array.filter (<anonymous>)
    at n.normalize (file:///C:/Xilinx/2025.1/Vitis/ide/electron-app/win64/resources/app/lib/frontend/bundle.js:2:2480074)
    at n.getCommands (file:///C:/Xilinx/2025.1/Vitis/ide/electron-app/win64/resources/app/lib/frontend/bundle.js:2:2480037) 
2026-03-18 16:11:58 [debug] : TypeError: Cannot read properties of undefined (reading 'event')
    at Object.isVisible (file:///C:/Xilinx/2025.1/Vitis/ide/electron-app/win64/resources/app/lib/frontend/bundle.js:2:1519166)
    at d.getVisibleHandler (file:///C:/Xilinx/2025.1/Vitis/ide/electron-app/win64/resources/app/lib/frontend/bundle.js:2:2805339)
    at d.isVisible (file:///C:/Xilinx/2025.1/Vitis/ide/electron-app/win64/resources/app/lib/frontend/bundle.js:2:2804661)
    at file:///C:/Xilinx/2025.1/Vitis/ide/electron-app/win64/resources/app/lib/frontend/bundle.js:2:2480115
    at Array.filter (<anonymous>)
    at n.normalize (file:///C:/Xilinx/2025.1/Vitis/ide/electron-app/win64/resources/app/lib/frontend/bundle.js:2:2480074)
    at n.getCommands (file:///C:/Xilinx/2025.1/Vitis/ide/electron-app/win64/resources/app/lib/frontend/bundle.js:2:2480037)
    at n.reset (file:///C:/Xilinx/2025.1/Vitis/ide/electron-app/win64/resources/app/lib/frontend/bundle.js:2:2477995)
    at n.getPicks (file:///C:/Xilinx/2025.1/Vitis/ide/electron-app/win64/resources/app/lib/frontend/bundle.js:2:2478183)
    at u._getPicks (file:///C:/Xilinx/2025.1/Vitis/ide/electron-app/win64/resources/app/lib/frontend/bundle.js:2:7786634) 
2026-03-18 16:12:03 [debug] : TypeError: i is not a function
    at Object.isVisible (file:///C:/Xilinx/2025.1/Vitis/ide/electron-app/win64/resources/app/lib/frontend/bundle.js:2:16712979)
    at d.getVisibleHandler (file:///C:/Xilinx/2025.1/Vitis/ide/electron-app/win64/resources/app/lib/frontend/bundle.js:2:2805339)
    at d.isVisible (file:///C:/Xilinx/2025.1/Vitis/ide/electron-app/win64/resources/app/lib/frontend/bundle.js:2:2804661)
    at file:///C:/Xilinx/2025.1/Vitis/ide/electron-app/win64/resources/app/lib/frontend/bundle.js:2:2480115
    at Array.filter (<anonymous>)
    at n.normalize (file:///C:/Xilinx/2025.1/Vitis/ide/electron-app/win64/resources/app/lib/frontend/bundle.js:2:2480074)
    at n.getCommands (file:///C:/Xilinx/2025.1/Vitis/ide/electron-app/win64/resources/app/lib/frontend/bundle.js:2:2480037)
    at n.reset (file:///C:/Xilinx/2025.1/Vitis/ide/electron-app/win64/resources/app/lib/frontend/bundle.js:2:2477995)
    at n.getPicks (file:///C:/Xilinx/2025.1/Vitis/ide/electron-app/win64/resources/app/lib/frontend/bundle.js:2:2478183)
    at u._getPicks (file:///C:/Xilinx/2025.1/Vitis/ide/electron-app/win64/resources/app/lib/frontend/bundle.js:2:7786634) 
2026-03-18 16:12:03 [debug] : TypeError: i is not a function
    at Object.isVisible (file:///C:/Xilinx/2025.1/Vitis/ide/electron-app/win64/resources/app/lib/frontend/bundle.js:2:16712979)
    at d.getVisibleHandler (file:///C:/Xilinx/2025.1/Vitis/ide/electron-app/win64/resources/app/lib/frontend/bundle.js:2:2805339)
    at d.isVisible (file:///C:/Xilinx/2025.1/Vitis/ide/electron-app/win64/resources/app/lib/frontend/bundle.js:2:2804661)
    at file:///C:/Xilinx/2025.1/Vitis/ide/electron-app/win64/resources/app/lib/frontend/bundle.js:2:2480115
    at Array.filter (<anonymous>)
    at n.normalize (file:///C:/Xilinx/2025.1/Vitis/ide/electron-app/win64/resources/app/lib/frontend/bundle.js:2:2480074)
    at n.getCommands (file:///C:/Xilinx/2025.1/Vitis/ide/electron-app/win64/resources/app/lib/frontend/bundle.js:2:2480037)
    at n.reset (file:///C:/Xilinx/2025.1/Vitis/ide/electron-app/win64/resources/app/lib/frontend/bundle.js:2:2477995)
    at n.getPicks (file:///C:/Xilinx/2025.1/Vitis/ide/electron-app/win64/resources/app/lib/frontend/bundle.js:2:2478183)
    at u._getPicks (file:///C:/Xilinx/2025.1/Vitis/ide/electron-app/win64/resources/app/lib/frontend/bundle.js:2:7786634) 
2026-03-18 16:12:03 [debug] : TypeError: i is not a function
    at Object.isVisible (file:///C:/Xilinx/2025.1/Vitis/ide/electron-app/win64/resources/app/lib/frontend/bundle.js:2:16712979)
    at d.getVisibleHandler (file:///C:/Xilinx/2025.1/Vitis/ide/electron-app/win64/resources/app/lib/frontend/bundle.js:2:2805339)
    at d.isVisible (file:///C:/Xilinx/2025.1/Vitis/ide/electron-app/win64/resources/app/lib/frontend/bundle.js:2:2804661)
    at file:///C:/Xilinx/2025.1/Vitis/ide/electron-app/win64/resources/app/lib/frontend/bundle.js:2:2480115
    at Array.filter (<anonymous>)
    at n.normalize (file:///C:/Xilinx/2025.1/Vitis/ide/electron-app/win64/resources/app/lib/frontend/bundle.js:2:2480074)
    at n.getCommands (file:///C:/Xilinx/2025.1/Vitis/ide/electron-app/win64/resources/app/lib/frontend/bundle.js:2:2480037)
    at n.reset (file:///C:/Xilinx/2025.1/Vitis/ide/electron-app/win64/resources/app/lib/frontend/bundle.js:2:2477995)
    at n.getPicks (file:///C:/Xilinx/2025.1/Vitis/ide/electron-app/win64/resources/app/lib/frontend/bundle.js:2:2478183)
    at u._getPicks (file:///C:/Xilinx/2025.1/Vitis/ide/electron-app/win64/resources/app/lib/frontend/bundle.js:2:7786634) 
2026-03-18 16:12:03 [debug] : TypeError: i is not a function
    at Object.isVisible (file:///C:/Xilinx/2025.1/Vitis/ide/electron-app/win64/resources/app/lib/frontend/bundle.js:2:16712979)
    at d.getVisibleHandler (file:///C:/Xilinx/2025.1/Vitis/ide/electron-app/win64/resources/app/lib/frontend/bundle.js:2:2805339)
    at d.isVisible (file:///C:/Xilinx/2025.1/Vitis/ide/electron-app/win64/resources/app/lib/frontend/bundle.js:2:2804661)
    at file:///C:/Xilinx/2025.1/Vitis/ide/electron-app/win64/resources/app/lib/frontend/bundle.js:2:2480115
    at Array.filter (<anonymous>)
    at n.normalize (file:///C:/Xilinx/2025.1/Vitis/ide/electron-app/win64/resources/app/lib/frontend/bundle.js:2:2480074)
    at n.getCommands (file:///C:/Xilinx/2025.1/Vitis/ide/electron-app/win64/resources/app/lib/frontend/bundle.js:2:2480037)
    at n.reset (file:///C:/Xilinx/2025.1/Vitis/ide/electron-app/win64/resources/app/lib/frontend/bundle.js:2:2477995)
    at n.getPicks (file:///C:/Xilinx/2025.1/Vitis/ide/electron-app/win64/resources/app/lib/frontend/bundle.js:2:2478183)
    at u._getPicks (file:///C:/Xilinx/2025.1/Vitis/ide/electron-app/win64/resources/app/lib/frontend/bundle.js:2:7786634) 
2026-03-18 16:12:03 [debug] : TypeError: i is not a function
    at Object.isVisible (file:///C:/Xilinx/2025.1/Vitis/ide/electron-app/win64/resources/app/lib/frontend/bundle.js:2:16712979)
    at d.getVisibleHandler (file:///C:/Xilinx/2025.1/Vitis/ide/electron-app/win64/resources/app/lib/frontend/bundle.js:2:2805339)
    at d.isVisible (file:///C:/Xilinx/2025.1/Vitis/ide/electron-app/win64/resources/app/lib/frontend/bundle.js:2:2804661)
    at file:///C:/Xilinx/2025.1/Vitis/ide/electron-app/win64/resources/app/lib/frontend/bundle.js:2:2480115
    at Array.filter (<anonymous>)
    at n.normalize (file:///C:/Xilinx/2025.1/Vitis/ide/electron-app/win64/resources/app/lib/frontend/bundle.js:2:2480074)
    at n.getCommands (file:///C:/Xilinx/2025.1/Vitis/ide/electron-app/win64/resources/app/lib/frontend/bundle.js:2:2480037)
    at n.reset (file:///C:/Xilinx/2025.1/Vitis/ide/electron-app/win64/resources/app/lib/frontend/bundle.js:2:2477995)
    at n.getPicks (file:///C:/Xilinx/2025.1/Vitis/ide/electron-app/win64/resources/app/lib/frontend/bundle.js:2:2478183)
    at u._getPicks (file:///C:/Xilinx/2025.1/Vitis/ide/electron-app/win64/resources/app/lib/frontend/bundle.js:2:7786634) 
2026-03-18 16:12:03 [debug] : TypeError: Cannot read properties of undefined (reading 'parent')
    at Object.isVisible (file:///C:/Xilinx/2025.1/Vitis/ide/electron-app/win64/resources/app/lib/frontend/bundle.js:2:21835645)
    at d.getVisibleHandler (file:///C:/Xilinx/2025.1/Vitis/ide/electron-app/win64/resources/app/lib/frontend/bundle.js:2:2805339)
    at d.isVisible (file:///C:/Xilinx/2025.1/Vitis/ide/electron-app/win64/resources/app/lib/frontend/bundle.js:2:2804661)
    at file:///C:/Xilinx/2025.1/Vitis/ide/electron-app/win64/resources/app/lib/frontend/bundle.js:2:2480115
    at Array.filter (<anonymous>)
    at n.normalize (file:///C:/Xilinx/2025.1/Vitis/ide/electron-app/win64/resources/app/lib/frontend/bundle.js:2:2480074)
    at n.getCommands (file:///C:/Xilinx/2025.1/Vitis/ide/electron-app/win64/resources/app/lib/frontend/bundle.js:2:2480037)
    at n.reset (file:///C:/Xilinx/2025.1/Vitis/ide/electron-app/win64/resources/app/lib/frontend/bundle.js:2:2477995)
    at n.getPicks (file:///C:/Xilinx/2025.1/Vitis/ide/electron-app/win64/resources/app/lib/frontend/bundle.js:2:2478183)
    at u._getPicks (file:///C:/Xilinx/2025.1/Vitis/ide/electron-app/win64/resources/app/lib/frontend/bundle.js:2:7786634) 
2026-03-18 16:12:03 [debug] : TypeError: Cannot read properties of undefined (reading 'parent')
    at Object.isVisible (file:///C:/Xilinx/2025.1/Vitis/ide/electron-app/win64/resources/app/lib/frontend/bundle.js:2:21836337)
    at d.getVisibleHandler (file:///C:/Xilinx/2025.1/Vitis/ide/electron-app/win64/resources/app/lib/frontend/bundle.js:2:2805339)
    at d.isVisible (file:///C:/Xilinx/2025.1/Vitis/ide/electron-app/win64/resources/app/lib/frontend/bundle.js:2:2804661)
    at file:///C:/Xilinx/2025.1/Vitis/ide/electron-app/win64/resources/app/lib/frontend/bundle.js:2:2480115
    at Array.filter (<anonymous>)
    at n.normalize (file:///C:/Xilinx/2025.1/Vitis/ide/electron-app/win64/resources/app/lib/frontend/bundle.js:2:2480074)
    at n.getCommands (file:///C:/Xilinx/2025.1/Vitis/ide/electron-app/win64/resources/app/lib/frontend/bundle.js:2:2480037)
    at n.reset (file:///C:/Xilinx/2025.1/Vitis/ide/electron-app/win64/resources/app/lib/frontend/bundle.js:2:2477995)
    at n.getPicks (file:///C:/Xilinx/2025.1/Vitis/ide/electron-app/win64/resources/app/lib/frontend/bundle.js:2:2478183)
    at u._getPicks (file:///C:/Xilinx/2025.1/Vitis/ide/electron-app/win64/resources/app/lib/frontend/bundle.js:2:7786634) 
2026-03-18 16:12:03 [debug] : TypeError: Cannot read properties of undefined (reading 'parent')
    at Object.isVisible (file:///C:/Xilinx/2025.1/Vitis/ide/electron-app/win64/resources/app/lib/frontend/bundle.js:2:21836705)
    at d.getVisibleHandler (file:///C:/Xilinx/2025.1/Vitis/ide/electron-app/win64/resources/app/lib/frontend/bundle.js:2:2805339)
    at d.isVisible (file:///C:/Xilinx/2025.1/Vitis/ide/electron-app/win64/resources/app/lib/frontend/bundle.js:2:2804661)
    at file:///C:/Xilinx/2025.1/Vitis/ide/electron-app/win64/resources/app/lib/frontend/bundle.js:2:2480115
    at Array.filter (<anonymous>)
    at n.normalize (file:///C:/Xilinx/2025.1/Vitis/ide/electron-app/win64/resources/app/lib/frontend/bundle.js:2:2480074)
    at n.getCommands (file:///C:/Xilinx/2025.1/Vitis/ide/electron-app/win64/resources/app/lib/frontend/bundle.js:2:2480037)
    at n.reset (file:///C:/Xilinx/2025.1/Vitis/ide/electron-app/win64/resources/app/lib/frontend/bundle.js:2:2477995)
    at n.getPicks (file:///C:/Xilinx/2025.1/Vitis/ide/electron-app/win64/resources/app/lib/frontend/bundle.js:2:2478183)
    at u._getPicks (file:///C:/Xilinx/2025.1/Vitis/ide/electron-app/win64/resources/app/lib/frontend/bundle.js:2:7786634) 
2026-03-18 16:12:03 [debug] : TypeError: Cannot read properties of undefined (reading 'parent')
    at Object.isVisible (file:///C:/Xilinx/2025.1/Vitis/ide/electron-app/win64/resources/app/lib/frontend/bundle.js:2:21838622)
    at d.getVisibleHandler (file:///C:/Xilinx/2025.1/Vitis/ide/electron-app/win64/resources/app/lib/frontend/bundle.js:2:2805339)
    at d.isVisible (file:///C:/Xilinx/2025.1/Vitis/ide/electron-app/win64/resources/app/lib/frontend/bundle.js:2:2804661)
    at file:///C:/Xilinx/2025.1/Vitis/ide/electron-app/win64/resources/app/lib/frontend/bundle.js:2:2480115
    at Array.filter (<anonymous>)
    at n.normalize (file:///C:/Xilinx/2025.1/Vitis/ide/electron-app/win64/resources/app/lib/frontend/bundle.js:2:2480074)
    at n.getCommands (file:///C:/Xilinx/2025.1/Vitis/ide/electron-app/win64/resources/app/lib/frontend/bundle.js:2:2480037)
    at n.reset (file:///C:/Xilinx/2025.1/Vitis/ide/electron-app/win64/resources/app/lib/frontend/bundle.js:2:2477995)
    at n.getPicks (file:///C:/Xilinx/2025.1/Vitis/ide/electron-app/win64/resources/app/lib/frontend/bundle.js:2:2478183)
    at u._getPicks (file:///C:/Xilinx/2025.1/Vitis/ide/electron-app/win64/resources/app/lib/frontend/bundle.js:2:7786634) 
2026-03-18 16:12:03 [debug] : TypeError: Cannot read properties of undefined (reading 'path')
    at file:///C:/Xilinx/2025.1/Vitis/ide/electron-app/win64/resources/app/lib/frontend/bundle.js:2:18805401
    at Array.find (<anonymous>)
    at M.getKnownProject (file:///C:/Xilinx/2025.1/Vitis/ide/electron-app/win64/resources/app/lib/frontend/bundle.js:2:18805344)
    at Object.isVisible (file:///C:/Xilinx/2025.1/Vitis/ide/electron-app/win64/resources/app/lib/frontend/bundle.js:2:18293412)
    at d.getVisibleHandler (file:///C:/Xilinx/2025.1/Vitis/ide/electron-app/win64/resources/app/lib/frontend/bundle.js:2:2805339)
    at d.isVisible (file:///C:/Xilinx/2025.1/Vitis/ide/electron-app/win64/resources/app/lib/frontend/bundle.js:2:2804661)
    at file:///C:/Xilinx/2025.1/Vitis/ide/electron-app/win64/resources/app/lib/frontend/bundle.js:2:2480115
    at Array.filter (<anonymous>)
    at n.normalize (file:///C:/Xilinx/2025.1/Vitis/ide/electron-app/win64/resources/app/lib/frontend/bundle.js:2:2480074)
    at n.getCommands (file:///C:/Xilinx/2025.1/Vitis/ide/electron-app/win64/resources/app/lib/frontend/bundle.js:2:2480037) 
2026-03-18 16:12:03 [debug] : TypeError: Cannot read properties of undefined (reading 'event')
    at Object.isVisible (file:///C:/Xilinx/2025.1/Vitis/ide/electron-app/win64/resources/app/lib/frontend/bundle.js:2:1519166)
    at d.getVisibleHandler (file:///C:/Xilinx/2025.1/Vitis/ide/electron-app/win64/resources/app/lib/frontend/bundle.js:2:2805339)
    at d.isVisible (file:///C:/Xilinx/2025.1/Vitis/ide/electron-app/win64/resources/app/lib/frontend/bundle.js:2:2804661)
    at file:///C:/Xilinx/2025.1/Vitis/ide/electron-app/win64/resources/app/lib/frontend/bundle.js:2:2480115
    at Array.filter (<anonymous>)
    at n.normalize (file:///C:/Xilinx/2025.1/Vitis/ide/electron-app/win64/resources/app/lib/frontend/bundle.js:2:2480074)
    at n.getCommands (file:///C:/Xilinx/2025.1/Vitis/ide/electron-app/win64/resources/app/lib/frontend/bundle.js:2:2480037)
    at n.reset (file:///C:/Xilinx/2025.1/Vitis/ide/electron-app/win64/resources/app/lib/frontend/bundle.js:2:2477995)
    at n.getPicks (file:///C:/Xilinx/2025.1/Vitis/ide/electron-app/win64/resources/app/lib/frontend/bundle.js:2:2478183)
    at u._getPicks (file:///C:/Xilinx/2025.1/Vitis/ide/electron-app/win64/resources/app/lib/frontend/bundle.js:2:7786634) 
2026-03-18 16:12:03 [debug] : TypeError: i is not a function
    at Object.isVisible (file:///C:/Xilinx/2025.1/Vitis/ide/electron-app/win64/resources/app/lib/frontend/bundle.js:2:16712979)
    at d.getVisibleHandler (file:///C:/Xilinx/2025.1/Vitis/ide/electron-app/win64/resources/app/lib/frontend/bundle.js:2:2805339)
    at d.isVisible (file:///C:/Xilinx/2025.1/Vitis/ide/electron-app/win64/resources/app/lib/frontend/bundle.js:2:2804661)
    at file:///C:/Xilinx/2025.1/Vitis/ide/electron-app/win64/resources/app/lib/frontend/bundle.js:2:2480115
    at Array.filter (<anonymous>)
    at n.normalize (file:///C:/Xilinx/2025.1/Vitis/ide/electron-app/win64/resources/app/lib/frontend/bundle.js:2:2480074)
    at n.getCommands (file:///C:/Xilinx/2025.1/Vitis/ide/electron-app/win64/resources/app/lib/frontend/bundle.js:2:2480037)
    at n.reset (file:///C:/Xilinx/2025.1/Vitis/ide/electron-app/win64/resources/app/lib/frontend/bundle.js:2:2477995)
    at n.getPicks (file:///C:/Xilinx/2025.1/Vitis/ide/electron-app/win64/resources/app/lib/frontend/bundle.js:2:2478183)
    at u._getPicks (file:///C:/Xilinx/2025.1/Vitis/ide/electron-app/win64/resources/app/lib/frontend/bundle.js:2:7786634) 
2026-03-18 16:12:03 [debug] : TypeError: i is not a function
    at Object.isVisible (file:///C:/Xilinx/2025.1/Vitis/ide/electron-app/win64/resources/app/lib/frontend/bundle.js:2:16712979)
    at d.getVisibleHandler (file:///C:/Xilinx/2025.1/Vitis/ide/electron-app/win64/resources/app/lib/frontend/bundle.js:2:2805339)
    at d.isVisible (file:///C:/Xilinx/2025.1/Vitis/ide/electron-app/win64/resources/app/lib/frontend/bundle.js:2:2804661)
    at file:///C:/Xilinx/2025.1/Vitis/ide/electron-app/win64/resources/app/lib/frontend/bundle.js:2:2480115
    at Array.filter (<anonymous>)
    at n.normalize (file:///C:/Xilinx/2025.1/Vitis/ide/electron-app/win64/resources/app/lib/frontend/bundle.js:2:2480074)
    at n.getCommands (file:///C:/Xilinx/2025.1/Vitis/ide/electron-app/win64/resources/app/lib/frontend/bundle.js:2:2480037)
    at n.reset (file:///C:/Xilinx/2025.1/Vitis/ide/electron-app/win64/resources/app/lib/frontend/bundle.js:2:2477995)
    at n.getPicks (file:///C:/Xilinx/2025.1/Vitis/ide/electron-app/win64/resources/app/lib/frontend/bundle.js:2:2478183)
    at u._getPicks (file:///C:/Xilinx/2025.1/Vitis/ide/electron-app/win64/resources/app/lib/frontend/bundle.js:2:7786634) 
2026-03-18 16:12:03 [debug] : TypeError: i is not a function
    at Object.isVisible (file:///C:/Xilinx/2025.1/Vitis/ide/electron-app/win64/resources/app/lib/frontend/bundle.js:2:16712979)
    at d.getVisibleHandler (file:///C:/Xilinx/2025.1/Vitis/ide/electron-app/win64/resources/app/lib/frontend/bundle.js:2:2805339)
    at d.isVisible (file:///C:/Xilinx/2025.1/Vitis/ide/electron-app/win64/resources/app/lib/frontend/bundle.js:2:2804661)
    at file:///C:/Xilinx/2025.1/Vitis/ide/electron-app/win64/resources/app/lib/frontend/bundle.js:2:2480115
    at Array.filter (<anonymous>)
    at n.normalize (file:///C:/Xilinx/2025.1/Vitis/ide/electron-app/win64/resources/app/lib/frontend/bundle.js:2:2480074)
    at n.getCommands (file:///C:/Xilinx/2025.1/Vitis/ide/electron-app/win64/resources/app/lib/frontend/bundle.js:2:2480037)
    at n.reset (file:///C:/Xilinx/2025.1/Vitis/ide/electron-app/win64/resources/app/lib/frontend/bundle.js:2:2477995)
    at n.getPicks (file:///C:/Xilinx/2025.1/Vitis/ide/electron-app/win64/resources/app/lib/frontend/bundle.js:2:2478183)
    at u._getPicks (file:///C:/Xilinx/2025.1/Vitis/ide/electron-app/win64/resources/app/lib/frontend/bundle.js:2:7786634) 
2026-03-18 16:12:03 [debug] : TypeError: i is not a function
    at Object.isVisible (file:///C:/Xilinx/2025.1/Vitis/ide/electron-app/win64/resources/app/lib/frontend/bundle.js:2:16712979)
    at d.getVisibleHandler (file:///C:/Xilinx/2025.1/Vitis/ide/electron-app/win64/resources/app/lib/frontend/bundle.js:2:2805339)
    at d.isVisible (file:///C:/Xilinx/2025.1/Vitis/ide/electron-app/win64/resources/app/lib/frontend/bundle.js:2:2804661)
    at file:///C:/Xilinx/2025.1/Vitis/ide/electron-app/win64/resources/app/lib/frontend/bundle.js:2:2480115
    at Array.filter (<anonymous>)
    at n.normalize (file:///C:/Xilinx/2025.1/Vitis/ide/electron-app/win64/resources/app/lib/frontend/bundle.js:2:2480074)
    at n.getCommands (file:///C:/Xilinx/2025.1/Vitis/ide/electron-app/win64/resources/app/lib/frontend/bundle.js:2:2480037)
    at n.reset (file:///C:/Xilinx/2025.1/Vitis/ide/electron-app/win64/resources/app/lib/frontend/bundle.js:2:2477995)
    at n.getPicks (file:///C:/Xilinx/2025.1/Vitis/ide/electron-app/win64/resources/app/lib/frontend/bundle.js:2:2478183)
    at u._getPicks (file:///C:/Xilinx/2025.1/Vitis/ide/electron-app/win64/resources/app/lib/frontend/bundle.js:2:7786634) 
2026-03-18 16:12:03 [debug] : TypeError: i is not a function
    at Object.isVisible (file:///C:/Xilinx/2025.1/Vitis/ide/electron-app/win64/resources/app/lib/frontend/bundle.js:2:16712979)
    at d.getVisibleHandler (file:///C:/Xilinx/2025.1/Vitis/ide/electron-app/win64/resources/app/lib/frontend/bundle.js:2:2805339)
    at d.isVisible (file:///C:/Xilinx/2025.1/Vitis/ide/electron-app/win64/resources/app/lib/frontend/bundle.js:2:2804661)
    at file:///C:/Xilinx/2025.1/Vitis/ide/electron-app/win64/resources/app/lib/frontend/bundle.js:2:2480115
    at Array.filter (<anonymous>)
    at n.normalize (file:///C:/Xilinx/2025.1/Vitis/ide/electron-app/win64/resources/app/lib/frontend/bundle.js:2:2480074)
    at n.getCommands (file:///C:/Xilinx/2025.1/Vitis/ide/electron-app/win64/resources/app/lib/frontend/bundle.js:2:2480037)
    at n.reset (file:///C:/Xilinx/2025.1/Vitis/ide/electron-app/win64/resources/app/lib/frontend/bundle.js:2:2477995)
    at n.getPicks (file:///C:/Xilinx/2025.1/Vitis/ide/electron-app/win64/resources/app/lib/frontend/bundle.js:2:2478183)
    at u._getPicks (file:///C:/Xilinx/2025.1/Vitis/ide/electron-app/win64/resources/app/lib/frontend/bundle.js:2:7786634) 
2026-03-18 16:12:03 [debug] : TypeError: Cannot read properties of undefined (reading 'parent')
    at Object.isVisible (file:///C:/Xilinx/2025.1/Vitis/ide/electron-app/win64/resources/app/lib/frontend/bundle.js:2:21835645)
    at d.getVisibleHandler (file:///C:/Xilinx/2025.1/Vitis/ide/electron-app/win64/resources/app/lib/frontend/bundle.js:2:2805339)
    at d.isVisible (file:///C:/Xilinx/2025.1/Vitis/ide/electron-app/win64/resources/app/lib/frontend/bundle.js:2:2804661)
    at file:///C:/Xilinx/2025.1/Vitis/ide/electron-app/win64/resources/app/lib/frontend/bundle.js:2:2480115
    at Array.filter (<anonymous>)
    at n.normalize (file:///C:/Xilinx/2025.1/Vitis/ide/electron-app/win64/resources/app/lib/frontend/bundle.js:2:2480074)
    at n.getCommands (file:///C:/Xilinx/2025.1/Vitis/ide/electron-app/win64/resources/app/lib/frontend/bundle.js:2:2480037)
    at n.reset (file:///C:/Xilinx/2025.1/Vitis/ide/electron-app/win64/resources/app/lib/frontend/bundle.js:2:2477995)
    at n.getPicks (file:///C:/Xilinx/2025.1/Vitis/ide/electron-app/win64/resources/app/lib/frontend/bundle.js:2:2478183)
    at u._getPicks (file:///C:/Xilinx/2025.1/Vitis/ide/electron-app/win64/resources/app/lib/frontend/bundle.js:2:7786634) 
2026-03-18 16:12:03 [debug] : TypeError: Cannot read properties of undefined (reading 'parent')
    at Object.isVisible (file:///C:/Xilinx/2025.1/Vitis/ide/electron-app/win64/resources/app/lib/frontend/bundle.js:2:21836337)
    at d.getVisibleHandler (file:///C:/Xilinx/2025.1/Vitis/ide/electron-app/win64/resources/app/lib/frontend/bundle.js:2:2805339)
    at d.isVisible (file:///C:/Xilinx/2025.1/Vitis/ide/electron-app/win64/resources/app/lib/frontend/bundle.js:2:2804661)
    at file:///C:/Xilinx/2025.1/Vitis/ide/electron-app/win64/resources/app/lib/frontend/bundle.js:2:2480115
    at Array.filter (<anonymous>)
    at n.normalize (file:///C:/Xilinx/2025.1/Vitis/ide/electron-app/win64/resources/app/lib/frontend/bundle.js:2:2480074)
    at n.getCommands (file:///C:/Xilinx/2025.1/Vitis/ide/electron-app/win64/resources/app/lib/frontend/bundle.js:2:2480037)
    at n.reset (file:///C:/Xilinx/2025.1/Vitis/ide/electron-app/win64/resources/app/lib/frontend/bundle.js:2:2477995)
    at n.getPicks (file:///C:/Xilinx/2025.1/Vitis/ide/electron-app/win64/resources/app/lib/frontend/bundle.js:2:2478183)
    at u._getPicks (file:///C:/Xilinx/2025.1/Vitis/ide/electron-app/win64/resources/app/lib/frontend/bundle.js:2:7786634) 
2026-03-18 16:12:03 [debug] : TypeError: Cannot read properties of undefined (reading 'parent')
    at Object.isVisible (file:///C:/Xilinx/2025.1/Vitis/ide/electron-app/win64/resources/app/lib/frontend/bundle.js:2:21836705)
    at d.getVisibleHandler (file:///C:/Xilinx/2025.1/Vitis/ide/electron-app/win64/resources/app/lib/frontend/bundle.js:2:2805339)
    at d.isVisible (file:///C:/Xilinx/2025.1/Vitis/ide/electron-app/win64/resources/app/lib/frontend/bundle.js:2:2804661)
    at file:///C:/Xilinx/2025.1/Vitis/ide/electron-app/win64/resources/app/lib/frontend/bundle.js:2:2480115
    at Array.filter (<anonymous>)
    at n.normalize (file:///C:/Xilinx/2025.1/Vitis/ide/electron-app/win64/resources/app/lib/frontend/bundle.js:2:2480074)
    at n.getCommands (file:///C:/Xilinx/2025.1/Vitis/ide/electron-app/win64/resources/app/lib/frontend/bundle.js:2:2480037)
    at n.reset (file:///C:/Xilinx/2025.1/Vitis/ide/electron-app/win64/resources/app/lib/frontend/bundle.js:2:2477995)
    at n.getPicks (file:///C:/Xilinx/2025.1/Vitis/ide/electron-app/win64/resources/app/lib/frontend/bundle.js:2:2478183)
    at u._getPicks (file:///C:/Xilinx/2025.1/Vitis/ide/electron-app/win64/resources/app/lib/frontend/bundle.js:2:7786634) 
2026-03-18 16:12:03 [debug] : TypeError: Cannot read properties of undefined (reading 'parent')
    at Object.isVisible (file:///C:/Xilinx/2025.1/Vitis/ide/electron-app/win64/resources/app/lib/frontend/bundle.js:2:21838622)
    at d.getVisibleHandler (file:///C:/Xilinx/2025.1/Vitis/ide/electron-app/win64/resources/app/lib/frontend/bundle.js:2:2805339)
    at d.isVisible (file:///C:/Xilinx/2025.1/Vitis/ide/electron-app/win64/resources/app/lib/frontend/bundle.js:2:2804661)
    at file:///C:/Xilinx/2025.1/Vitis/ide/electron-app/win64/resources/app/lib/frontend/bundle.js:2:2480115
    at Array.filter (<anonymous>)
    at n.normalize (file:///C:/Xilinx/2025.1/Vitis/ide/electron-app/win64/resources/app/lib/frontend/bundle.js:2:2480074)
    at n.getCommands (file:///C:/Xilinx/2025.1/Vitis/ide/electron-app/win64/resources/app/lib/frontend/bundle.js:2:2480037)
    at n.reset (file:///C:/Xilinx/2025.1/Vitis/ide/electron-app/win64/resources/app/lib/frontend/bundle.js:2:2477995)
    at n.getPicks (file:///C:/Xilinx/2025.1/Vitis/ide/electron-app/win64/resources/app/lib/frontend/bundle.js:2:2478183)
    at u._getPicks (file:///C:/Xilinx/2025.1/Vitis/ide/electron-app/win64/resources/app/lib/frontend/bundle.js:2:7786634) 
2026-03-18 16:12:03 [debug] : TypeError: Cannot read properties of undefined (reading 'path')
    at file:///C:/Xilinx/2025.1/Vitis/ide/electron-app/win64/resources/app/lib/frontend/bundle.js:2:18805401
    at Array.find (<anonymous>)
    at M.getKnownProject (file:///C:/Xilinx/2025.1/Vitis/ide/electron-app/win64/resources/app/lib/frontend/bundle.js:2:18805344)
    at Object.isVisible (file:///C:/Xilinx/2025.1/Vitis/ide/electron-app/win64/resources/app/lib/frontend/bundle.js:2:18293412)
    at d.getVisibleHandler (file:///C:/Xilinx/2025.1/Vitis/ide/electron-app/win64/resources/app/lib/frontend/bundle.js:2:2805339)
    at d.isVisible (file:///C:/Xilinx/2025.1/Vitis/ide/electron-app/win64/resources/app/lib/frontend/bundle.js:2:2804661)
    at file:///C:/Xilinx/2025.1/Vitis/ide/electron-app/win64/resources/app/lib/frontend/bundle.js:2:2480115
    at Array.filter (<anonymous>)
    at n.normalize (file:///C:/Xilinx/2025.1/Vitis/ide/electron-app/win64/resources/app/lib/frontend/bundle.js:2:2480074)
    at n.getCommands (file:///C:/Xilinx/2025.1/Vitis/ide/electron-app/win64/resources/app/lib/frontend/bundle.js:2:2480037) 
2026-03-18 16:12:03 [debug] : TypeError: Cannot read properties of undefined (reading 'event')
    at Object.isVisible (file:///C:/Xilinx/2025.1/Vitis/ide/electron-app/win64/resources/app/lib/frontend/bundle.js:2:1519166)
    at d.getVisibleHandler (file:///C:/Xilinx/2025.1/Vitis/ide/electron-app/win64/resources/app/lib/frontend/bundle.js:2:2805339)
    at d.isVisible (file:///C:/Xilinx/2025.1/Vitis/ide/electron-app/win64/resources/app/lib/frontend/bundle.js:2:2804661)
    at file:///C:/Xilinx/2025.1/Vitis/ide/electron-app/win64/resources/app/lib/frontend/bundle.js:2:2480115
    at Array.filter (<anonymous>)
    at n.normalize (file:///C:/Xilinx/2025.1/Vitis/ide/electron-app/win64/resources/app/lib/frontend/bundle.js:2:2480074)
    at n.getCommands (file:///C:/Xilinx/2025.1/Vitis/ide/electron-app/win64/resources/app/lib/frontend/bundle.js:2:2480037)
    at n.reset (file:///C:/Xilinx/2025.1/Vitis/ide/electron-app/win64/resources/app/lib/frontend/bundle.js:2:2477995)
    at n.getPicks (file:///C:/Xilinx/2025.1/Vitis/ide/electron-app/win64/resources/app/lib/frontend/bundle.js:2:2478183)
    at u._getPicks (file:///C:/Xilinx/2025.1/Vitis/ide/electron-app/win64/resources/app/lib/frontend/bundle.js:2:7786634) 
2026-03-18 16:12:04 [debug] : TypeError: i is not a function
    at Object.isVisible (file:///C:/Xilinx/2025.1/Vitis/ide/electron-app/win64/resources/app/lib/frontend/bundle.js:2:16712979)
    at d.getVisibleHandler (file:///C:/Xilinx/2025.1/Vitis/ide/electron-app/win64/resources/app/lib/frontend/bundle.js:2:2805339)
    at d.isVisible (file:///C:/Xilinx/2025.1/Vitis/ide/electron-app/win64/resources/app/lib/frontend/bundle.js:2:2804661)
    at file:///C:/Xilinx/2025.1/Vitis/ide/electron-app/win64/resources/app/lib/frontend/bundle.js:2:2480115
    at Array.filter (<anonymous>)
    at n.normalize (file:///C:/Xilinx/2025.1/Vitis/ide/electron-app/win64/resources/app/lib/frontend/bundle.js:2:2480074)
    at n.getCommands (file:///C:/Xilinx/2025.1/Vitis/ide/electron-app/win64/resources/app/lib/frontend/bundle.js:2:2480037)
    at n.reset (file:///C:/Xilinx/2025.1/Vitis/ide/electron-app/win64/resources/app/lib/frontend/bundle.js:2:2477995)
    at n.getPicks (file:///C:/Xilinx/2025.1/Vitis/ide/electron-app/win64/resources/app/lib/frontend/bundle.js:2:2478183)
    at u._getPicks (file:///C:/Xilinx/2025.1/Vitis/ide/electron-app/win64/resources/app/lib/frontend/bundle.js:2:7786634) 
2026-03-18 16:12:04 [debug] : TypeError: i is not a function
    at Object.isVisible (file:///C:/Xilinx/2025.1/Vitis/ide/electron-app/win64/resources/app/lib/frontend/bundle.js:2:16712979)
    at d.getVisibleHandler (file:///C:/Xilinx/2025.1/Vitis/ide/electron-app/win64/resources/app/lib/frontend/bundle.js:2:2805339)
    at d.isVisible (file:///C:/Xilinx/2025.1/Vitis/ide/electron-app/win64/resources/app/lib/frontend/bundle.js:2:2804661)
    at file:///C:/Xilinx/2025.1/Vitis/ide/electron-app/win64/resources/app/lib/frontend/bundle.js:2:2480115
    at Array.filter (<anonymous>)
    at n.normalize (file:///C:/Xilinx/2025.1/Vitis/ide/electron-app/win64/resources/app/lib/frontend/bundle.js:2:2480074)
    at n.getCommands (file:///C:/Xilinx/2025.1/Vitis/ide/electron-app/win64/resources/app/lib/frontend/bundle.js:2:2480037)
    at n.reset (file:///C:/Xilinx/2025.1/Vitis/ide/electron-app/win64/resources/app/lib/frontend/bundle.js:2:2477995)
    at n.getPicks (file:///C:/Xilinx/2025.1/Vitis/ide/electron-app/win64/resources/app/lib/frontend/bundle.js:2:2478183)
    at u._getPicks (file:///C:/Xilinx/2025.1/Vitis/ide/electron-app/win64/resources/app/lib/frontend/bundle.js:2:7786634) 
2026-03-18 16:12:04 [debug] : TypeError: i is not a function
    at Object.isVisible (file:///C:/Xilinx/2025.1/Vitis/ide/electron-app/win64/resources/app/lib/frontend/bundle.js:2:16712979)
    at d.getVisibleHandler (file:///C:/Xilinx/2025.1/Vitis/ide/electron-app/win64/resources/app/lib/frontend/bundle.js:2:2805339)
    at d.isVisible (file:///C:/Xilinx/2025.1/Vitis/ide/electron-app/win64/resources/app/lib/frontend/bundle.js:2:2804661)
    at file:///C:/Xilinx/2025.1/Vitis/ide/electron-app/win64/resources/app/lib/frontend/bundle.js:2:2480115
    at Array.filter (<anonymous>)
    at n.normalize (file:///C:/Xilinx/2025.1/Vitis/ide/electron-app/win64/resources/app/lib/frontend/bundle.js:2:2480074)
    at n.getCommands (file:///C:/Xilinx/2025.1/Vitis/ide/electron-app/win64/resources/app/lib/frontend/bundle.js:2:2480037)
    at n.reset (file:///C:/Xilinx/2025.1/Vitis/ide/electron-app/win64/resources/app/lib/frontend/bundle.js:2:2477995)
    at n.getPicks (file:///C:/Xilinx/2025.1/Vitis/ide/electron-app/win64/resources/app/lib/frontend/bundle.js:2:2478183)
    at u._getPicks (file:///C:/Xilinx/2025.1/Vitis/ide/electron-app/win64/resources/app/lib/frontend/bundle.js:2:7786634) 
2026-03-18 16:12:04 [debug] : TypeError: i is not a function
    at Object.isVisible (file:///C:/Xilinx/2025.1/Vitis/ide/electron-app/win64/resources/app/lib/frontend/bundle.js:2:16712979)
    at d.getVisibleHandler (file:///C:/Xilinx/2025.1/Vitis/ide/electron-app/win64/resources/app/lib/frontend/bundle.js:2:2805339)
    at d.isVisible (file:///C:/Xilinx/2025.1/Vitis/ide/electron-app/win64/resources/app/lib/frontend/bundle.js:2:2804661)
    at file:///C:/Xilinx/2025.1/Vitis/ide/electron-app/win64/resources/app/lib/frontend/bundle.js:2:2480115
    at Array.filter (<anonymous>)
    at n.normalize (file:///C:/Xilinx/2025.1/Vitis/ide/electron-app/win64/resources/app/lib/frontend/bundle.js:2:2480074)
    at n.getCommands (file:///C:/Xilinx/2025.1/Vitis/ide/electron-app/win64/resources/app/lib/frontend/bundle.js:2:2480037)
    at n.reset (file:///C:/Xilinx/2025.1/Vitis/ide/electron-app/win64/resources/app/lib/frontend/bundle.js:2:2477995)
    at n.getPicks (file:///C:/Xilinx/2025.1/Vitis/ide/electron-app/win64/resources/app/lib/frontend/bundle.js:2:2478183)
    at u._getPicks (file:///C:/Xilinx/2025.1/Vitis/ide/electron-app/win64/resources/app/lib/frontend/bundle.js:2:7786634) 
2026-03-18 16:12:04 [debug] : TypeError: i is not a function
    at Object.isVisible (file:///C:/Xilinx/2025.1/Vitis/ide/electron-app/win64/resources/app/lib/frontend/bundle.js:2:16712979)
    at d.getVisibleHandler (file:///C:/Xilinx/2025.1/Vitis/ide/electron-app/win64/resources/app/lib/frontend/bundle.js:2:2805339)
    at d.isVisible (file:///C:/Xilinx/2025.1/Vitis/ide/electron-app/win64/resources/app/lib/frontend/bundle.js:2:2804661)
    at file:///C:/Xilinx/2025.1/Vitis/ide/electron-app/win64/resources/app/lib/frontend/bundle.js:2:2480115
    at Array.filter (<anonymous>)
    at n.normalize (file:///C:/Xilinx/2025.1/Vitis/ide/electron-app/win64/resources/app/lib/frontend/bundle.js:2:2480074)
    at n.getCommands (file:///C:/Xilinx/2025.1/Vitis/ide/electron-app/win64/resources/app/lib/frontend/bundle.js:2:2480037)
    at n.reset (file:///C:/Xilinx/2025.1/Vitis/ide/electron-app/win64/resources/app/lib/frontend/bundle.js:2:2477995)
    at n.getPicks (file:///C:/Xilinx/2025.1/Vitis/ide/electron-app/win64/resources/app/lib/frontend/bundle.js:2:2478183)
    at u._getPicks (file:///C:/Xilinx/2025.1/Vitis/ide/electron-app/win64/resources/app/lib/frontend/bundle.js:2:7786634) 
2026-03-18 16:12:04 [debug] : TypeError: Cannot read properties of undefined (reading 'parent')
    at Object.isVisible (file:///C:/Xilinx/2025.1/Vitis/ide/electron-app/win64/resources/app/lib/frontend/bundle.js:2:21835645)
    at d.getVisibleHandler (file:///C:/Xilinx/2025.1/Vitis/ide/electron-app/win64/resources/app/lib/frontend/bundle.js:2:2805339)
    at d.isVisible (file:///C:/Xilinx/2025.1/Vitis/ide/electron-app/win64/resources/app/lib/frontend/bundle.js:2:2804661)
    at file:///C:/Xilinx/2025.1/Vitis/ide/electron-app/win64/resources/app/lib/frontend/bundle.js:2:2480115
    at Array.filter (<anonymous>)
    at n.normalize (file:///C:/Xilinx/2025.1/Vitis/ide/electron-app/win64/resources/app/lib/frontend/bundle.js:2:2480074)
    at n.getCommands (file:///C:/Xilinx/2025.1/Vitis/ide/electron-app/win64/resources/app/lib/frontend/bundle.js:2:2480037)
    at n.reset (file:///C:/Xilinx/2025.1/Vitis/ide/electron-app/win64/resources/app/lib/frontend/bundle.js:2:2477995)
    at n.getPicks (file:///C:/Xilinx/2025.1/Vitis/ide/electron-app/win64/resources/app/lib/frontend/bundle.js:2:2478183)
    at u._getPicks (file:///C:/Xilinx/2025.1/Vitis/ide/electron-app/win64/resources/app/lib/frontend/bundle.js:2:7786634) 
2026-03-18 16:12:04 [debug] : TypeError: Cannot read properties of undefined (reading 'parent')
    at Object.isVisible (file:///C:/Xilinx/2025.1/Vitis/ide/electron-app/win64/resources/app/lib/frontend/bundle.js:2:21836337)
    at d.getVisibleHandler (file:///C:/Xilinx/2025.1/Vitis/ide/electron-app/win64/resources/app/lib/frontend/bundle.js:2:2805339)
    at d.isVisible (file:///C:/Xilinx/2025.1/Vitis/ide/electron-app/win64/resources/app/lib/frontend/bundle.js:2:2804661)
    at file:///C:/Xilinx/2025.1/Vitis/ide/electron-app/win64/resources/app/lib/frontend/bundle.js:2:2480115
    at Array.filter (<anonymous>)
    at n.normalize (file:///C:/Xilinx/2025.1/Vitis/ide/electron-app/win64/resources/app/lib/frontend/bundle.js:2:2480074)
    at n.getCommands (file:///C:/Xilinx/2025.1/Vitis/ide/electron-app/win64/resources/app/lib/frontend/bundle.js:2:2480037)
    at n.reset (file:///C:/Xilinx/2025.1/Vitis/ide/electron-app/win64/resources/app/lib/frontend/bundle.js:2:2477995)
    at n.getPicks (file:///C:/Xilinx/2025.1/Vitis/ide/electron-app/win64/resources/app/lib/frontend/bundle.js:2:2478183)
    at u._getPicks (file:///C:/Xilinx/2025.1/Vitis/ide/electron-app/win64/resources/app/lib/frontend/bundle.js:2:7786634) 
2026-03-18 16:12:04 [debug] : TypeError: Cannot read properties of undefined (reading 'parent')
    at Object.isVisible (file:///C:/Xilinx/2025.1/Vitis/ide/electron-app/win64/resources/app/lib/frontend/bundle.js:2:21836705)
    at d.getVisibleHandler (file:///C:/Xilinx/2025.1/Vitis/ide/electron-app/win64/resources/app/lib/frontend/bundle.js:2:2805339)
    at d.isVisible (file:///C:/Xilinx/2025.1/Vitis/ide/electron-app/win64/resources/app/lib/frontend/bundle.js:2:2804661)
    at file:///C:/Xilinx/2025.1/Vitis/ide/electron-app/win64/resources/app/lib/frontend/bundle.js:2:2480115
    at Array.filter (<anonymous>)
    at n.normalize (file:///C:/Xilinx/2025.1/Vitis/ide/electron-app/win64/resources/app/lib/frontend/bundle.js:2:2480074)
    at n.getCommands (file:///C:/Xilinx/2025.1/Vitis/ide/electron-app/win64/resources/app/lib/frontend/bundle.js:2:2480037)
    at n.reset (file:///C:/Xilinx/2025.1/Vitis/ide/electron-app/win64/resources/app/lib/frontend/bundle.js:2:2477995)
    at n.getPicks (file:///C:/Xilinx/2025.1/Vitis/ide/electron-app/win64/resources/app/lib/frontend/bundle.js:2:2478183)
    at u._getPicks (file:///C:/Xilinx/2025.1/Vitis/ide/electron-app/win64/resources/app/lib/frontend/bundle.js:2:7786634) 
2026-03-18 16:12:04 [debug] : TypeError: Cannot read properties of undefined (reading 'parent')
    at Object.isVisible (file:///C:/Xilinx/2025.1/Vitis/ide/electron-app/win64/resources/app/lib/frontend/bundle.js:2:21838622)
    at d.getVisibleHandler (file:///C:/Xilinx/2025.1/Vitis/ide/electron-app/win64/resources/app/lib/frontend/bundle.js:2:2805339)
    at d.isVisible (file:///C:/Xilinx/2025.1/Vitis/ide/electron-app/win64/resources/app/lib/frontend/bundle.js:2:2804661)
    at file:///C:/Xilinx/2025.1/Vitis/ide/electron-app/win64/resources/app/lib/frontend/bundle.js:2:2480115
    at Array.filter (<anonymous>)
    at n.normalize (file:///C:/Xilinx/2025.1/Vitis/ide/electron-app/win64/resources/app/lib/frontend/bundle.js:2:2480074)
    at n.getCommands (file:///C:/Xilinx/2025.1/Vitis/ide/electron-app/win64/resources/app/lib/frontend/bundle.js:2:2480037)
    at n.reset (file:///C:/Xilinx/2025.1/Vitis/ide/electron-app/win64/resources/app/lib/frontend/bundle.js:2:2477995)
    at n.getPicks (file:///C:/Xilinx/2025.1/Vitis/ide/electron-app/win64/resources/app/lib/frontend/bundle.js:2:2478183)
    at u._getPicks (file:///C:/Xilinx/2025.1/Vitis/ide/electron-app/win64/resources/app/lib/frontend/bundle.js:2:7786634) 
2026-03-18 16:12:04 [debug] : TypeError: Cannot read properties of undefined (reading 'path')
    at file:///C:/Xilinx/2025.1/Vitis/ide/electron-app/win64/resources/app/lib/frontend/bundle.js:2:18805401
    at Array.find (<anonymous>)
    at M.getKnownProject (file:///C:/Xilinx/2025.1/Vitis/ide/electron-app/win64/resources/app/lib/frontend/bundle.js:2:18805344)
    at Object.isVisible (file:///C:/Xilinx/2025.1/Vitis/ide/electron-app/win64/resources/app/lib/frontend/bundle.js:2:18293412)
    at d.getVisibleHandler (file:///C:/Xilinx/2025.1/Vitis/ide/electron-app/win64/resources/app/lib/frontend/bundle.js:2:2805339)
    at d.isVisible (file:///C:/Xilinx/2025.1/Vitis/ide/electron-app/win64/resources/app/lib/frontend/bundle.js:2:2804661)
    at file:///C:/Xilinx/2025.1/Vitis/ide/electron-app/win64/resources/app/lib/frontend/bundle.js:2:2480115
    at Array.filter (<anonymous>)
    at n.normalize (file:///C:/Xilinx/2025.1/Vitis/ide/electron-app/win64/resources/app/lib/frontend/bundle.js:2:2480074)
    at n.getCommands (file:///C:/Xilinx/2025.1/Vitis/ide/electron-app/win64/resources/app/lib/frontend/bundle.js:2:2480037) 
2026-03-18 16:12:04 [debug] : TypeError: Cannot read properties of undefined (reading 'event')
    at Object.isVisible (file:///C:/Xilinx/2025.1/Vitis/ide/electron-app/win64/resources/app/lib/frontend/bundle.js:2:1519166)
    at d.getVisibleHandler (file:///C:/Xilinx/2025.1/Vitis/ide/electron-app/win64/resources/app/lib/frontend/bundle.js:2:2805339)
    at d.isVisible (file:///C:/Xilinx/2025.1/Vitis/ide/electron-app/win64/resources/app/lib/frontend/bundle.js:2:2804661)
    at file:///C:/Xilinx/2025.1/Vitis/ide/electron-app/win64/resources/app/lib/frontend/bundle.js:2:2480115
    at Array.filter (<anonymous>)
    at n.normalize (file:///C:/Xilinx/2025.1/Vitis/ide/electron-app/win64/resources/app/lib/frontend/bundle.js:2:2480074)
    at n.getCommands (file:///C:/Xilinx/2025.1/Vitis/ide/electron-app/win64/resources/app/lib/frontend/bundle.js:2:2480037)
    at n.reset (file:///C:/Xilinx/2025.1/Vitis/ide/electron-app/win64/resources/app/lib/frontend/bundle.js:2:2477995)
    at n.getPicks (file:///C:/Xilinx/2025.1/Vitis/ide/electron-app/win64/resources/app/lib/frontend/bundle.js:2:2478183)
    at u._getPicks (file:///C:/Xilinx/2025.1/Vitis/ide/electron-app/win64/resources/app/lib/frontend/bundle.js:2:7786634) 
2026-03-18 16:12:05 [debug] : TypeError: i is not a function
    at Object.isVisible (file:///C:/Xilinx/2025.1/Vitis/ide/electron-app/win64/resources/app/lib/frontend/bundle.js:2:16712979)
    at d.getVisibleHandler (file:///C:/Xilinx/2025.1/Vitis/ide/electron-app/win64/resources/app/lib/frontend/bundle.js:2:2805339)
    at d.isVisible (file:///C:/Xilinx/2025.1/Vitis/ide/electron-app/win64/resources/app/lib/frontend/bundle.js:2:2804661)
    at file:///C:/Xilinx/2025.1/Vitis/ide/electron-app/win64/resources/app/lib/frontend/bundle.js:2:2480115
    at Array.filter (<anonymous>)
    at n.normalize (file:///C:/Xilinx/2025.1/Vitis/ide/electron-app/win64/resources/app/lib/frontend/bundle.js:2:2480074)
    at n.getCommands (file:///C:/Xilinx/2025.1/Vitis/ide/electron-app/win64/resources/app/lib/frontend/bundle.js:2:2480037)
    at n.reset (file:///C:/Xilinx/2025.1/Vitis/ide/electron-app/win64/resources/app/lib/frontend/bundle.js:2:2477995)
    at n.getPicks (file:///C:/Xilinx/2025.1/Vitis/ide/electron-app/win64/resources/app/lib/frontend/bundle.js:2:2478183)
    at u._getPicks (file:///C:/Xilinx/2025.1/Vitis/ide/electron-app/win64/resources/app/lib/frontend/bundle.js:2:7786634) 
2026-03-18 16:12:05 [debug] : TypeError: i is not a function
    at Object.isVisible (file:///C:/Xilinx/2025.1/Vitis/ide/electron-app/win64/resources/app/lib/frontend/bundle.js:2:16712979)
    at d.getVisibleHandler (file:///C:/Xilinx/2025.1/Vitis/ide/electron-app/win64/resources/app/lib/frontend/bundle.js:2:2805339)
    at d.isVisible (file:///C:/Xilinx/2025.1/Vitis/ide/electron-app/win64/resources/app/lib/frontend/bundle.js:2:2804661)
    at file:///C:/Xilinx/2025.1/Vitis/ide/electron-app/win64/resources/app/lib/frontend/bundle.js:2:2480115
    at Array.filter (<anonymous>)
    at n.normalize (file:///C:/Xilinx/2025.1/Vitis/ide/electron-app/win64/resources/app/lib/frontend/bundle.js:2:2480074)
    at n.getCommands (file:///C:/Xilinx/2025.1/Vitis/ide/electron-app/win64/resources/app/lib/frontend/bundle.js:2:2480037)
    at n.reset (file:///C:/Xilinx/2025.1/Vitis/ide/electron-app/win64/resources/app/lib/frontend/bundle.js:2:2477995)
    at n.getPicks (file:///C:/Xilinx/2025.1/Vitis/ide/electron-app/win64/resources/app/lib/frontend/bundle.js:2:2478183)
    at u._getPicks (file:///C:/Xilinx/2025.1/Vitis/ide/electron-app/win64/resources/app/lib/frontend/bundle.js:2:7786634) 
2026-03-18 16:12:05 [debug] : TypeError: i is not a function
    at Object.isVisible (file:///C:/Xilinx/2025.1/Vitis/ide/electron-app/win64/resources/app/lib/frontend/bundle.js:2:16712979)
    at d.getVisibleHandler (file:///C:/Xilinx/2025.1/Vitis/ide/electron-app/win64/resources/app/lib/frontend/bundle.js:2:2805339)
    at d.isVisible (file:///C:/Xilinx/2025.1/Vitis/ide/electron-app/win64/resources/app/lib/frontend/bundle.js:2:2804661)
    at file:///C:/Xilinx/2025.1/Vitis/ide/electron-app/win64/resources/app/lib/frontend/bundle.js:2:2480115
    at Array.filter (<anonymous>)
    at n.normalize (file:///C:/Xilinx/2025.1/Vitis/ide/electron-app/win64/resources/app/lib/frontend/bundle.js:2:2480074)
    at n.getCommands (file:///C:/Xilinx/2025.1/Vitis/ide/electron-app/win64/resources/app/lib/frontend/bundle.js:2:2480037)
    at n.reset (file:///C:/Xilinx/2025.1/Vitis/ide/electron-app/win64/resources/app/lib/frontend/bundle.js:2:2477995)
    at n.getPicks (file:///C:/Xilinx/2025.1/Vitis/ide/electron-app/win64/resources/app/lib/frontend/bundle.js:2:2478183)
    at u._getPicks (file:///C:/Xilinx/2025.1/Vitis/ide/electron-app/win64/resources/app/lib/frontend/bundle.js:2:7786634) 
2026-03-18 16:12:05 [debug] : TypeError: i is not a function
    at Object.isVisible (file:///C:/Xilinx/2025.1/Vitis/ide/electron-app/win64/resources/app/lib/frontend/bundle.js:2:16712979)
    at d.getVisibleHandler (file:///C:/Xilinx/2025.1/Vitis/ide/electron-app/win64/resources/app/lib/frontend/bundle.js:2:2805339)
    at d.isVisible (file:///C:/Xilinx/2025.1/Vitis/ide/electron-app/win64/resources/app/lib/frontend/bundle.js:2:2804661)
    at file:///C:/Xilinx/2025.1/Vitis/ide/electron-app/win64/resources/app/lib/frontend/bundle.js:2:2480115
    at Array.filter (<anonymous>)
    at n.normalize (file:///C:/Xilinx/2025.1/Vitis/ide/electron-app/win64/resources/app/lib/frontend/bundle.js:2:2480074)
    at n.getCommands (file:///C:/Xilinx/2025.1/Vitis/ide/electron-app/win64/resources/app/lib/frontend/bundle.js:2:2480037)
    at n.reset (file:///C:/Xilinx/2025.1/Vitis/ide/electron-app/win64/resources/app/lib/frontend/bundle.js:2:2477995)
    at n.getPicks (file:///C:/Xilinx/2025.1/Vitis/ide/electron-app/win64/resources/app/lib/frontend/bundle.js:2:2478183)
    at u._getPicks (file:///C:/Xilinx/2025.1/Vitis/ide/electron-app/win64/resources/app/lib/frontend/bundle.js:2:7786634) 
2026-03-18 16:12:05 [debug] : TypeError: i is not a function
    at Object.isVisible (file:///C:/Xilinx/2025.1/Vitis/ide/electron-app/win64/resources/app/lib/frontend/bundle.js:2:16712979)
    at d.getVisibleHandler (file:///C:/Xilinx/2025.1/Vitis/ide/electron-app/win64/resources/app/lib/frontend/bundle.js:2:2805339)
    at d.isVisible (file:///C:/Xilinx/2025.1/Vitis/ide/electron-app/win64/resources/app/lib/frontend/bundle.js:2:2804661)
    at file:///C:/Xilinx/2025.1/Vitis/ide/electron-app/win64/resources/app/lib/frontend/bundle.js:2:2480115
    at Array.filter (<anonymous>)
    at n.normalize (file:///C:/Xilinx/2025.1/Vitis/ide/electron-app/win64/resources/app/lib/frontend/bundle.js:2:2480074)
    at n.getCommands (file:///C:/Xilinx/2025.1/Vitis/ide/electron-app/win64/resources/app/lib/frontend/bundle.js:2:2480037)
    at n.reset (file:///C:/Xilinx/2025.1/Vitis/ide/electron-app/win64/resources/app/lib/frontend/bundle.js:2:2477995)
    at n.getPicks (file:///C:/Xilinx/2025.1/Vitis/ide/electron-app/win64/resources/app/lib/frontend/bundle.js:2:2478183)
    at u._getPicks (file:///C:/Xilinx/2025.1/Vitis/ide/electron-app/win64/resources/app/lib/frontend/bundle.js:2:7786634) 
2026-03-18 16:12:05 [debug] : TypeError: Cannot read properties of undefined (reading 'parent')
    at Object.isVisible (file:///C:/Xilinx/2025.1/Vitis/ide/electron-app/win64/resources/app/lib/frontend/bundle.js:2:21835645)
    at d.getVisibleHandler (file:///C:/Xilinx/2025.1/Vitis/ide/electron-app/win64/resources/app/lib/frontend/bundle.js:2:2805339)
    at d.isVisible (file:///C:/Xilinx/2025.1/Vitis/ide/electron-app/win64/resources/app/lib/frontend/bundle.js:2:2804661)
    at file:///C:/Xilinx/2025.1/Vitis/ide/electron-app/win64/resources/app/lib/frontend/bundle.js:2:2480115
    at Array.filter (<anonymous>)
    at n.normalize (file:///C:/Xilinx/2025.1/Vitis/ide/electron-app/win64/resources/app/lib/frontend/bundle.js:2:2480074)
    at n.getCommands (file:///C:/Xilinx/2025.1/Vitis/ide/electron-app/win64/resources/app/lib/frontend/bundle.js:2:2480037)
    at n.reset (file:///C:/Xilinx/2025.1/Vitis/ide/electron-app/win64/resources/app/lib/frontend/bundle.js:2:2477995)
    at n.getPicks (file:///C:/Xilinx/2025.1/Vitis/ide/electron-app/win64/resources/app/lib/frontend/bundle.js:2:2478183)
    at u._getPicks (file:///C:/Xilinx/2025.1/Vitis/ide/electron-app/win64/resources/app/lib/frontend/bundle.js:2:7786634) 
2026-03-18 16:12:05 [debug] : TypeError: Cannot read properties of undefined (reading 'parent')
    at Object.isVisible (file:///C:/Xilinx/2025.1/Vitis/ide/electron-app/win64/resources/app/lib/frontend/bundle.js:2:21836337)
    at d.getVisibleHandler (file:///C:/Xilinx/2025.1/Vitis/ide/electron-app/win64/resources/app/lib/frontend/bundle.js:2:2805339)
    at d.isVisible (file:///C:/Xilinx/2025.1/Vitis/ide/electron-app/win64/resources/app/lib/frontend/bundle.js:2:2804661)
    at file:///C:/Xilinx/2025.1/Vitis/ide/electron-app/win64/resources/app/lib/frontend/bundle.js:2:2480115
    at Array.filter (<anonymous>)
    at n.normalize (file:///C:/Xilinx/2025.1/Vitis/ide/electron-app/win64/resources/app/lib/frontend/bundle.js:2:2480074)
    at n.getCommands (file:///C:/Xilinx/2025.1/Vitis/ide/electron-app/win64/resources/app/lib/frontend/bundle.js:2:2480037)
    at n.reset (file:///C:/Xilinx/2025.1/Vitis/ide/electron-app/win64/resources/app/lib/frontend/bundle.js:2:2477995)
    at n.getPicks (file:///C:/Xilinx/2025.1/Vitis/ide/electron-app/win64/resources/app/lib/frontend/bundle.js:2:2478183)
    at u._getPicks (file:///C:/Xilinx/2025.1/Vitis/ide/electron-app/win64/resources/app/lib/frontend/bundle.js:2:7786634) 
2026-03-18 16:12:05 [debug] : TypeError: Cannot read properties of undefined (reading 'parent')
    at Object.isVisible (file:///C:/Xilinx/2025.1/Vitis/ide/electron-app/win64/resources/app/lib/frontend/bundle.js:2:21836705)
    at d.getVisibleHandler (file:///C:/Xilinx/2025.1/Vitis/ide/electron-app/win64/resources/app/lib/frontend/bundle.js:2:2805339)
    at d.isVisible (file:///C:/Xilinx/2025.1/Vitis/ide/electron-app/win64/resources/app/lib/frontend/bundle.js:2:2804661)
    at file:///C:/Xilinx/2025.1/Vitis/ide/electron-app/win64/resources/app/lib/frontend/bundle.js:2:2480115
    at Array.filter (<anonymous>)
    at n.normalize (file:///C:/Xilinx/2025.1/Vitis/ide/electron-app/win64/resources/app/lib/frontend/bundle.js:2:2480074)
    at n.getCommands (file:///C:/Xilinx/2025.1/Vitis/ide/electron-app/win64/resources/app/lib/frontend/bundle.js:2:2480037)
    at n.reset (file:///C:/Xilinx/2025.1/Vitis/ide/electron-app/win64/resources/app/lib/frontend/bundle.js:2:2477995)
    at n.getPicks (file:///C:/Xilinx/2025.1/Vitis/ide/electron-app/win64/resources/app/lib/frontend/bundle.js:2:2478183)
    at u._getPicks (file:///C:/Xilinx/2025.1/Vitis/ide/electron-app/win64/resources/app/lib/frontend/bundle.js:2:7786634) 
2026-03-18 16:12:05 [debug] : TypeError: Cannot read properties of undefined (reading 'parent')
    at Object.isVisible (file:///C:/Xilinx/2025.1/Vitis/ide/electron-app/win64/resources/app/lib/frontend/bundle.js:2:21838622)
    at d.getVisibleHandler (file:///C:/Xilinx/2025.1/Vitis/ide/electron-app/win64/resources/app/lib/frontend/bundle.js:2:2805339)
    at d.isVisible (file:///C:/Xilinx/2025.1/Vitis/ide/electron-app/win64/resources/app/lib/frontend/bundle.js:2:2804661)
    at file:///C:/Xilinx/2025.1/Vitis/ide/electron-app/win64/resources/app/lib/frontend/bundle.js:2:2480115
    at Array.filter (<anonymous>)
    at n.normalize (file:///C:/Xilinx/2025.1/Vitis/ide/electron-app/win64/resources/app/lib/frontend/bundle.js:2:2480074)
    at n.getCommands (file:///C:/Xilinx/2025.1/Vitis/ide/electron-app/win64/resources/app/lib/frontend/bundle.js:2:2480037)
    at n.reset (file:///C:/Xilinx/2025.1/Vitis/ide/electron-app/win64/resources/app/lib/frontend/bundle.js:2:2477995)
    at n.getPicks (file:///C:/Xilinx/2025.1/Vitis/ide/electron-app/win64/resources/app/lib/frontend/bundle.js:2:2478183)
    at u._getPicks (file:///C:/Xilinx/2025.1/Vitis/ide/electron-app/win64/resources/app/lib/frontend/bundle.js:2:7786634) 
2026-03-18 16:12:05 [debug] : TypeError: Cannot read properties of undefined (reading 'path')
    at file:///C:/Xilinx/2025.1/Vitis/ide/electron-app/win64/resources/app/lib/frontend/bundle.js:2:18805401
    at Array.find (<anonymous>)
    at M.getKnownProject (file:///C:/Xilinx/2025.1/Vitis/ide/electron-app/win64/resources/app/lib/frontend/bundle.js:2:18805344)
    at Object.isVisible (file:///C:/Xilinx/2025.1/Vitis/ide/electron-app/win64/resources/app/lib/frontend/bundle.js:2:18293412)
    at d.getVisibleHandler (file:///C:/Xilinx/2025.1/Vitis/ide/electron-app/win64/resources/app/lib/frontend/bundle.js:2:2805339)
    at d.isVisible (file:///C:/Xilinx/2025.1/Vitis/ide/electron-app/win64/resources/app/lib/frontend/bundle.js:2:2804661)
    at file:///C:/Xilinx/2025.1/Vitis/ide/electron-app/win64/resources/app/lib/frontend/bundle.js:2:2480115
    at Array.filter (<anonymous>)
    at n.normalize (file:///C:/Xilinx/2025.1/Vitis/ide/electron-app/win64/resources/app/lib/frontend/bundle.js:2:2480074)
    at n.getCommands (file:///C:/Xilinx/2025.1/Vitis/ide/electron-app/win64/resources/app/lib/frontend/bundle.js:2:2480037) 
2026-03-18 16:12:05 [debug] : TypeError: Cannot read properties of undefined (reading 'event')
    at Object.isVisible (file:///C:/Xilinx/2025.1/Vitis/ide/electron-app/win64/resources/app/lib/frontend/bundle.js:2:1519166)
    at d.getVisibleHandler (file:///C:/Xilinx/2025.1/Vitis/ide/electron-app/win64/resources/app/lib/frontend/bundle.js:2:2805339)
    at d.isVisible (file:///C:/Xilinx/2025.1/Vitis/ide/electron-app/win64/resources/app/lib/frontend/bundle.js:2:2804661)
    at file:///C:/Xilinx/2025.1/Vitis/ide/electron-app/win64/resources/app/lib/frontend/bundle.js:2:2480115
    at Array.filter (<anonymous>)
    at n.normalize (file:///C:/Xilinx/2025.1/Vitis/ide/electron-app/win64/resources/app/lib/frontend/bundle.js:2:2480074)
    at n.getCommands (file:///C:/Xilinx/2025.1/Vitis/ide/electron-app/win64/resources/app/lib/frontend/bundle.js:2:2480037)
    at n.reset (file:///C:/Xilinx/2025.1/Vitis/ide/electron-app/win64/resources/app/lib/frontend/bundle.js:2:2477995)
    at n.getPicks (file:///C:/Xilinx/2025.1/Vitis/ide/electron-app/win64/resources/app/lib/frontend/bundle.js:2:2478183)
    at u._getPicks (file:///C:/Xilinx/2025.1/Vitis/ide/electron-app/win64/resources/app/lib/frontend/bundle.js:2:7786634) 
2026-03-18 16:12:05 [debug] : TypeError: i is not a function
    at Object.isVisible (file:///C:/Xilinx/2025.1/Vitis/ide/electron-app/win64/resources/app/lib/frontend/bundle.js:2:16712979)
    at d.getVisibleHandler (file:///C:/Xilinx/2025.1/Vitis/ide/electron-app/win64/resources/app/lib/frontend/bundle.js:2:2805339)
    at d.isVisible (file:///C:/Xilinx/2025.1/Vitis/ide/electron-app/win64/resources/app/lib/frontend/bundle.js:2:2804661)
    at file:///C:/Xilinx/2025.1/Vitis/ide/electron-app/win64/resources/app/lib/frontend/bundle.js:2:2480115
    at Array.filter (<anonymous>)
    at n.normalize (file:///C:/Xilinx/2025.1/Vitis/ide/electron-app/win64/resources/app/lib/frontend/bundle.js:2:2480074)
    at n.getCommands (file:///C:/Xilinx/2025.1/Vitis/ide/electron-app/win64/resources/app/lib/frontend/bundle.js:2:2480037)
    at n.reset (file:///C:/Xilinx/2025.1/Vitis/ide/electron-app/win64/resources/app/lib/frontend/bundle.js:2:2477995)
    at n.getPicks (file:///C:/Xilinx/2025.1/Vitis/ide/electron-app/win64/resources/app/lib/frontend/bundle.js:2:2478183)
    at u._getPicks (file:///C:/Xilinx/2025.1/Vitis/ide/electron-app/win64/resources/app/lib/frontend/bundle.js:2:7786634) 
2026-03-18 16:12:05 [debug] : TypeError: i is not a function
    at Object.isVisible (file:///C:/Xilinx/2025.1/Vitis/ide/electron-app/win64/resources/app/lib/frontend/bundle.js:2:16712979)
    at d.getVisibleHandler (file:///C:/Xilinx/2025.1/Vitis/ide/electron-app/win64/resources/app/lib/frontend/bundle.js:2:2805339)
    at d.isVisible (file:///C:/Xilinx/2025.1/Vitis/ide/electron-app/win64/resources/app/lib/frontend/bundle.js:2:2804661)
    at file:///C:/Xilinx/2025.1/Vitis/ide/electron-app/win64/resources/app/lib/frontend/bundle.js:2:2480115
    at Array.filter (<anonymous>)
    at n.normalize (file:///C:/Xilinx/2025.1/Vitis/ide/electron-app/win64/resources/app/lib/frontend/bundle.js:2:2480074)
    at n.getCommands (file:///C:/Xilinx/2025.1/Vitis/ide/electron-app/win64/resources/app/lib/frontend/bundle.js:2:2480037)
    at n.reset (file:///C:/Xilinx/2025.1/Vitis/ide/electron-app/win64/resources/app/lib/frontend/bundle.js:2:2477995)
    at n.getPicks (file:///C:/Xilinx/2025.1/Vitis/ide/electron-app/win64/resources/app/lib/frontend/bundle.js:2:2478183)
    at u._getPicks (file:///C:/Xilinx/2025.1/Vitis/ide/electron-app/win64/resources/app/lib/frontend/bundle.js:2:7786634) 
2026-03-18 16:12:05 [debug] : TypeError: i is not a function
    at Object.isVisible (file:///C:/Xilinx/2025.1/Vitis/ide/electron-app/win64/resources/app/lib/frontend/bundle.js:2:16712979)
    at d.getVisibleHandler (file:///C:/Xilinx/2025.1/Vitis/ide/electron-app/win64/resources/app/lib/frontend/bundle.js:2:2805339)
    at d.isVisible (file:///C:/Xilinx/2025.1/Vitis/ide/electron-app/win64/resources/app/lib/frontend/bundle.js:2:2804661)
    at file:///C:/Xilinx/2025.1/Vitis/ide/electron-app/win64/resources/app/lib/frontend/bundle.js:2:2480115
    at Array.filter (<anonymous>)
    at n.normalize (file:///C:/Xilinx/2025.1/Vitis/ide/electron-app/win64/resources/app/lib/frontend/bundle.js:2:2480074)
    at n.getCommands (file:///C:/Xilinx/2025.1/Vitis/ide/electron-app/win64/resources/app/lib/frontend/bundle.js:2:2480037)
    at n.reset (file:///C:/Xilinx/2025.1/Vitis/ide/electron-app/win64/resources/app/lib/frontend/bundle.js:2:2477995)
    at n.getPicks (file:///C:/Xilinx/2025.1/Vitis/ide/electron-app/win64/resources/app/lib/frontend/bundle.js:2:2478183)
    at u._getPicks (file:///C:/Xilinx/2025.1/Vitis/ide/electron-app/win64/resources/app/lib/frontend/bundle.js:2:7786634) 
2026-03-18 16:12:05 [debug] : TypeError: i is not a function
    at Object.isVisible (file:///C:/Xilinx/2025.1/Vitis/ide/electron-app/win64/resources/app/lib/frontend/bundle.js:2:16712979)
    at d.getVisibleHandler (file:///C:/Xilinx/2025.1/Vitis/ide/electron-app/win64/resources/app/lib/frontend/bundle.js:2:2805339)
    at d.isVisible (file:///C:/Xilinx/2025.1/Vitis/ide/electron-app/win64/resources/app/lib/frontend/bundle.js:2:2804661)
    at file:///C:/Xilinx/2025.1/Vitis/ide/electron-app/win64/resources/app/lib/frontend/bundle.js:2:2480115
    at Array.filter (<anonymous>)
    at n.normalize (file:///C:/Xilinx/2025.1/Vitis/ide/electron-app/win64/resources/app/lib/frontend/bundle.js:2:2480074)
    at n.getCommands (file:///C:/Xilinx/2025.1/Vitis/ide/electron-app/win64/resources/app/lib/frontend/bundle.js:2:2480037)
    at n.reset (file:///C:/Xilinx/2025.1/Vitis/ide/electron-app/win64/resources/app/lib/frontend/bundle.js:2:2477995)
    at n.getPicks (file:///C:/Xilinx/2025.1/Vitis/ide/electron-app/win64/resources/app/lib/frontend/bundle.js:2:2478183)
    at u._getPicks (file:///C:/Xilinx/2025.1/Vitis/ide/electron-app/win64/resources/app/lib/frontend/bundle.js:2:7786634) 
2026-03-18 16:12:05 [debug] : TypeError: i is not a function
    at Object.isVisible (file:///C:/Xilinx/2025.1/Vitis/ide/electron-app/win64/resources/app/lib/frontend/bundle.js:2:16712979)
    at d.getVisibleHandler (file:///C:/Xilinx/2025.1/Vitis/ide/electron-app/win64/resources/app/lib/frontend/bundle.js:2:2805339)
    at d.isVisible (file:///C:/Xilinx/2025.1/Vitis/ide/electron-app/win64/resources/app/lib/frontend/bundle.js:2:2804661)
    at file:///C:/Xilinx/2025.1/Vitis/ide/electron-app/win64/resources/app/lib/frontend/bundle.js:2:2480115
    at Array.filter (<anonymous>)
    at n.normalize (file:///C:/Xilinx/2025.1/Vitis/ide/electron-app/win64/resources/app/lib/frontend/bundle.js:2:2480074)
    at n.getCommands (file:///C:/Xilinx/2025.1/Vitis/ide/electron-app/win64/resources/app/lib/frontend/bundle.js:2:2480037)
    at n.reset (file:///C:/Xilinx/2025.1/Vitis/ide/electron-app/win64/resources/app/lib/frontend/bundle.js:2:2477995)
    at n.getPicks (file:///C:/Xilinx/2025.1/Vitis/ide/electron-app/win64/resources/app/lib/frontend/bundle.js:2:2478183)
    at u._getPicks (file:///C:/Xilinx/2025.1/Vitis/ide/electron-app/win64/resources/app/lib/frontend/bundle.js:2:7786634) 
2026-03-18 16:12:05 [debug] : TypeError: Cannot read properties of undefined (reading 'parent')
    at Object.isVisible (file:///C:/Xilinx/2025.1/Vitis/ide/electron-app/win64/resources/app/lib/frontend/bundle.js:2:21835645)
    at d.getVisibleHandler (file:///C:/Xilinx/2025.1/Vitis/ide/electron-app/win64/resources/app/lib/frontend/bundle.js:2:2805339)
    at d.isVisible (file:///C:/Xilinx/2025.1/Vitis/ide/electron-app/win64/resources/app/lib/frontend/bundle.js:2:2804661)
    at file:///C:/Xilinx/2025.1/Vitis/ide/electron-app/win64/resources/app/lib/frontend/bundle.js:2:2480115
    at Array.filter (<anonymous>)
    at n.normalize (file:///C:/Xilinx/2025.1/Vitis/ide/electron-app/win64/resources/app/lib/frontend/bundle.js:2:2480074)
    at n.getCommands (file:///C:/Xilinx/2025.1/Vitis/ide/electron-app/win64/resources/app/lib/frontend/bundle.js:2:2480037)
    at n.reset (file:///C:/Xilinx/2025.1/Vitis/ide/electron-app/win64/resources/app/lib/frontend/bundle.js:2:2477995)
    at n.getPicks (file:///C:/Xilinx/2025.1/Vitis/ide/electron-app/win64/resources/app/lib/frontend/bundle.js:2:2478183)
    at u._getPicks (file:///C:/Xilinx/2025.1/Vitis/ide/electron-app/win64/resources/app/lib/frontend/bundle.js:2:7786634) 
2026-03-18 16:12:05 [debug] : TypeError: Cannot read properties of undefined (reading 'parent')
    at Object.isVisible (file:///C:/Xilinx/2025.1/Vitis/ide/electron-app/win64/resources/app/lib/frontend/bundle.js:2:21836337)
    at d.getVisibleHandler (file:///C:/Xilinx/2025.1/Vitis/ide/electron-app/win64/resources/app/lib/frontend/bundle.js:2:2805339)
    at d.isVisible (file:///C:/Xilinx/2025.1/Vitis/ide/electron-app/win64/resources/app/lib/frontend/bundle.js:2:2804661)
    at file:///C:/Xilinx/2025.1/Vitis/ide/electron-app/win64/resources/app/lib/frontend/bundle.js:2:2480115
    at Array.filter (<anonymous>)
    at n.normalize (file:///C:/Xilinx/2025.1/Vitis/ide/electron-app/win64/resources/app/lib/frontend/bundle.js:2:2480074)
    at n.getCommands (file:///C:/Xilinx/2025.1/Vitis/ide/electron-app/win64/resources/app/lib/frontend/bundle.js:2:2480037)
    at n.reset (file:///C:/Xilinx/2025.1/Vitis/ide/electron-app/win64/resources/app/lib/frontend/bundle.js:2:2477995)
    at n.getPicks (file:///C:/Xilinx/2025.1/Vitis/ide/electron-app/win64/resources/app/lib/frontend/bundle.js:2:2478183)
    at u._getPicks (file:///C:/Xilinx/2025.1/Vitis/ide/electron-app/win64/resources/app/lib/frontend/bundle.js:2:7786634) 
2026-03-18 16:12:05 [debug] : TypeError: Cannot read properties of undefined (reading 'parent')
    at Object.isVisible (file:///C:/Xilinx/2025.1/Vitis/ide/electron-app/win64/resources/app/lib/frontend/bundle.js:2:21836705)
    at d.getVisibleHandler (file:///C:/Xilinx/2025.1/Vitis/ide/electron-app/win64/resources/app/lib/frontend/bundle.js:2:2805339)
    at d.isVisible (file:///C:/Xilinx/2025.1/Vitis/ide/electron-app/win64/resources/app/lib/frontend/bundle.js:2:2804661)
    at file:///C:/Xilinx/2025.1/Vitis/ide/electron-app/win64/resources/app/lib/frontend/bundle.js:2:2480115
    at Array.filter (<anonymous>)
    at n.normalize (file:///C:/Xilinx/2025.1/Vitis/ide/electron-app/win64/resources/app/lib/frontend/bundle.js:2:2480074)
    at n.getCommands (file:///C:/Xilinx/2025.1/Vitis/ide/electron-app/win64/resources/app/lib/frontend/bundle.js:2:2480037)
    at n.reset (file:///C:/Xilinx/2025.1/Vitis/ide/electron-app/win64/resources/app/lib/frontend/bundle.js:2:2477995)
    at n.getPicks (file:///C:/Xilinx/2025.1/Vitis/ide/electron-app/win64/resources/app/lib/frontend/bundle.js:2:2478183)
    at u._getPicks (file:///C:/Xilinx/2025.1/Vitis/ide/electron-app/win64/resources/app/lib/frontend/bundle.js:2:7786634) 
2026-03-18 16:12:05 [debug] : TypeError: Cannot read properties of undefined (reading 'parent')
    at Object.isVisible (file:///C:/Xilinx/2025.1/Vitis/ide/electron-app/win64/resources/app/lib/frontend/bundle.js:2:21838622)
    at d.getVisibleHandler (file:///C:/Xilinx/2025.1/Vitis/ide/electron-app/win64/resources/app/lib/frontend/bundle.js:2:2805339)
    at d.isVisible (file:///C:/Xilinx/2025.1/Vitis/ide/electron-app/win64/resources/app/lib/frontend/bundle.js:2:2804661)
    at file:///C:/Xilinx/2025.1/Vitis/ide/electron-app/win64/resources/app/lib/frontend/bundle.js:2:2480115
    at Array.filter (<anonymous>)
    at n.normalize (file:///C:/Xilinx/2025.1/Vitis/ide/electron-app/win64/resources/app/lib/frontend/bundle.js:2:2480074)
    at n.getCommands (file:///C:/Xilinx/2025.1/Vitis/ide/electron-app/win64/resources/app/lib/frontend/bundle.js:2:2480037)
    at n.reset (file:///C:/Xilinx/2025.1/Vitis/ide/electron-app/win64/resources/app/lib/frontend/bundle.js:2:2477995)
    at n.getPicks (file:///C:/Xilinx/2025.1/Vitis/ide/electron-app/win64/resources/app/lib/frontend/bundle.js:2:2478183)
    at u._getPicks (file:///C:/Xilinx/2025.1/Vitis/ide/electron-app/win64/resources/app/lib/frontend/bundle.js:2:7786634) 
2026-03-18 16:12:05 [debug] : TypeError: Cannot read properties of undefined (reading 'path')
    at file:///C:/Xilinx/2025.1/Vitis/ide/electron-app/win64/resources/app/lib/frontend/bundle.js:2:18805401
    at Array.find (<anonymous>)
    at M.getKnownProject (file:///C:/Xilinx/2025.1/Vitis/ide/electron-app/win64/resources/app/lib/frontend/bundle.js:2:18805344)
    at Object.isVisible (file:///C:/Xilinx/2025.1/Vitis/ide/electron-app/win64/resources/app/lib/frontend/bundle.js:2:18293412)
    at d.getVisibleHandler (file:///C:/Xilinx/2025.1/Vitis/ide/electron-app/win64/resources/app/lib/frontend/bundle.js:2:2805339)
    at d.isVisible (file:///C:/Xilinx/2025.1/Vitis/ide/electron-app/win64/resources/app/lib/frontend/bundle.js:2:2804661)
    at file:///C:/Xilinx/2025.1/Vitis/ide/electron-app/win64/resources/app/lib/frontend/bundle.js:2:2480115
    at Array.filter (<anonymous>)
    at n.normalize (file:///C:/Xilinx/2025.1/Vitis/ide/electron-app/win64/resources/app/lib/frontend/bundle.js:2:2480074)
    at n.getCommands (file:///C:/Xilinx/2025.1/Vitis/ide/electron-app/win64/resources/app/lib/frontend/bundle.js:2:2480037) 
2026-03-18 16:12:05 [debug] : TypeError: Cannot read properties of undefined (reading 'event')
    at Object.isVisible (file:///C:/Xilinx/2025.1/Vitis/ide/electron-app/win64/resources/app/lib/frontend/bundle.js:2:1519166)
    at d.getVisibleHandler (file:///C:/Xilinx/2025.1/Vitis/ide/electron-app/win64/resources/app/lib/frontend/bundle.js:2:2805339)
    at d.isVisible (file:///C:/Xilinx/2025.1/Vitis/ide/electron-app/win64/resources/app/lib/frontend/bundle.js:2:2804661)
    at file:///C:/Xilinx/2025.1/Vitis/ide/electron-app/win64/resources/app/lib/frontend/bundle.js:2:2480115
    at Array.filter (<anonymous>)
    at n.normalize (file:///C:/Xilinx/2025.1/Vitis/ide/electron-app/win64/resources/app/lib/frontend/bundle.js:2:2480074)
    at n.getCommands (file:///C:/Xilinx/2025.1/Vitis/ide/electron-app/win64/resources/app/lib/frontend/bundle.js:2:2480037)
    at n.reset (file:///C:/Xilinx/2025.1/Vitis/ide/electron-app/win64/resources/app/lib/frontend/bundle.js:2:2477995)
    at n.getPicks (file:///C:/Xilinx/2025.1/Vitis/ide/electron-app/win64/resources/app/lib/frontend/bundle.js:2:2478183)
    at u._getPicks (file:///C:/Xilinx/2025.1/Vitis/ide/electron-app/win64/resources/app/lib/frontend/bundle.js:2:7786634) 
2026-03-18 16:12:05 [debug] : TypeError: i is not a function
    at Object.isVisible (file:///C:/Xilinx/2025.1/Vitis/ide/electron-app/win64/resources/app/lib/frontend/bundle.js:2:16712979)
    at d.getVisibleHandler (file:///C:/Xilinx/2025.1/Vitis/ide/electron-app/win64/resources/app/lib/frontend/bundle.js:2:2805339)
    at d.isVisible (file:///C:/Xilinx/2025.1/Vitis/ide/electron-app/win64/resources/app/lib/frontend/bundle.js:2:2804661)
    at file:///C:/Xilinx/2025.1/Vitis/ide/electron-app/win64/resources/app/lib/frontend/bundle.js:2:2480115
    at Array.filter (<anonymous>)
    at n.normalize (file:///C:/Xilinx/2025.1/Vitis/ide/electron-app/win64/resources/app/lib/frontend/bundle.js:2:2480074)
    at n.getCommands (file:///C:/Xilinx/2025.1/Vitis/ide/electron-app/win64/resources/app/lib/frontend/bundle.js:2:2480037)
    at n.reset (file:///C:/Xilinx/2025.1/Vitis/ide/electron-app/win64/resources/app/lib/frontend/bundle.js:2:2477995)
    at n.getPicks (file:///C:/Xilinx/2025.1/Vitis/ide/electron-app/win64/resources/app/lib/frontend/bundle.js:2:2478183)
    at u._getPicks (file:///C:/Xilinx/2025.1/Vitis/ide/electron-app/win64/resources/app/lib/frontend/bundle.js:2:7786634) 
2026-03-18 16:12:05 [debug] : TypeError: i is not a function
    at Object.isVisible (file:///C:/Xilinx/2025.1/Vitis/ide/electron-app/win64/resources/app/lib/frontend/bundle.js:2:16712979)
    at d.getVisibleHandler (file:///C:/Xilinx/2025.1/Vitis/ide/electron-app/win64/resources/app/lib/frontend/bundle.js:2:2805339)
    at d.isVisible (file:///C:/Xilinx/2025.1/Vitis/ide/electron-app/win64/resources/app/lib/frontend/bundle.js:2:2804661)
    at file:///C:/Xilinx/2025.1/Vitis/ide/electron-app/win64/resources/app/lib/frontend/bundle.js:2:2480115
    at Array.filter (<anonymous>)
    at n.normalize (file:///C:/Xilinx/2025.1/Vitis/ide/electron-app/win64/resources/app/lib/frontend/bundle.js:2:2480074)
    at n.getCommands (file:///C:/Xilinx/2025.1/Vitis/ide/electron-app/win64/resources/app/lib/frontend/bundle.js:2:2480037)
    at n.reset (file:///C:/Xilinx/2025.1/Vitis/ide/electron-app/win64/resources/app/lib/frontend/bundle.js:2:2477995)
    at n.getPicks (file:///C:/Xilinx/2025.1/Vitis/ide/electron-app/win64/resources/app/lib/frontend/bundle.js:2:2478183)
    at u._getPicks (file:///C:/Xilinx/2025.1/Vitis/ide/electron-app/win64/resources/app/lib/frontend/bundle.js:2:7786634) 
2026-03-18 16:12:05 [debug] : TypeError: i is not a function
    at Object.isVisible (file:///C:/Xilinx/2025.1/Vitis/ide/electron-app/win64/resources/app/lib/frontend/bundle.js:2:16712979)
    at d.getVisibleHandler (file:///C:/Xilinx/2025.1/Vitis/ide/electron-app/win64/resources/app/lib/frontend/bundle.js:2:2805339)
    at d.isVisible (file:///C:/Xilinx/2025.1/Vitis/ide/electron-app/win64/resources/app/lib/frontend/bundle.js:2:2804661)
    at file:///C:/Xilinx/2025.1/Vitis/ide/electron-app/win64/resources/app/lib/frontend/bundle.js:2:2480115
    at Array.filter (<anonymous>)
    at n.normalize (file:///C:/Xilinx/2025.1/Vitis/ide/electron-app/win64/resources/app/lib/frontend/bundle.js:2:2480074)
    at n.getCommands (file:///C:/Xilinx/2025.1/Vitis/ide/electron-app/win64/resources/app/lib/frontend/bundle.js:2:2480037)
    at n.reset (file:///C:/Xilinx/2025.1/Vitis/ide/electron-app/win64/resources/app/lib/frontend/bundle.js:2:2477995)
    at n.getPicks (file:///C:/Xilinx/2025.1/Vitis/ide/electron-app/win64/resources/app/lib/frontend/bundle.js:2:2478183)
    at u._getPicks (file:///C:/Xilinx/2025.1/Vitis/ide/electron-app/win64/resources/app/lib/frontend/bundle.js:2:7786634) 
2026-03-18 16:12:05 [debug] : TypeError: i is not a function
    at Object.isVisible (file:///C:/Xilinx/2025.1/Vitis/ide/electron-app/win64/resources/app/lib/frontend/bundle.js:2:16712979)
    at d.getVisibleHandler (file:///C:/Xilinx/2025.1/Vitis/ide/electron-app/win64/resources/app/lib/frontend/bundle.js:2:2805339)
    at d.isVisible (file:///C:/Xilinx/2025.1/Vitis/ide/electron-app/win64/resources/app/lib/frontend/bundle.js:2:2804661)
    at file:///C:/Xilinx/2025.1/Vitis/ide/electron-app/win64/resources/app/lib/frontend/bundle.js:2:2480115
    at Array.filter (<anonymous>)
    at n.normalize (file:///C:/Xilinx/2025.1/Vitis/ide/electron-app/win64/resources/app/lib/frontend/bundle.js:2:2480074)
    at n.getCommands (file:///C:/Xilinx/2025.1/Vitis/ide/electron-app/win64/resources/app/lib/frontend/bundle.js:2:2480037)
    at n.reset (file:///C:/Xilinx/2025.1/Vitis/ide/electron-app/win64/resources/app/lib/frontend/bundle.js:2:2477995)
    at n.getPicks (file:///C:/Xilinx/2025.1/Vitis/ide/electron-app/win64/resources/app/lib/frontend/bundle.js:2:2478183)
    at u._getPicks (file:///C:/Xilinx/2025.1/Vitis/ide/electron-app/win64/resources/app/lib/frontend/bundle.js:2:7786634) 
2026-03-18 16:12:05 [debug] : TypeError: i is not a function
    at Object.isVisible (file:///C:/Xilinx/2025.1/Vitis/ide/electron-app/win64/resources/app/lib/frontend/bundle.js:2:16712979)
    at d.getVisibleHandler (file:///C:/Xilinx/2025.1/Vitis/ide/electron-app/win64/resources/app/lib/frontend/bundle.js:2:2805339)
    at d.isVisible (file:///C:/Xilinx/2025.1/Vitis/ide/electron-app/win64/resources/app/lib/frontend/bundle.js:2:2804661)
    at file:///C:/Xilinx/2025.1/Vitis/ide/electron-app/win64/resources/app/lib/frontend/bundle.js:2:2480115
    at Array.filter (<anonymous>)
    at n.normalize (file:///C:/Xilinx/2025.1/Vitis/ide/electron-app/win64/resources/app/lib/frontend/bundle.js:2:2480074)
    at n.getCommands (file:///C:/Xilinx/2025.1/Vitis/ide/electron-app/win64/resources/app/lib/frontend/bundle.js:2:2480037)
    at n.reset (file:///C:/Xilinx/2025.1/Vitis/ide/electron-app/win64/resources/app/lib/frontend/bundle.js:2:2477995)
    at n.getPicks (file:///C:/Xilinx/2025.1/Vitis/ide/electron-app/win64/resources/app/lib/frontend/bundle.js:2:2478183)
    at u._getPicks (file:///C:/Xilinx/2025.1/Vitis/ide/electron-app/win64/resources/app/lib/frontend/bundle.js:2:7786634) 
2026-03-18 16:12:05 [debug] : TypeError: Cannot read properties of undefined (reading 'parent')
    at Object.isVisible (file:///C:/Xilinx/2025.1/Vitis/ide/electron-app/win64/resources/app/lib/frontend/bundle.js:2:21835645)
    at d.getVisibleHandler (file:///C:/Xilinx/2025.1/Vitis/ide/electron-app/win64/resources/app/lib/frontend/bundle.js:2:2805339)
    at d.isVisible (file:///C:/Xilinx/2025.1/Vitis/ide/electron-app/win64/resources/app/lib/frontend/bundle.js:2:2804661)
    at file:///C:/Xilinx/2025.1/Vitis/ide/electron-app/win64/resources/app/lib/frontend/bundle.js:2:2480115
    at Array.filter (<anonymous>)
    at n.normalize (file:///C:/Xilinx/2025.1/Vitis/ide/electron-app/win64/resources/app/lib/frontend/bundle.js:2:2480074)
    at n.getCommands (file:///C:/Xilinx/2025.1/Vitis/ide/electron-app/win64/resources/app/lib/frontend/bundle.js:2:2480037)
    at n.reset (file:///C:/Xilinx/2025.1/Vitis/ide/electron-app/win64/resources/app/lib/frontend/bundle.js:2:2477995)
    at n.getPicks (file:///C:/Xilinx/2025.1/Vitis/ide/electron-app/win64/resources/app/lib/frontend/bundle.js:2:2478183)
    at u._getPicks (file:///C:/Xilinx/2025.1/Vitis/ide/electron-app/win64/resources/app/lib/frontend/bundle.js:2:7786634) 
2026-03-18 16:12:05 [debug] : TypeError: Cannot read properties of undefined (reading 'parent')
    at Object.isVisible (file:///C:/Xilinx/2025.1/Vitis/ide/electron-app/win64/resources/app/lib/frontend/bundle.js:2:21836337)
    at d.getVisibleHandler (file:///C:/Xilinx/2025.1/Vitis/ide/electron-app/win64/resources/app/lib/frontend/bundle.js:2:2805339)
    at d.isVisible (file:///C:/Xilinx/2025.1/Vitis/ide/electron-app/win64/resources/app/lib/frontend/bundle.js:2:2804661)
    at file:///C:/Xilinx/2025.1/Vitis/ide/electron-app/win64/resources/app/lib/frontend/bundle.js:2:2480115
    at Array.filter (<anonymous>)
    at n.normalize (file:///C:/Xilinx/2025.1/Vitis/ide/electron-app/win64/resources/app/lib/frontend/bundle.js:2:2480074)
    at n.getCommands (file:///C:/Xilinx/2025.1/Vitis/ide/electron-app/win64/resources/app/lib/frontend/bundle.js:2:2480037)
    at n.reset (file:///C:/Xilinx/2025.1/Vitis/ide/electron-app/win64/resources/app/lib/frontend/bundle.js:2:2477995)
    at n.getPicks (file:///C:/Xilinx/2025.1/Vitis/ide/electron-app/win64/resources/app/lib/frontend/bundle.js:2:2478183)
    at u._getPicks (file:///C:/Xilinx/2025.1/Vitis/ide/electron-app/win64/resources/app/lib/frontend/bundle.js:2:7786634) 
2026-03-18 16:12:05 [debug] : TypeError: Cannot read properties of undefined (reading 'parent')
    at Object.isVisible (file:///C:/Xilinx/2025.1/Vitis/ide/electron-app/win64/resources/app/lib/frontend/bundle.js:2:21836705)
    at d.getVisibleHandler (file:///C:/Xilinx/2025.1/Vitis/ide/electron-app/win64/resources/app/lib/frontend/bundle.js:2:2805339)
    at d.isVisible (file:///C:/Xilinx/2025.1/Vitis/ide/electron-app/win64/resources/app/lib/frontend/bundle.js:2:2804661)
    at file:///C:/Xilinx/2025.1/Vitis/ide/electron-app/win64/resources/app/lib/frontend/bundle.js:2:2480115
    at Array.filter (<anonymous>)
    at n.normalize (file:///C:/Xilinx/2025.1/Vitis/ide/electron-app/win64/resources/app/lib/frontend/bundle.js:2:2480074)
    at n.getCommands (file:///C:/Xilinx/2025.1/Vitis/ide/electron-app/win64/resources/app/lib/frontend/bundle.js:2:2480037)
    at n.reset (file:///C:/Xilinx/2025.1/Vitis/ide/electron-app/win64/resources/app/lib/frontend/bundle.js:2:2477995)
    at n.getPicks (file:///C:/Xilinx/2025.1/Vitis/ide/electron-app/win64/resources/app/lib/frontend/bundle.js:2:2478183)
    at u._getPicks (file:///C:/Xilinx/2025.1/Vitis/ide/electron-app/win64/resources/app/lib/frontend/bundle.js:2:7786634) 
2026-03-18 16:12:05 [debug] : TypeError: Cannot read properties of undefined (reading 'parent')
    at Object.isVisible (file:///C:/Xilinx/2025.1/Vitis/ide/electron-app/win64/resources/app/lib/frontend/bundle.js:2:21838622)
    at d.getVisibleHandler (file:///C:/Xilinx/2025.1/Vitis/ide/electron-app/win64/resources/app/lib/frontend/bundle.js:2:2805339)
    at d.isVisible (file:///C:/Xilinx/2025.1/Vitis/ide/electron-app/win64/resources/app/lib/frontend/bundle.js:2:2804661)
    at file:///C:/Xilinx/2025.1/Vitis/ide/electron-app/win64/resources/app/lib/frontend/bundle.js:2:2480115
    at Array.filter (<anonymous>)
    at n.normalize (file:///C:/Xilinx/2025.1/Vitis/ide/electron-app/win64/resources/app/lib/frontend/bundle.js:2:2480074)
    at n.getCommands (file:///C:/Xilinx/2025.1/Vitis/ide/electron-app/win64/resources/app/lib/frontend/bundle.js:2:2480037)
    at n.reset (file:///C:/Xilinx/2025.1/Vitis/ide/electron-app/win64/resources/app/lib/frontend/bundle.js:2:2477995)
    at n.getPicks (file:///C:/Xilinx/2025.1/Vitis/ide/electron-app/win64/resources/app/lib/frontend/bundle.js:2:2478183)
    at u._getPicks (file:///C:/Xilinx/2025.1/Vitis/ide/electron-app/win64/resources/app/lib/frontend/bundle.js:2:7786634) 
2026-03-18 16:12:05 [debug] : TypeError: Cannot read properties of undefined (reading 'path')
    at file:///C:/Xilinx/2025.1/Vitis/ide/electron-app/win64/resources/app/lib/frontend/bundle.js:2:18805401
    at Array.find (<anonymous>)
    at M.getKnownProject (file:///C:/Xilinx/2025.1/Vitis/ide/electron-app/win64/resources/app/lib/frontend/bundle.js:2:18805344)
    at Object.isVisible (file:///C:/Xilinx/2025.1/Vitis/ide/electron-app/win64/resources/app/lib/frontend/bundle.js:2:18293412)
    at d.getVisibleHandler (file:///C:/Xilinx/2025.1/Vitis/ide/electron-app/win64/resources/app/lib/frontend/bundle.js:2:2805339)
    at d.isVisible (file:///C:/Xilinx/2025.1/Vitis/ide/electron-app/win64/resources/app/lib/frontend/bundle.js:2:2804661)
    at file:///C:/Xilinx/2025.1/Vitis/ide/electron-app/win64/resources/app/lib/frontend/bundle.js:2:2480115
    at Array.filter (<anonymous>)
    at n.normalize (file:///C:/Xilinx/2025.1/Vitis/ide/electron-app/win64/resources/app/lib/frontend/bundle.js:2:2480074)
    at n.getCommands (file:///C:/Xilinx/2025.1/Vitis/ide/electron-app/win64/resources/app/lib/frontend/bundle.js:2:2480037) 
2026-03-18 16:12:05 [debug] : TypeError: Cannot read properties of undefined (reading 'event')
    at Object.isVisible (file:///C:/Xilinx/2025.1/Vitis/ide/electron-app/win64/resources/app/lib/frontend/bundle.js:2:1519166)
    at d.getVisibleHandler (file:///C:/Xilinx/2025.1/Vitis/ide/electron-app/win64/resources/app/lib/frontend/bundle.js:2:2805339)
    at d.isVisible (file:///C:/Xilinx/2025.1/Vitis/ide/electron-app/win64/resources/app/lib/frontend/bundle.js:2:2804661)
    at file:///C:/Xilinx/2025.1/Vitis/ide/electron-app/win64/resources/app/lib/frontend/bundle.js:2:2480115
    at Array.filter (<anonymous>)
    at n.normalize (file:///C:/Xilinx/2025.1/Vitis/ide/electron-app/win64/resources/app/lib/frontend/bundle.js:2:2480074)
    at n.getCommands (file:///C:/Xilinx/2025.1/Vitis/ide/electron-app/win64/resources/app/lib/frontend/bundle.js:2:2480037)
    at n.reset (file:///C:/Xilinx/2025.1/Vitis/ide/electron-app/win64/resources/app/lib/frontend/bundle.js:2:2477995)
    at n.getPicks (file:///C:/Xilinx/2025.1/Vitis/ide/electron-app/win64/resources/app/lib/frontend/bundle.js:2:2478183)
    at u._getPicks (file:///C:/Xilinx/2025.1/Vitis/ide/electron-app/win64/resources/app/lib/frontend/bundle.js:2:7786634) 
2026-03-18 16:12:06 [debug] : TypeError: i is not a function
    at Object.isVisible (file:///C:/Xilinx/2025.1/Vitis/ide/electron-app/win64/resources/app/lib/frontend/bundle.js:2:16712979)
    at d.getVisibleHandler (file:///C:/Xilinx/2025.1/Vitis/ide/electron-app/win64/resources/app/lib/frontend/bundle.js:2:2805339)
    at d.isVisible (file:///C:/Xilinx/2025.1/Vitis/ide/electron-app/win64/resources/app/lib/frontend/bundle.js:2:2804661)
    at file:///C:/Xilinx/2025.1/Vitis/ide/electron-app/win64/resources/app/lib/frontend/bundle.js:2:2480115
    at Array.filter (<anonymous>)
    at n.normalize (file:///C:/Xilinx/2025.1/Vitis/ide/electron-app/win64/resources/app/lib/frontend/bundle.js:2:2480074)
    at n.getCommands (file:///C:/Xilinx/2025.1/Vitis/ide/electron-app/win64/resources/app/lib/frontend/bundle.js:2:2480037)
    at n.reset (file:///C:/Xilinx/2025.1/Vitis/ide/electron-app/win64/resources/app/lib/frontend/bundle.js:2:2477995)
    at n.getPicks (file:///C:/Xilinx/2025.1/Vitis/ide/electron-app/win64/resources/app/lib/frontend/bundle.js:2:2478183)
    at u._getPicks (file:///C:/Xilinx/2025.1/Vitis/ide/electron-app/win64/resources/app/lib/frontend/bundle.js:2:7786634) 
2026-03-18 16:12:06 [debug] : TypeError: i is not a function
    at Object.isVisible (file:///C:/Xilinx/2025.1/Vitis/ide/electron-app/win64/resources/app/lib/frontend/bundle.js:2:16712979)
    at d.getVisibleHandler (file:///C:/Xilinx/2025.1/Vitis/ide/electron-app/win64/resources/app/lib/frontend/bundle.js:2:2805339)
    at d.isVisible (file:///C:/Xilinx/2025.1/Vitis/ide/electron-app/win64/resources/app/lib/frontend/bundle.js:2:2804661)
    at file:///C:/Xilinx/2025.1/Vitis/ide/electron-app/win64/resources/app/lib/frontend/bundle.js:2:2480115
    at Array.filter (<anonymous>)
    at n.normalize (file:///C:/Xilinx/2025.1/Vitis/ide/electron-app/win64/resources/app/lib/frontend/bundle.js:2:2480074)
    at n.getCommands (file:///C:/Xilinx/2025.1/Vitis/ide/electron-app/win64/resources/app/lib/frontend/bundle.js:2:2480037)
    at n.reset (file:///C:/Xilinx/2025.1/Vitis/ide/electron-app/win64/resources/app/lib/frontend/bundle.js:2:2477995)
    at n.getPicks (file:///C:/Xilinx/2025.1/Vitis/ide/electron-app/win64/resources/app/lib/frontend/bundle.js:2:2478183)
    at u._getPicks (file:///C:/Xilinx/2025.1/Vitis/ide/electron-app/win64/resources/app/lib/frontend/bundle.js:2:7786634) 
2026-03-18 16:12:06 [debug] : TypeError: i is not a function
    at Object.isVisible (file:///C:/Xilinx/2025.1/Vitis/ide/electron-app/win64/resources/app/lib/frontend/bundle.js:2:16712979)
    at d.getVisibleHandler (file:///C:/Xilinx/2025.1/Vitis/ide/electron-app/win64/resources/app/lib/frontend/bundle.js:2:2805339)
    at d.isVisible (file:///C:/Xilinx/2025.1/Vitis/ide/electron-app/win64/resources/app/lib/frontend/bundle.js:2:2804661)
    at file:///C:/Xilinx/2025.1/Vitis/ide/electron-app/win64/resources/app/lib/frontend/bundle.js:2:2480115
    at Array.filter (<anonymous>)
    at n.normalize (file:///C:/Xilinx/2025.1/Vitis/ide/electron-app/win64/resources/app/lib/frontend/bundle.js:2:2480074)
    at n.getCommands (file:///C:/Xilinx/2025.1/Vitis/ide/electron-app/win64/resources/app/lib/frontend/bundle.js:2:2480037)
    at n.reset (file:///C:/Xilinx/2025.1/Vitis/ide/electron-app/win64/resources/app/lib/frontend/bundle.js:2:2477995)
    at n.getPicks (file:///C:/Xilinx/2025.1/Vitis/ide/electron-app/win64/resources/app/lib/frontend/bundle.js:2:2478183)
    at u._getPicks (file:///C:/Xilinx/2025.1/Vitis/ide/electron-app/win64/resources/app/lib/frontend/bundle.js:2:7786634) 
2026-03-18 16:12:06 [debug] : TypeError: i is not a function
    at Object.isVisible (file:///C:/Xilinx/2025.1/Vitis/ide/electron-app/win64/resources/app/lib/frontend/bundle.js:2:16712979)
    at d.getVisibleHandler (file:///C:/Xilinx/2025.1/Vitis/ide/electron-app/win64/resources/app/lib/frontend/bundle.js:2:2805339)
    at d.isVisible (file:///C:/Xilinx/2025.1/Vitis/ide/electron-app/win64/resources/app/lib/frontend/bundle.js:2:2804661)
    at file:///C:/Xilinx/2025.1/Vitis/ide/electron-app/win64/resources/app/lib/frontend/bundle.js:2:2480115
    at Array.filter (<anonymous>)
    at n.normalize (file:///C:/Xilinx/2025.1/Vitis/ide/electron-app/win64/resources/app/lib/frontend/bundle.js:2:2480074)
    at n.getCommands (file:///C:/Xilinx/2025.1/Vitis/ide/electron-app/win64/resources/app/lib/frontend/bundle.js:2:2480037)
    at n.reset (file:///C:/Xilinx/2025.1/Vitis/ide/electron-app/win64/resources/app/lib/frontend/bundle.js:2:2477995)
    at n.getPicks (file:///C:/Xilinx/2025.1/Vitis/ide/electron-app/win64/resources/app/lib/frontend/bundle.js:2:2478183)
    at u._getPicks (file:///C:/Xilinx/2025.1/Vitis/ide/electron-app/win64/resources/app/lib/frontend/bundle.js:2:7786634) 
2026-03-18 16:12:06 [debug] : TypeError: i is not a function
    at Object.isVisible (file:///C:/Xilinx/2025.1/Vitis/ide/electron-app/win64/resources/app/lib/frontend/bundle.js:2:16712979)
    at d.getVisibleHandler (file:///C:/Xilinx/2025.1/Vitis/ide/electron-app/win64/resources/app/lib/frontend/bundle.js:2:2805339)
    at d.isVisible (file:///C:/Xilinx/2025.1/Vitis/ide/electron-app/win64/resources/app/lib/frontend/bundle.js:2:2804661)
    at file:///C:/Xilinx/2025.1/Vitis/ide/electron-app/win64/resources/app/lib/frontend/bundle.js:2:2480115
    at Array.filter (<anonymous>)
    at n.normalize (file:///C:/Xilinx/2025.1/Vitis/ide/electron-app/win64/resources/app/lib/frontend/bundle.js:2:2480074)
    at n.getCommands (file:///C:/Xilinx/2025.1/Vitis/ide/electron-app/win64/resources/app/lib/frontend/bundle.js:2:2480037)
    at n.reset (file:///C:/Xilinx/2025.1/Vitis/ide/electron-app/win64/resources/app/lib/frontend/bundle.js:2:2477995)
    at n.getPicks (file:///C:/Xilinx/2025.1/Vitis/ide/electron-app/win64/resources/app/lib/frontend/bundle.js:2:2478183)
    at u._getPicks (file:///C:/Xilinx/2025.1/Vitis/ide/electron-app/win64/resources/app/lib/frontend/bundle.js:2:7786634) 
2026-03-18 16:12:06 [debug] : TypeError: Cannot read properties of undefined (reading 'parent')
    at Object.isVisible (file:///C:/Xilinx/2025.1/Vitis/ide/electron-app/win64/resources/app/lib/frontend/bundle.js:2:21835645)
    at d.getVisibleHandler (file:///C:/Xilinx/2025.1/Vitis/ide/electron-app/win64/resources/app/lib/frontend/bundle.js:2:2805339)
    at d.isVisible (file:///C:/Xilinx/2025.1/Vitis/ide/electron-app/win64/resources/app/lib/frontend/bundle.js:2:2804661)
    at file:///C:/Xilinx/2025.1/Vitis/ide/electron-app/win64/resources/app/lib/frontend/bundle.js:2:2480115
    at Array.filter (<anonymous>)
    at n.normalize (file:///C:/Xilinx/2025.1/Vitis/ide/electron-app/win64/resources/app/lib/frontend/bundle.js:2:2480074)
    at n.getCommands (file:///C:/Xilinx/2025.1/Vitis/ide/electron-app/win64/resources/app/lib/frontend/bundle.js:2:2480037)
    at n.reset (file:///C:/Xilinx/2025.1/Vitis/ide/electron-app/win64/resources/app/lib/frontend/bundle.js:2:2477995)
    at n.getPicks (file:///C:/Xilinx/2025.1/Vitis/ide/electron-app/win64/resources/app/lib/frontend/bundle.js:2:2478183)
    at u._getPicks (file:///C:/Xilinx/2025.1/Vitis/ide/electron-app/win64/resources/app/lib/frontend/bundle.js:2:7786634) 
2026-03-18 16:12:06 [debug] : TypeError: Cannot read properties of undefined (reading 'parent')
    at Object.isVisible (file:///C:/Xilinx/2025.1/Vitis/ide/electron-app/win64/resources/app/lib/frontend/bundle.js:2:21836337)
    at d.getVisibleHandler (file:///C:/Xilinx/2025.1/Vitis/ide/electron-app/win64/resources/app/lib/frontend/bundle.js:2:2805339)
    at d.isVisible (file:///C:/Xilinx/2025.1/Vitis/ide/electron-app/win64/resources/app/lib/frontend/bundle.js:2:2804661)
    at file:///C:/Xilinx/2025.1/Vitis/ide/electron-app/win64/resources/app/lib/frontend/bundle.js:2:2480115
    at Array.filter (<anonymous>)
    at n.normalize (file:///C:/Xilinx/2025.1/Vitis/ide/electron-app/win64/resources/app/lib/frontend/bundle.js:2:2480074)
    at n.getCommands (file:///C:/Xilinx/2025.1/Vitis/ide/electron-app/win64/resources/app/lib/frontend/bundle.js:2:2480037)
    at n.reset (file:///C:/Xilinx/2025.1/Vitis/ide/electron-app/win64/resources/app/lib/frontend/bundle.js:2:2477995)
    at n.getPicks (file:///C:/Xilinx/2025.1/Vitis/ide/electron-app/win64/resources/app/lib/frontend/bundle.js:2:2478183)
    at u._getPicks (file:///C:/Xilinx/2025.1/Vitis/ide/electron-app/win64/resources/app/lib/frontend/bundle.js:2:7786634) 
2026-03-18 16:12:06 [debug] : TypeError: Cannot read properties of undefined (reading 'parent')
    at Object.isVisible (file:///C:/Xilinx/2025.1/Vitis/ide/electron-app/win64/resources/app/lib/frontend/bundle.js:2:21836705)
    at d.getVisibleHandler (file:///C:/Xilinx/2025.1/Vitis/ide/electron-app/win64/resources/app/lib/frontend/bundle.js:2:2805339)
    at d.isVisible (file:///C:/Xilinx/2025.1/Vitis/ide/electron-app/win64/resources/app/lib/frontend/bundle.js:2:2804661)
    at file:///C:/Xilinx/2025.1/Vitis/ide/electron-app/win64/resources/app/lib/frontend/bundle.js:2:2480115
    at Array.filter (<anonymous>)
    at n.normalize (file:///C:/Xilinx/2025.1/Vitis/ide/electron-app/win64/resources/app/lib/frontend/bundle.js:2:2480074)
    at n.getCommands (file:///C:/Xilinx/2025.1/Vitis/ide/electron-app/win64/resources/app/lib/frontend/bundle.js:2:2480037)
    at n.reset (file:///C:/Xilinx/2025.1/Vitis/ide/electron-app/win64/resources/app/lib/frontend/bundle.js:2:2477995)
    at n.getPicks (file:///C:/Xilinx/2025.1/Vitis/ide/electron-app/win64/resources/app/lib/frontend/bundle.js:2:2478183)
    at u._getPicks (file:///C:/Xilinx/2025.1/Vitis/ide/electron-app/win64/resources/app/lib/frontend/bundle.js:2:7786634) 
2026-03-18 16:12:06 [debug] : TypeError: Cannot read properties of undefined (reading 'parent')
    at Object.isVisible (file:///C:/Xilinx/2025.1/Vitis/ide/electron-app/win64/resources/app/lib/frontend/bundle.js:2:21838622)
    at d.getVisibleHandler (file:///C:/Xilinx/2025.1/Vitis/ide/electron-app/win64/resources/app/lib/frontend/bundle.js:2:2805339)
    at d.isVisible (file:///C:/Xilinx/2025.1/Vitis/ide/electron-app/win64/resources/app/lib/frontend/bundle.js:2:2804661)
    at file:///C:/Xilinx/2025.1/Vitis/ide/electron-app/win64/resources/app/lib/frontend/bundle.js:2:2480115
    at Array.filter (<anonymous>)
    at n.normalize (file:///C:/Xilinx/2025.1/Vitis/ide/electron-app/win64/resources/app/lib/frontend/bundle.js:2:2480074)
    at n.getCommands (file:///C:/Xilinx/2025.1/Vitis/ide/electron-app/win64/resources/app/lib/frontend/bundle.js:2:2480037)
    at n.reset (file:///C:/Xilinx/2025.1/Vitis/ide/electron-app/win64/resources/app/lib/frontend/bundle.js:2:2477995)
    at n.getPicks (file:///C:/Xilinx/2025.1/Vitis/ide/electron-app/win64/resources/app/lib/frontend/bundle.js:2:2478183)
    at u._getPicks (file:///C:/Xilinx/2025.1/Vitis/ide/electron-app/win64/resources/app/lib/frontend/bundle.js:2:7786634) 
2026-03-18 16:12:06 [debug] : TypeError: Cannot read properties of undefined (reading 'path')
    at file:///C:/Xilinx/2025.1/Vitis/ide/electron-app/win64/resources/app/lib/frontend/bundle.js:2:18805401
    at Array.find (<anonymous>)
    at M.getKnownProject (file:///C:/Xilinx/2025.1/Vitis/ide/electron-app/win64/resources/app/lib/frontend/bundle.js:2:18805344)
    at Object.isVisible (file:///C:/Xilinx/2025.1/Vitis/ide/electron-app/win64/resources/app/lib/frontend/bundle.js:2:18293412)
    at d.getVisibleHandler (file:///C:/Xilinx/2025.1/Vitis/ide/electron-app/win64/resources/app/lib/frontend/bundle.js:2:2805339)
    at d.isVisible (file:///C:/Xilinx/2025.1/Vitis/ide/electron-app/win64/resources/app/lib/frontend/bundle.js:2:2804661)
    at file:///C:/Xilinx/2025.1/Vitis/ide/electron-app/win64/resources/app/lib/frontend/bundle.js:2:2480115
    at Array.filter (<anonymous>)
    at n.normalize (file:///C:/Xilinx/2025.1/Vitis/ide/electron-app/win64/resources/app/lib/frontend/bundle.js:2:2480074)
    at n.getCommands (file:///C:/Xilinx/2025.1/Vitis/ide/electron-app/win64/resources/app/lib/frontend/bundle.js:2:2480037) 
2026-03-18 16:12:06 [debug] : TypeError: Cannot read properties of undefined (reading 'event')
    at Object.isVisible (file:///C:/Xilinx/2025.1/Vitis/ide/electron-app/win64/resources/app/lib/frontend/bundle.js:2:1519166)
    at d.getVisibleHandler (file:///C:/Xilinx/2025.1/Vitis/ide/electron-app/win64/resources/app/lib/frontend/bundle.js:2:2805339)
    at d.isVisible (file:///C:/Xilinx/2025.1/Vitis/ide/electron-app/win64/resources/app/lib/frontend/bundle.js:2:2804661)
    at file:///C:/Xilinx/2025.1/Vitis/ide/electron-app/win64/resources/app/lib/frontend/bundle.js:2:2480115
    at Array.filter (<anonymous>)
    at n.normalize (file:///C:/Xilinx/2025.1/Vitis/ide/electron-app/win64/resources/app/lib/frontend/bundle.js:2:2480074)
    at n.getCommands (file:///C:/Xilinx/2025.1/Vitis/ide/electron-app/win64/resources/app/lib/frontend/bundle.js:2:2480037)
    at n.reset (file:///C:/Xilinx/2025.1/Vitis/ide/electron-app/win64/resources/app/lib/frontend/bundle.js:2:2477995)
    at n.getPicks (file:///C:/Xilinx/2025.1/Vitis/ide/electron-app/win64/resources/app/lib/frontend/bundle.js:2:2478183)
    at u._getPicks (file:///C:/Xilinx/2025.1/Vitis/ide/electron-app/win64/resources/app/lib/frontend/bundle.js:2:7786634) 
2026-03-18 16:12:06 [debug] : TypeError: i is not a function
    at Object.isVisible (file:///C:/Xilinx/2025.1/Vitis/ide/electron-app/win64/resources/app/lib/frontend/bundle.js:2:16712979)
    at d.getVisibleHandler (file:///C:/Xilinx/2025.1/Vitis/ide/electron-app/win64/resources/app/lib/frontend/bundle.js:2:2805339)
    at d.isVisible (file:///C:/Xilinx/2025.1/Vitis/ide/electron-app/win64/resources/app/lib/frontend/bundle.js:2:2804661)
    at file:///C:/Xilinx/2025.1/Vitis/ide/electron-app/win64/resources/app/lib/frontend/bundle.js:2:2480115
    at Array.filter (<anonymous>)
    at n.normalize (file:///C:/Xilinx/2025.1/Vitis/ide/electron-app/win64/resources/app/lib/frontend/bundle.js:2:2480074)
    at n.getCommands (file:///C:/Xilinx/2025.1/Vitis/ide/electron-app/win64/resources/app/lib/frontend/bundle.js:2:2480037)
    at n.reset (file:///C:/Xilinx/2025.1/Vitis/ide/electron-app/win64/resources/app/lib/frontend/bundle.js:2:2477995)
    at n.getPicks (file:///C:/Xilinx/2025.1/Vitis/ide/electron-app/win64/resources/app/lib/frontend/bundle.js:2:2478183)
    at u._getPicks (file:///C:/Xilinx/2025.1/Vitis/ide/electron-app/win64/resources/app/lib/frontend/bundle.js:2:7786634) 
2026-03-18 16:12:06 [debug] : TypeError: i is not a function
    at Object.isVisible (file:///C:/Xilinx/2025.1/Vitis/ide/electron-app/win64/resources/app/lib/frontend/bundle.js:2:16712979)
    at d.getVisibleHandler (file:///C:/Xilinx/2025.1/Vitis/ide/electron-app/win64/resources/app/lib/frontend/bundle.js:2:2805339)
    at d.isVisible (file:///C:/Xilinx/2025.1/Vitis/ide/electron-app/win64/resources/app/lib/frontend/bundle.js:2:2804661)
    at file:///C:/Xilinx/2025.1/Vitis/ide/electron-app/win64/resources/app/lib/frontend/bundle.js:2:2480115
    at Array.filter (<anonymous>)
    at n.normalize (file:///C:/Xilinx/2025.1/Vitis/ide/electron-app/win64/resources/app/lib/frontend/bundle.js:2:2480074)
    at n.getCommands (file:///C:/Xilinx/2025.1/Vitis/ide/electron-app/win64/resources/app/lib/frontend/bundle.js:2:2480037)
    at n.reset (file:///C:/Xilinx/2025.1/Vitis/ide/electron-app/win64/resources/app/lib/frontend/bundle.js:2:2477995)
    at n.getPicks (file:///C:/Xilinx/2025.1/Vitis/ide/electron-app/win64/resources/app/lib/frontend/bundle.js:2:2478183)
    at u._getPicks (file:///C:/Xilinx/2025.1/Vitis/ide/electron-app/win64/resources/app/lib/frontend/bundle.js:2:7786634) 
2026-03-18 16:12:06 [debug] : TypeError: i is not a function
    at Object.isVisible (file:///C:/Xilinx/2025.1/Vitis/ide/electron-app/win64/resources/app/lib/frontend/bundle.js:2:16712979)
    at d.getVisibleHandler (file:///C:/Xilinx/2025.1/Vitis/ide/electron-app/win64/resources/app/lib/frontend/bundle.js:2:2805339)
    at d.isVisible (file:///C:/Xilinx/2025.1/Vitis/ide/electron-app/win64/resources/app/lib/frontend/bundle.js:2:2804661)
    at file:///C:/Xilinx/2025.1/Vitis/ide/electron-app/win64/resources/app/lib/frontend/bundle.js:2:2480115
    at Array.filter (<anonymous>)
    at n.normalize (file:///C:/Xilinx/2025.1/Vitis/ide/electron-app/win64/resources/app/lib/frontend/bundle.js:2:2480074)
    at n.getCommands (file:///C:/Xilinx/2025.1/Vitis/ide/electron-app/win64/resources/app/lib/frontend/bundle.js:2:2480037)
    at n.reset (file:///C:/Xilinx/2025.1/Vitis/ide/electron-app/win64/resources/app/lib/frontend/bundle.js:2:2477995)
    at n.getPicks (file:///C:/Xilinx/2025.1/Vitis/ide/electron-app/win64/resources/app/lib/frontend/bundle.js:2:2478183)
    at u._getPicks (file:///C:/Xilinx/2025.1/Vitis/ide/electron-app/win64/resources/app/lib/frontend/bundle.js:2:7786634) 
2026-03-18 16:12:06 [debug] : TypeError: i is not a function
    at Object.isVisible (file:///C:/Xilinx/2025.1/Vitis/ide/electron-app/win64/resources/app/lib/frontend/bundle.js:2:16712979)
    at d.getVisibleHandler (file:///C:/Xilinx/2025.1/Vitis/ide/electron-app/win64/resources/app/lib/frontend/bundle.js:2:2805339)
    at d.isVisible (file:///C:/Xilinx/2025.1/Vitis/ide/electron-app/win64/resources/app/lib/frontend/bundle.js:2:2804661)
    at file:///C:/Xilinx/2025.1/Vitis/ide/electron-app/win64/resources/app/lib/frontend/bundle.js:2:2480115
    at Array.filter (<anonymous>)
    at n.normalize (file:///C:/Xilinx/2025.1/Vitis/ide/electron-app/win64/resources/app/lib/frontend/bundle.js:2:2480074)
    at n.getCommands (file:///C:/Xilinx/2025.1/Vitis/ide/electron-app/win64/resources/app/lib/frontend/bundle.js:2:2480037)
    at n.reset (file:///C:/Xilinx/2025.1/Vitis/ide/electron-app/win64/resources/app/lib/frontend/bundle.js:2:2477995)
    at n.getPicks (file:///C:/Xilinx/2025.1/Vitis/ide/electron-app/win64/resources/app/lib/frontend/bundle.js:2:2478183)
    at u._getPicks (file:///C:/Xilinx/2025.1/Vitis/ide/electron-app/win64/resources/app/lib/frontend/bundle.js:2:7786634) 
2026-03-18 16:12:06 [debug] : TypeError: i is not a function
    at Object.isVisible (file:///C:/Xilinx/2025.1/Vitis/ide/electron-app/win64/resources/app/lib/frontend/bundle.js:2:16712979)
    at d.getVisibleHandler (file:///C:/Xilinx/2025.1/Vitis/ide/electron-app/win64/resources/app/lib/frontend/bundle.js:2:2805339)
    at d.isVisible (file:///C:/Xilinx/2025.1/Vitis/ide/electron-app/win64/resources/app/lib/frontend/bundle.js:2:2804661)
    at file:///C:/Xilinx/2025.1/Vitis/ide/electron-app/win64/resources/app/lib/frontend/bundle.js:2:2480115
    at Array.filter (<anonymous>)
    at n.normalize (file:///C:/Xilinx/2025.1/Vitis/ide/electron-app/win64/resources/app/lib/frontend/bundle.js:2:2480074)
    at n.getCommands (file:///C:/Xilinx/2025.1/Vitis/ide/electron-app/win64/resources/app/lib/frontend/bundle.js:2:2480037)
    at n.reset (file:///C:/Xilinx/2025.1/Vitis/ide/electron-app/win64/resources/app/lib/frontend/bundle.js:2:2477995)
    at n.getPicks (file:///C:/Xilinx/2025.1/Vitis/ide/electron-app/win64/resources/app/lib/frontend/bundle.js:2:2478183)
    at u._getPicks (file:///C:/Xilinx/2025.1/Vitis/ide/electron-app/win64/resources/app/lib/frontend/bundle.js:2:7786634) 
2026-03-18 16:12:06 [debug] : TypeError: Cannot read properties of undefined (reading 'parent')
    at Object.isVisible (file:///C:/Xilinx/2025.1/Vitis/ide/electron-app/win64/resources/app/lib/frontend/bundle.js:2:21835645)
    at d.getVisibleHandler (file:///C:/Xilinx/2025.1/Vitis/ide/electron-app/win64/resources/app/lib/frontend/bundle.js:2:2805339)
    at d.isVisible (file:///C:/Xilinx/2025.1/Vitis/ide/electron-app/win64/resources/app/lib/frontend/bundle.js:2:2804661)
    at file:///C:/Xilinx/2025.1/Vitis/ide/electron-app/win64/resources/app/lib/frontend/bundle.js:2:2480115
    at Array.filter (<anonymous>)
    at n.normalize (file:///C:/Xilinx/2025.1/Vitis/ide/electron-app/win64/resources/app/lib/frontend/bundle.js:2:2480074)
    at n.getCommands (file:///C:/Xilinx/2025.1/Vitis/ide/electron-app/win64/resources/app/lib/frontend/bundle.js:2:2480037)
    at n.reset (file:///C:/Xilinx/2025.1/Vitis/ide/electron-app/win64/resources/app/lib/frontend/bundle.js:2:2477995)
    at n.getPicks (file:///C:/Xilinx/2025.1/Vitis/ide/electron-app/win64/resources/app/lib/frontend/bundle.js:2:2478183)
    at u._getPicks (file:///C:/Xilinx/2025.1/Vitis/ide/electron-app/win64/resources/app/lib/frontend/bundle.js:2:7786634) 
2026-03-18 16:12:06 [debug] : TypeError: Cannot read properties of undefined (reading 'parent')
    at Object.isVisible (file:///C:/Xilinx/2025.1/Vitis/ide/electron-app/win64/resources/app/lib/frontend/bundle.js:2:21836337)
    at d.getVisibleHandler (file:///C:/Xilinx/2025.1/Vitis/ide/electron-app/win64/resources/app/lib/frontend/bundle.js:2:2805339)
    at d.isVisible (file:///C:/Xilinx/2025.1/Vitis/ide/electron-app/win64/resources/app/lib/frontend/bundle.js:2:2804661)
    at file:///C:/Xilinx/2025.1/Vitis/ide/electron-app/win64/resources/app/lib/frontend/bundle.js:2:2480115
    at Array.filter (<anonymous>)
    at n.normalize (file:///C:/Xilinx/2025.1/Vitis/ide/electron-app/win64/resources/app/lib/frontend/bundle.js:2:2480074)
    at n.getCommands (file:///C:/Xilinx/2025.1/Vitis/ide/electron-app/win64/resources/app/lib/frontend/bundle.js:2:2480037)
    at n.reset (file:///C:/Xilinx/2025.1/Vitis/ide/electron-app/win64/resources/app/lib/frontend/bundle.js:2:2477995)
    at n.getPicks (file:///C:/Xilinx/2025.1/Vitis/ide/electron-app/win64/resources/app/lib/frontend/bundle.js:2:2478183)
    at u._getPicks (file:///C:/Xilinx/2025.1/Vitis/ide/electron-app/win64/resources/app/lib/frontend/bundle.js:2:7786634) 
2026-03-18 16:12:06 [debug] : TypeError: Cannot read properties of undefined (reading 'parent')
    at Object.isVisible (file:///C:/Xilinx/2025.1/Vitis/ide/electron-app/win64/resources/app/lib/frontend/bundle.js:2:21836705)
    at d.getVisibleHandler (file:///C:/Xilinx/2025.1/Vitis/ide/electron-app/win64/resources/app/lib/frontend/bundle.js:2:2805339)
    at d.isVisible (file:///C:/Xilinx/2025.1/Vitis/ide/electron-app/win64/resources/app/lib/frontend/bundle.js:2:2804661)
    at file:///C:/Xilinx/2025.1/Vitis/ide/electron-app/win64/resources/app/lib/frontend/bundle.js:2:2480115
    at Array.filter (<anonymous>)
    at n.normalize (file:///C:/Xilinx/2025.1/Vitis/ide/electron-app/win64/resources/app/lib/frontend/bundle.js:2:2480074)
    at n.getCommands (file:///C:/Xilinx/2025.1/Vitis/ide/electron-app/win64/resources/app/lib/frontend/bundle.js:2:2480037)
    at n.reset (file:///C:/Xilinx/2025.1/Vitis/ide/electron-app/win64/resources/app/lib/frontend/bundle.js:2:2477995)
    at n.getPicks (file:///C:/Xilinx/2025.1/Vitis/ide/electron-app/win64/resources/app/lib/frontend/bundle.js:2:2478183)
    at u._getPicks (file:///C:/Xilinx/2025.1/Vitis/ide/electron-app/win64/resources/app/lib/frontend/bundle.js:2:7786634) 
2026-03-18 16:12:06 [debug] : TypeError: Cannot read properties of undefined (reading 'parent')
    at Object.isVisible (file:///C:/Xilinx/2025.1/Vitis/ide/electron-app/win64/resources/app/lib/frontend/bundle.js:2:21838622)
    at d.getVisibleHandler (file:///C:/Xilinx/2025.1/Vitis/ide/electron-app/win64/resources/app/lib/frontend/bundle.js:2:2805339)
    at d.isVisible (file:///C:/Xilinx/2025.1/Vitis/ide/electron-app/win64/resources/app/lib/frontend/bundle.js:2:2804661)
    at file:///C:/Xilinx/2025.1/Vitis/ide/electron-app/win64/resources/app/lib/frontend/bundle.js:2:2480115
    at Array.filter (<anonymous>)
    at n.normalize (file:///C:/Xilinx/2025.1/Vitis/ide/electron-app/win64/resources/app/lib/frontend/bundle.js:2:2480074)
    at n.getCommands (file:///C:/Xilinx/2025.1/Vitis/ide/electron-app/win64/resources/app/lib/frontend/bundle.js:2:2480037)
    at n.reset (file:///C:/Xilinx/2025.1/Vitis/ide/electron-app/win64/resources/app/lib/frontend/bundle.js:2:2477995)
    at n.getPicks (file:///C:/Xilinx/2025.1/Vitis/ide/electron-app/win64/resources/app/lib/frontend/bundle.js:2:2478183)
    at u._getPicks (file:///C:/Xilinx/2025.1/Vitis/ide/electron-app/win64/resources/app/lib/frontend/bundle.js:2:7786634) 
2026-03-18 16:12:06 [debug] : TypeError: Cannot read properties of undefined (reading 'path')
    at file:///C:/Xilinx/2025.1/Vitis/ide/electron-app/win64/resources/app/lib/frontend/bundle.js:2:18805401
    at Array.find (<anonymous>)
    at M.getKnownProject (file:///C:/Xilinx/2025.1/Vitis/ide/electron-app/win64/resources/app/lib/frontend/bundle.js:2:18805344)
    at Object.isVisible (file:///C:/Xilinx/2025.1/Vitis/ide/electron-app/win64/resources/app/lib/frontend/bundle.js:2:18293412)
    at d.getVisibleHandler (file:///C:/Xilinx/2025.1/Vitis/ide/electron-app/win64/resources/app/lib/frontend/bundle.js:2:2805339)
    at d.isVisible (file:///C:/Xilinx/2025.1/Vitis/ide/electron-app/win64/resources/app/lib/frontend/bundle.js:2:2804661)
    at file:///C:/Xilinx/2025.1/Vitis/ide/electron-app/win64/resources/app/lib/frontend/bundle.js:2:2480115
    at Array.filter (<anonymous>)
    at n.normalize (file:///C:/Xilinx/2025.1/Vitis/ide/electron-app/win64/resources/app/lib/frontend/bundle.js:2:2480074)
    at n.getCommands (file:///C:/Xilinx/2025.1/Vitis/ide/electron-app/win64/resources/app/lib/frontend/bundle.js:2:2480037) 
2026-03-18 16:12:06 [debug] : TypeError: Cannot read properties of undefined (reading 'event')
    at Object.isVisible (file:///C:/Xilinx/2025.1/Vitis/ide/electron-app/win64/resources/app/lib/frontend/bundle.js:2:1519166)
    at d.getVisibleHandler (file:///C:/Xilinx/2025.1/Vitis/ide/electron-app/win64/resources/app/lib/frontend/bundle.js:2:2805339)
    at d.isVisible (file:///C:/Xilinx/2025.1/Vitis/ide/electron-app/win64/resources/app/lib/frontend/bundle.js:2:2804661)
    at file:///C:/Xilinx/2025.1/Vitis/ide/electron-app/win64/resources/app/lib/frontend/bundle.js:2:2480115
    at Array.filter (<anonymous>)
    at n.normalize (file:///C:/Xilinx/2025.1/Vitis/ide/electron-app/win64/resources/app/lib/frontend/bundle.js:2:2480074)
    at n.getCommands (file:///C:/Xilinx/2025.1/Vitis/ide/electron-app/win64/resources/app/lib/frontend/bundle.js:2:2480037)
    at n.reset (file:///C:/Xilinx/2025.1/Vitis/ide/electron-app/win64/resources/app/lib/frontend/bundle.js:2:2477995)
    at n.getPicks (file:///C:/Xilinx/2025.1/Vitis/ide/electron-app/win64/resources/app/lib/frontend/bundle.js:2:2478183)
    at u._getPicks (file:///C:/Xilinx/2025.1/Vitis/ide/electron-app/win64/resources/app/lib/frontend/bundle.js:2:7786634) 
2026-03-18 16:12:06 [debug] : TypeError: i is not a function
    at Object.isVisible (file:///C:/Xilinx/2025.1/Vitis/ide/electron-app/win64/resources/app/lib/frontend/bundle.js:2:16712979)
    at d.getVisibleHandler (file:///C:/Xilinx/2025.1/Vitis/ide/electron-app/win64/resources/app/lib/frontend/bundle.js:2:2805339)
    at d.isVisible (file:///C:/Xilinx/2025.1/Vitis/ide/electron-app/win64/resources/app/lib/frontend/bundle.js:2:2804661)
    at file:///C:/Xilinx/2025.1/Vitis/ide/electron-app/win64/resources/app/lib/frontend/bundle.js:2:2480115
    at Array.filter (<anonymous>)
    at n.normalize (file:///C:/Xilinx/2025.1/Vitis/ide/electron-app/win64/resources/app/lib/frontend/bundle.js:2:2480074)
    at n.getCommands (file:///C:/Xilinx/2025.1/Vitis/ide/electron-app/win64/resources/app/lib/frontend/bundle.js:2:2480037)
    at n.reset (file:///C:/Xilinx/2025.1/Vitis/ide/electron-app/win64/resources/app/lib/frontend/bundle.js:2:2477995)
    at n.getPicks (file:///C:/Xilinx/2025.1/Vitis/ide/electron-app/win64/resources/app/lib/frontend/bundle.js:2:2478183)
    at u._getPicks (file:///C:/Xilinx/2025.1/Vitis/ide/electron-app/win64/resources/app/lib/frontend/bundle.js:2:7786634) 
2026-03-18 16:12:06 [debug] : TypeError: i is not a function
    at Object.isVisible (file:///C:/Xilinx/2025.1/Vitis/ide/electron-app/win64/resources/app/lib/frontend/bundle.js:2:16712979)
    at d.getVisibleHandler (file:///C:/Xilinx/2025.1/Vitis/ide/electron-app/win64/resources/app/lib/frontend/bundle.js:2:2805339)
    at d.isVisible (file:///C:/Xilinx/2025.1/Vitis/ide/electron-app/win64/resources/app/lib/frontend/bundle.js:2:2804661)
    at file:///C:/Xilinx/2025.1/Vitis/ide/electron-app/win64/resources/app/lib/frontend/bundle.js:2:2480115
    at Array.filter (<anonymous>)
    at n.normalize (file:///C:/Xilinx/2025.1/Vitis/ide/electron-app/win64/resources/app/lib/frontend/bundle.js:2:2480074)
    at n.getCommands (file:///C:/Xilinx/2025.1/Vitis/ide/electron-app/win64/resources/app/lib/frontend/bundle.js:2:2480037)
    at n.reset (file:///C:/Xilinx/2025.1/Vitis/ide/electron-app/win64/resources/app/lib/frontend/bundle.js:2:2477995)
    at n.getPicks (file:///C:/Xilinx/2025.1/Vitis/ide/electron-app/win64/resources/app/lib/frontend/bundle.js:2:2478183)
    at u._getPicks (file:///C:/Xilinx/2025.1/Vitis/ide/electron-app/win64/resources/app/lib/frontend/bundle.js:2:7786634) 
2026-03-18 16:12:06 [debug] : TypeError: i is not a function
    at Object.isVisible (file:///C:/Xilinx/2025.1/Vitis/ide/electron-app/win64/resources/app/lib/frontend/bundle.js:2:16712979)
    at d.getVisibleHandler (file:///C:/Xilinx/2025.1/Vitis/ide/electron-app/win64/resources/app/lib/frontend/bundle.js:2:2805339)
    at d.isVisible (file:///C:/Xilinx/2025.1/Vitis/ide/electron-app/win64/resources/app/lib/frontend/bundle.js:2:2804661)
    at file:///C:/Xilinx/2025.1/Vitis/ide/electron-app/win64/resources/app/lib/frontend/bundle.js:2:2480115
    at Array.filter (<anonymous>)
    at n.normalize (file:///C:/Xilinx/2025.1/Vitis/ide/electron-app/win64/resources/app/lib/frontend/bundle.js:2:2480074)
    at n.getCommands (file:///C:/Xilinx/2025.1/Vitis/ide/electron-app/win64/resources/app/lib/frontend/bundle.js:2:2480037)
    at n.reset (file:///C:/Xilinx/2025.1/Vitis/ide/electron-app/win64/resources/app/lib/frontend/bundle.js:2:2477995)
    at n.getPicks (file:///C:/Xilinx/2025.1/Vitis/ide/electron-app/win64/resources/app/lib/frontend/bundle.js:2:2478183)
    at u._getPicks (file:///C:/Xilinx/2025.1/Vitis/ide/electron-app/win64/resources/app/lib/frontend/bundle.js:2:7786634) 
2026-03-18 16:12:06 [debug] : TypeError: i is not a function
    at Object.isVisible (file:///C:/Xilinx/2025.1/Vitis/ide/electron-app/win64/resources/app/lib/frontend/bundle.js:2:16712979)
    at d.getVisibleHandler (file:///C:/Xilinx/2025.1/Vitis/ide/electron-app/win64/resources/app/lib/frontend/bundle.js:2:2805339)
    at d.isVisible (file:///C:/Xilinx/2025.1/Vitis/ide/electron-app/win64/resources/app/lib/frontend/bundle.js:2:2804661)
    at file:///C:/Xilinx/2025.1/Vitis/ide/electron-app/win64/resources/app/lib/frontend/bundle.js:2:2480115
    at Array.filter (<anonymous>)
    at n.normalize (file:///C:/Xilinx/2025.1/Vitis/ide/electron-app/win64/resources/app/lib/frontend/bundle.js:2:2480074)
    at n.getCommands (file:///C:/Xilinx/2025.1/Vitis/ide/electron-app/win64/resources/app/lib/frontend/bundle.js:2:2480037)
    at n.reset (file:///C:/Xilinx/2025.1/Vitis/ide/electron-app/win64/resources/app/lib/frontend/bundle.js:2:2477995)
    at n.getPicks (file:///C:/Xilinx/2025.1/Vitis/ide/electron-app/win64/resources/app/lib/frontend/bundle.js:2:2478183)
    at u._getPicks (file:///C:/Xilinx/2025.1/Vitis/ide/electron-app/win64/resources/app/lib/frontend/bundle.js:2:7786634) 
2026-03-18 16:12:06 [debug] : TypeError: i is not a function
    at Object.isVisible (file:///C:/Xilinx/2025.1/Vitis/ide/electron-app/win64/resources/app/lib/frontend/bundle.js:2:16712979)
    at d.getVisibleHandler (file:///C:/Xilinx/2025.1/Vitis/ide/electron-app/win64/resources/app/lib/frontend/bundle.js:2:2805339)
    at d.isVisible (file:///C:/Xilinx/2025.1/Vitis/ide/electron-app/win64/resources/app/lib/frontend/bundle.js:2:2804661)
    at file:///C:/Xilinx/2025.1/Vitis/ide/electron-app/win64/resources/app/lib/frontend/bundle.js:2:2480115
    at Array.filter (<anonymous>)
    at n.normalize (file:///C:/Xilinx/2025.1/Vitis/ide/electron-app/win64/resources/app/lib/frontend/bundle.js:2:2480074)
    at n.getCommands (file:///C:/Xilinx/2025.1/Vitis/ide/electron-app/win64/resources/app/lib/frontend/bundle.js:2:2480037)
    at n.reset (file:///C:/Xilinx/2025.1/Vitis/ide/electron-app/win64/resources/app/lib/frontend/bundle.js:2:2477995)
    at n.getPicks (file:///C:/Xilinx/2025.1/Vitis/ide/electron-app/win64/resources/app/lib/frontend/bundle.js:2:2478183)
    at u._getPicks (file:///C:/Xilinx/2025.1/Vitis/ide/electron-app/win64/resources/app/lib/frontend/bundle.js:2:7786634) 
2026-03-18 16:12:06 [debug] : TypeError: Cannot read properties of undefined (reading 'parent')
    at Object.isVisible (file:///C:/Xilinx/2025.1/Vitis/ide/electron-app/win64/resources/app/lib/frontend/bundle.js:2:21835645)
    at d.getVisibleHandler (file:///C:/Xilinx/2025.1/Vitis/ide/electron-app/win64/resources/app/lib/frontend/bundle.js:2:2805339)
    at d.isVisible (file:///C:/Xilinx/2025.1/Vitis/ide/electron-app/win64/resources/app/lib/frontend/bundle.js:2:2804661)
    at file:///C:/Xilinx/2025.1/Vitis/ide/electron-app/win64/resources/app/lib/frontend/bundle.js:2:2480115
    at Array.filter (<anonymous>)
    at n.normalize (file:///C:/Xilinx/2025.1/Vitis/ide/electron-app/win64/resources/app/lib/frontend/bundle.js:2:2480074)
    at n.getCommands (file:///C:/Xilinx/2025.1/Vitis/ide/electron-app/win64/resources/app/lib/frontend/bundle.js:2:2480037)
    at n.reset (file:///C:/Xilinx/2025.1/Vitis/ide/electron-app/win64/resources/app/lib/frontend/bundle.js:2:2477995)
    at n.getPicks (file:///C:/Xilinx/2025.1/Vitis/ide/electron-app/win64/resources/app/lib/frontend/bundle.js:2:2478183)
    at u._getPicks (file:///C:/Xilinx/2025.1/Vitis/ide/electron-app/win64/resources/app/lib/frontend/bundle.js:2:7786634) 
2026-03-18 16:12:06 [debug] : TypeError: Cannot read properties of undefined (reading 'parent')
    at Object.isVisible (file:///C:/Xilinx/2025.1/Vitis/ide/electron-app/win64/resources/app/lib/frontend/bundle.js:2:21836337)
    at d.getVisibleHandler (file:///C:/Xilinx/2025.1/Vitis/ide/electron-app/win64/resources/app/lib/frontend/bundle.js:2:2805339)
    at d.isVisible (file:///C:/Xilinx/2025.1/Vitis/ide/electron-app/win64/resources/app/lib/frontend/bundle.js:2:2804661)
    at file:///C:/Xilinx/2025.1/Vitis/ide/electron-app/win64/resources/app/lib/frontend/bundle.js:2:2480115
    at Array.filter (<anonymous>)
    at n.normalize (file:///C:/Xilinx/2025.1/Vitis/ide/electron-app/win64/resources/app/lib/frontend/bundle.js:2:2480074)
    at n.getCommands (file:///C:/Xilinx/2025.1/Vitis/ide/electron-app/win64/resources/app/lib/frontend/bundle.js:2:2480037)
    at n.reset (file:///C:/Xilinx/2025.1/Vitis/ide/electron-app/win64/resources/app/lib/frontend/bundle.js:2:2477995)
    at n.getPicks (file:///C:/Xilinx/2025.1/Vitis/ide/electron-app/win64/resources/app/lib/frontend/bundle.js:2:2478183)
    at u._getPicks (file:///C:/Xilinx/2025.1/Vitis/ide/electron-app/win64/resources/app/lib/frontend/bundle.js:2:7786634) 
2026-03-18 16:12:06 [debug] : TypeError: Cannot read properties of undefined (reading 'parent')
    at Object.isVisible (file:///C:/Xilinx/2025.1/Vitis/ide/electron-app/win64/resources/app/lib/frontend/bundle.js:2:21836705)
    at d.getVisibleHandler (file:///C:/Xilinx/2025.1/Vitis/ide/electron-app/win64/resources/app/lib/frontend/bundle.js:2:2805339)
    at d.isVisible (file:///C:/Xilinx/2025.1/Vitis/ide/electron-app/win64/resources/app/lib/frontend/bundle.js:2:2804661)
    at file:///C:/Xilinx/2025.1/Vitis/ide/electron-app/win64/resources/app/lib/frontend/bundle.js:2:2480115
    at Array.filter (<anonymous>)
    at n.normalize (file:///C:/Xilinx/2025.1/Vitis/ide/electron-app/win64/resources/app/lib/frontend/bundle.js:2:2480074)
    at n.getCommands (file:///C:/Xilinx/2025.1/Vitis/ide/electron-app/win64/resources/app/lib/frontend/bundle.js:2:2480037)
    at n.reset (file:///C:/Xilinx/2025.1/Vitis/ide/electron-app/win64/resources/app/lib/frontend/bundle.js:2:2477995)
    at n.getPicks (file:///C:/Xilinx/2025.1/Vitis/ide/electron-app/win64/resources/app/lib/frontend/bundle.js:2:2478183)
    at u._getPicks (file:///C:/Xilinx/2025.1/Vitis/ide/electron-app/win64/resources/app/lib/frontend/bundle.js:2:7786634) 
2026-03-18 16:12:06 [debug] : TypeError: Cannot read properties of undefined (reading 'parent')
    at Object.isVisible (file:///C:/Xilinx/2025.1/Vitis/ide/electron-app/win64/resources/app/lib/frontend/bundle.js:2:21838622)
    at d.getVisibleHandler (file:///C:/Xilinx/2025.1/Vitis/ide/electron-app/win64/resources/app/lib/frontend/bundle.js:2:2805339)
    at d.isVisible (file:///C:/Xilinx/2025.1/Vitis/ide/electron-app/win64/resources/app/lib/frontend/bundle.js:2:2804661)
    at file:///C:/Xilinx/2025.1/Vitis/ide/electron-app/win64/resources/app/lib/frontend/bundle.js:2:2480115
    at Array.filter (<anonymous>)
    at n.normalize (file:///C:/Xilinx/2025.1/Vitis/ide/electron-app/win64/resources/app/lib/frontend/bundle.js:2:2480074)
    at n.getCommands (file:///C:/Xilinx/2025.1/Vitis/ide/electron-app/win64/resources/app/lib/frontend/bundle.js:2:2480037)
    at n.reset (file:///C:/Xilinx/2025.1/Vitis/ide/electron-app/win64/resources/app/lib/frontend/bundle.js:2:2477995)
    at n.getPicks (file:///C:/Xilinx/2025.1/Vitis/ide/electron-app/win64/resources/app/lib/frontend/bundle.js:2:2478183)
    at u._getPicks (file:///C:/Xilinx/2025.1/Vitis/ide/electron-app/win64/resources/app/lib/frontend/bundle.js:2:7786634) 
2026-03-18 16:12:06 [debug] : TypeError: Cannot read properties of undefined (reading 'path')
    at file:///C:/Xilinx/2025.1/Vitis/ide/electron-app/win64/resources/app/lib/frontend/bundle.js:2:18805401
    at Array.find (<anonymous>)
    at M.getKnownProject (file:///C:/Xilinx/2025.1/Vitis/ide/electron-app/win64/resources/app/lib/frontend/bundle.js:2:18805344)
    at Object.isVisible (file:///C:/Xilinx/2025.1/Vitis/ide/electron-app/win64/resources/app/lib/frontend/bundle.js:2:18293412)
    at d.getVisibleHandler (file:///C:/Xilinx/2025.1/Vitis/ide/electron-app/win64/resources/app/lib/frontend/bundle.js:2:2805339)
    at d.isVisible (file:///C:/Xilinx/2025.1/Vitis/ide/electron-app/win64/resources/app/lib/frontend/bundle.js:2:2804661)
    at file:///C:/Xilinx/2025.1/Vitis/ide/electron-app/win64/resources/app/lib/frontend/bundle.js:2:2480115
    at Array.filter (<anonymous>)
    at n.normalize (file:///C:/Xilinx/2025.1/Vitis/ide/electron-app/win64/resources/app/lib/frontend/bundle.js:2:2480074)
    at n.getCommands (file:///C:/Xilinx/2025.1/Vitis/ide/electron-app/win64/resources/app/lib/frontend/bundle.js:2:2480037) 
2026-03-18 16:12:06 [debug] : TypeError: Cannot read properties of undefined (reading 'event')
    at Object.isVisible (file:///C:/Xilinx/2025.1/Vitis/ide/electron-app/win64/resources/app/lib/frontend/bundle.js:2:1519166)
    at d.getVisibleHandler (file:///C:/Xilinx/2025.1/Vitis/ide/electron-app/win64/resources/app/lib/frontend/bundle.js:2:2805339)
    at d.isVisible (file:///C:/Xilinx/2025.1/Vitis/ide/electron-app/win64/resources/app/lib/frontend/bundle.js:2:2804661)
    at file:///C:/Xilinx/2025.1/Vitis/ide/electron-app/win64/resources/app/lib/frontend/bundle.js:2:2480115
    at Array.filter (<anonymous>)
    at n.normalize (file:///C:/Xilinx/2025.1/Vitis/ide/electron-app/win64/resources/app/lib/frontend/bundle.js:2:2480074)
    at n.getCommands (file:///C:/Xilinx/2025.1/Vitis/ide/electron-app/win64/resources/app/lib/frontend/bundle.js:2:2480037)
    at n.reset (file:///C:/Xilinx/2025.1/Vitis/ide/electron-app/win64/resources/app/lib/frontend/bundle.js:2:2477995)
    at n.getPicks (file:///C:/Xilinx/2025.1/Vitis/ide/electron-app/win64/resources/app/lib/frontend/bundle.js:2:2478183)
    at u._getPicks (file:///C:/Xilinx/2025.1/Vitis/ide/electron-app/win64/resources/app/lib/frontend/bundle.js:2:7786634) 
2026-03-18 16:12:06 [debug] : TypeError: i is not a function
    at Object.isVisible (file:///C:/Xilinx/2025.1/Vitis/ide/electron-app/win64/resources/app/lib/frontend/bundle.js:2:16712979)
    at d.getVisibleHandler (file:///C:/Xilinx/2025.1/Vitis/ide/electron-app/win64/resources/app/lib/frontend/bundle.js:2:2805339)
    at d.isVisible (file:///C:/Xilinx/2025.1/Vitis/ide/electron-app/win64/resources/app/lib/frontend/bundle.js:2:2804661)
    at file:///C:/Xilinx/2025.1/Vitis/ide/electron-app/win64/resources/app/lib/frontend/bundle.js:2:2480115
    at Array.filter (<anonymous>)
    at n.normalize (file:///C:/Xilinx/2025.1/Vitis/ide/electron-app/win64/resources/app/lib/frontend/bundle.js:2:2480074)
    at n.getCommands (file:///C:/Xilinx/2025.1/Vitis/ide/electron-app/win64/resources/app/lib/frontend/bundle.js:2:2480037)
    at n.reset (file:///C:/Xilinx/2025.1/Vitis/ide/electron-app/win64/resources/app/lib/frontend/bundle.js:2:2477995)
    at n.getPicks (file:///C:/Xilinx/2025.1/Vitis/ide/electron-app/win64/resources/app/lib/frontend/bundle.js:2:2478183)
    at u._getPicks (file:///C:/Xilinx/2025.1/Vitis/ide/electron-app/win64/resources/app/lib/frontend/bundle.js:2:7786634) 
2026-03-18 16:12:06 [debug] : TypeError: i is not a function
    at Object.isVisible (file:///C:/Xilinx/2025.1/Vitis/ide/electron-app/win64/resources/app/lib/frontend/bundle.js:2:16712979)
    at d.getVisibleHandler (file:///C:/Xilinx/2025.1/Vitis/ide/electron-app/win64/resources/app/lib/frontend/bundle.js:2:2805339)
    at d.isVisible (file:///C:/Xilinx/2025.1/Vitis/ide/electron-app/win64/resources/app/lib/frontend/bundle.js:2:2804661)
    at file:///C:/Xilinx/2025.1/Vitis/ide/electron-app/win64/resources/app/lib/frontend/bundle.js:2:2480115
    at Array.filter (<anonymous>)
    at n.normalize (file:///C:/Xilinx/2025.1/Vitis/ide/electron-app/win64/resources/app/lib/frontend/bundle.js:2:2480074)
    at n.getCommands (file:///C:/Xilinx/2025.1/Vitis/ide/electron-app/win64/resources/app/lib/frontend/bundle.js:2:2480037)
    at n.reset (file:///C:/Xilinx/2025.1/Vitis/ide/electron-app/win64/resources/app/lib/frontend/bundle.js:2:2477995)
    at n.getPicks (file:///C:/Xilinx/2025.1/Vitis/ide/electron-app/win64/resources/app/lib/frontend/bundle.js:2:2478183)
    at u._getPicks (file:///C:/Xilinx/2025.1/Vitis/ide/electron-app/win64/resources/app/lib/frontend/bundle.js:2:7786634) 
2026-03-18 16:12:06 [debug] : TypeError: i is not a function
    at Object.isVisible (file:///C:/Xilinx/2025.1/Vitis/ide/electron-app/win64/resources/app/lib/frontend/bundle.js:2:16712979)
    at d.getVisibleHandler (file:///C:/Xilinx/2025.1/Vitis/ide/electron-app/win64/resources/app/lib/frontend/bundle.js:2:2805339)
    at d.isVisible (file:///C:/Xilinx/2025.1/Vitis/ide/electron-app/win64/resources/app/lib/frontend/bundle.js:2:2804661)
    at file:///C:/Xilinx/2025.1/Vitis/ide/electron-app/win64/resources/app/lib/frontend/bundle.js:2:2480115
    at Array.filter (<anonymous>)
    at n.normalize (file:///C:/Xilinx/2025.1/Vitis/ide/electron-app/win64/resources/app/lib/frontend/bundle.js:2:2480074)
    at n.getCommands (file:///C:/Xilinx/2025.1/Vitis/ide/electron-app/win64/resources/app/lib/frontend/bundle.js:2:2480037)
    at n.reset (file:///C:/Xilinx/2025.1/Vitis/ide/electron-app/win64/resources/app/lib/frontend/bundle.js:2:2477995)
    at n.getPicks (file:///C:/Xilinx/2025.1/Vitis/ide/electron-app/win64/resources/app/lib/frontend/bundle.js:2:2478183)
    at u._getPicks (file:///C:/Xilinx/2025.1/Vitis/ide/electron-app/win64/resources/app/lib/frontend/bundle.js:2:7786634) 
2026-03-18 16:12:06 [debug] : TypeError: i is not a function
    at Object.isVisible (file:///C:/Xilinx/2025.1/Vitis/ide/electron-app/win64/resources/app/lib/frontend/bundle.js:2:16712979)
    at d.getVisibleHandler (file:///C:/Xilinx/2025.1/Vitis/ide/electron-app/win64/resources/app/lib/frontend/bundle.js:2:2805339)
    at d.isVisible (file:///C:/Xilinx/2025.1/Vitis/ide/electron-app/win64/resources/app/lib/frontend/bundle.js:2:2804661)
    at file:///C:/Xilinx/2025.1/Vitis/ide/electron-app/win64/resources/app/lib/frontend/bundle.js:2:2480115
    at Array.filter (<anonymous>)
    at n.normalize (file:///C:/Xilinx/2025.1/Vitis/ide/electron-app/win64/resources/app/lib/frontend/bundle.js:2:2480074)
    at n.getCommands (file:///C:/Xilinx/2025.1/Vitis/ide/electron-app/win64/resources/app/lib/frontend/bundle.js:2:2480037)
    at n.reset (file:///C:/Xilinx/2025.1/Vitis/ide/electron-app/win64/resources/app/lib/frontend/bundle.js:2:2477995)
    at n.getPicks (file:///C:/Xilinx/2025.1/Vitis/ide/electron-app/win64/resources/app/lib/frontend/bundle.js:2:2478183)
    at u._getPicks (file:///C:/Xilinx/2025.1/Vitis/ide/electron-app/win64/resources/app/lib/frontend/bundle.js:2:7786634) 
2026-03-18 16:12:06 [debug] : TypeError: i is not a function
    at Object.isVisible (file:///C:/Xilinx/2025.1/Vitis/ide/electron-app/win64/resources/app/lib/frontend/bundle.js:2:16712979)
    at d.getVisibleHandler (file:///C:/Xilinx/2025.1/Vitis/ide/electron-app/win64/resources/app/lib/frontend/bundle.js:2:2805339)
    at d.isVisible (file:///C:/Xilinx/2025.1/Vitis/ide/electron-app/win64/resources/app/lib/frontend/bundle.js:2:2804661)
    at file:///C:/Xilinx/2025.1/Vitis/ide/electron-app/win64/resources/app/lib/frontend/bundle.js:2:2480115
    at Array.filter (<anonymous>)
    at n.normalize (file:///C:/Xilinx/2025.1/Vitis/ide/electron-app/win64/resources/app/lib/frontend/bundle.js:2:2480074)
    at n.getCommands (file:///C:/Xilinx/2025.1/Vitis/ide/electron-app/win64/resources/app/lib/frontend/bundle.js:2:2480037)
    at n.reset (file:///C:/Xilinx/2025.1/Vitis/ide/electron-app/win64/resources/app/lib/frontend/bundle.js:2:2477995)
    at n.getPicks (file:///C:/Xilinx/2025.1/Vitis/ide/electron-app/win64/resources/app/lib/frontend/bundle.js:2:2478183)
    at u._getPicks (file:///C:/Xilinx/2025.1/Vitis/ide/electron-app/win64/resources/app/lib/frontend/bundle.js:2:7786634) 
2026-03-18 16:12:06 [debug] : TypeError: Cannot read properties of undefined (reading 'parent')
    at Object.isVisible (file:///C:/Xilinx/2025.1/Vitis/ide/electron-app/win64/resources/app/lib/frontend/bundle.js:2:21835645)
    at d.getVisibleHandler (file:///C:/Xilinx/2025.1/Vitis/ide/electron-app/win64/resources/app/lib/frontend/bundle.js:2:2805339)
    at d.isVisible (file:///C:/Xilinx/2025.1/Vitis/ide/electron-app/win64/resources/app/lib/frontend/bundle.js:2:2804661)
    at file:///C:/Xilinx/2025.1/Vitis/ide/electron-app/win64/resources/app/lib/frontend/bundle.js:2:2480115
    at Array.filter (<anonymous>)
    at n.normalize (file:///C:/Xilinx/2025.1/Vitis/ide/electron-app/win64/resources/app/lib/frontend/bundle.js:2:2480074)
    at n.getCommands (file:///C:/Xilinx/2025.1/Vitis/ide/electron-app/win64/resources/app/lib/frontend/bundle.js:2:2480037)
    at n.reset (file:///C:/Xilinx/2025.1/Vitis/ide/electron-app/win64/resources/app/lib/frontend/bundle.js:2:2477995)
    at n.getPicks (file:///C:/Xilinx/2025.1/Vitis/ide/electron-app/win64/resources/app/lib/frontend/bundle.js:2:2478183)
    at u._getPicks (file:///C:/Xilinx/2025.1/Vitis/ide/electron-app/win64/resources/app/lib/frontend/bundle.js:2:7786634) 
2026-03-18 16:12:06 [debug] : TypeError: Cannot read properties of undefined (reading 'parent')
    at Object.isVisible (file:///C:/Xilinx/2025.1/Vitis/ide/electron-app/win64/resources/app/lib/frontend/bundle.js:2:21836337)
    at d.getVisibleHandler (file:///C:/Xilinx/2025.1/Vitis/ide/electron-app/win64/resources/app/lib/frontend/bundle.js:2:2805339)
    at d.isVisible (file:///C:/Xilinx/2025.1/Vitis/ide/electron-app/win64/resources/app/lib/frontend/bundle.js:2:2804661)
    at file:///C:/Xilinx/2025.1/Vitis/ide/electron-app/win64/resources/app/lib/frontend/bundle.js:2:2480115
    at Array.filter (<anonymous>)
    at n.normalize (file:///C:/Xilinx/2025.1/Vitis/ide/electron-app/win64/resources/app/lib/frontend/bundle.js:2:2480074)
    at n.getCommands (file:///C:/Xilinx/2025.1/Vitis/ide/electron-app/win64/resources/app/lib/frontend/bundle.js:2:2480037)
    at n.reset (file:///C:/Xilinx/2025.1/Vitis/ide/electron-app/win64/resources/app/lib/frontend/bundle.js:2:2477995)
    at n.getPicks (file:///C:/Xilinx/2025.1/Vitis/ide/electron-app/win64/resources/app/lib/frontend/bundle.js:2:2478183)
    at u._getPicks (file:///C:/Xilinx/2025.1/Vitis/ide/electron-app/win64/resources/app/lib/frontend/bundle.js:2:7786634) 
2026-03-18 16:12:06 [debug] : TypeError: Cannot read properties of undefined (reading 'parent')
    at Object.isVisible (file:///C:/Xilinx/2025.1/Vitis/ide/electron-app/win64/resources/app/lib/frontend/bundle.js:2:21836705)
    at d.getVisibleHandler (file:///C:/Xilinx/2025.1/Vitis/ide/electron-app/win64/resources/app/lib/frontend/bundle.js:2:2805339)
    at d.isVisible (file:///C:/Xilinx/2025.1/Vitis/ide/electron-app/win64/resources/app/lib/frontend/bundle.js:2:2804661)
    at file:///C:/Xilinx/2025.1/Vitis/ide/electron-app/win64/resources/app/lib/frontend/bundle.js:2:2480115
    at Array.filter (<anonymous>)
    at n.normalize (file:///C:/Xilinx/2025.1/Vitis/ide/electron-app/win64/resources/app/lib/frontend/bundle.js:2:2480074)
    at n.getCommands (file:///C:/Xilinx/2025.1/Vitis/ide/electron-app/win64/resources/app/lib/frontend/bundle.js:2:2480037)
    at n.reset (file:///C:/Xilinx/2025.1/Vitis/ide/electron-app/win64/resources/app/lib/frontend/bundle.js:2:2477995)
    at n.getPicks (file:///C:/Xilinx/2025.1/Vitis/ide/electron-app/win64/resources/app/lib/frontend/bundle.js:2:2478183)
    at u._getPicks (file:///C:/Xilinx/2025.1/Vitis/ide/electron-app/win64/resources/app/lib/frontend/bundle.js:2:7786634) 
2026-03-18 16:12:06 [debug] : TypeError: Cannot read properties of undefined (reading 'parent')
    at Object.isVisible (file:///C:/Xilinx/2025.1/Vitis/ide/electron-app/win64/resources/app/lib/frontend/bundle.js:2:21838622)
    at d.getVisibleHandler (file:///C:/Xilinx/2025.1/Vitis/ide/electron-app/win64/resources/app/lib/frontend/bundle.js:2:2805339)
    at d.isVisible (file:///C:/Xilinx/2025.1/Vitis/ide/electron-app/win64/resources/app/lib/frontend/bundle.js:2:2804661)
    at file:///C:/Xilinx/2025.1/Vitis/ide/electron-app/win64/resources/app/lib/frontend/bundle.js:2:2480115
    at Array.filter (<anonymous>)
    at n.normalize (file:///C:/Xilinx/2025.1/Vitis/ide/electron-app/win64/resources/app/lib/frontend/bundle.js:2:2480074)
    at n.getCommands (file:///C:/Xilinx/2025.1/Vitis/ide/electron-app/win64/resources/app/lib/frontend/bundle.js:2:2480037)
    at n.reset (file:///C:/Xilinx/2025.1/Vitis/ide/electron-app/win64/resources/app/lib/frontend/bundle.js:2:2477995)
    at n.getPicks (file:///C:/Xilinx/2025.1/Vitis/ide/electron-app/win64/resources/app/lib/frontend/bundle.js:2:2478183)
    at u._getPicks (file:///C:/Xilinx/2025.1/Vitis/ide/electron-app/win64/resources/app/lib/frontend/bundle.js:2:7786634) 
2026-03-18 16:12:06 [debug] : TypeError: Cannot read properties of undefined (reading 'path')
    at file:///C:/Xilinx/2025.1/Vitis/ide/electron-app/win64/resources/app/lib/frontend/bundle.js:2:18805401
    at Array.find (<anonymous>)
    at M.getKnownProject (file:///C:/Xilinx/2025.1/Vitis/ide/electron-app/win64/resources/app/lib/frontend/bundle.js:2:18805344)
    at Object.isVisible (file:///C:/Xilinx/2025.1/Vitis/ide/electron-app/win64/resources/app/lib/frontend/bundle.js:2:18293412)
    at d.getVisibleHandler (file:///C:/Xilinx/2025.1/Vitis/ide/electron-app/win64/resources/app/lib/frontend/bundle.js:2:2805339)
    at d.isVisible (file:///C:/Xilinx/2025.1/Vitis/ide/electron-app/win64/resources/app/lib/frontend/bundle.js:2:2804661)
    at file:///C:/Xilinx/2025.1/Vitis/ide/electron-app/win64/resources/app/lib/frontend/bundle.js:2:2480115
    at Array.filter (<anonymous>)
    at n.normalize (file:///C:/Xilinx/2025.1/Vitis/ide/electron-app/win64/resources/app/lib/frontend/bundle.js:2:2480074)
    at n.getCommands (file:///C:/Xilinx/2025.1/Vitis/ide/electron-app/win64/resources/app/lib/frontend/bundle.js:2:2480037) 
2026-03-18 16:12:06 [debug] : TypeError: Cannot read properties of undefined (reading 'event')
    at Object.isVisible (file:///C:/Xilinx/2025.1/Vitis/ide/electron-app/win64/resources/app/lib/frontend/bundle.js:2:1519166)
    at d.getVisibleHandler (file:///C:/Xilinx/2025.1/Vitis/ide/electron-app/win64/resources/app/lib/frontend/bundle.js:2:2805339)
    at d.isVisible (file:///C:/Xilinx/2025.1/Vitis/ide/electron-app/win64/resources/app/lib/frontend/bundle.js:2:2804661)
    at file:///C:/Xilinx/2025.1/Vitis/ide/electron-app/win64/resources/app/lib/frontend/bundle.js:2:2480115
    at Array.filter (<anonymous>)
    at n.normalize (file:///C:/Xilinx/2025.1/Vitis/ide/electron-app/win64/resources/app/lib/frontend/bundle.js:2:2480074)
    at n.getCommands (file:///C:/Xilinx/2025.1/Vitis/ide/electron-app/win64/resources/app/lib/frontend/bundle.js:2:2480037)
    at n.reset (file:///C:/Xilinx/2025.1/Vitis/ide/electron-app/win64/resources/app/lib/frontend/bundle.js:2:2477995)
    at n.getPicks (file:///C:/Xilinx/2025.1/Vitis/ide/electron-app/win64/resources/app/lib/frontend/bundle.js:2:2478183)
    at u._getPicks (file:///C:/Xilinx/2025.1/Vitis/ide/electron-app/win64/resources/app/lib/frontend/bundle.js:2:7786634) 
2026-03-18 16:12:08 [debug] : [Platform Server] Executing method:[generatePlatform] with connection:(object). {"0":"request:","1":"C:\\Users\\dkhar\\OneDrive\\Documents\\GitHub\\ee4218\\platform"}
2026-03-18 16:12:08 [debug] : [Platform Server] Generate platform requested for platform with internal id '8aa069cd-4d75-4cdd-a15d-bf662a7f59c7'. 
2026-03-18 16:12:08 [debug] : Received event from notification service: ON_DID_OPEN_COMPONENT. 
2026-03-18 16:12:08 [debug] : Received event from notification service: ON_DID_BUILD_START. 
2026-03-18 16:12:08 [debug] : Received event from notification service: ON_UPDATE_FLOWNAVIGATOR_STATUS. 
2026-03-18 16:12:08 [debug] : RIGEL SERVER 16:12:08 INFO  : BSP build will be initiated for Domain standalone_psu_cortexa53_0 
2026-03-18 16:12:08 [debug] : RIGEL SERVER 16:12:08 INFO  : BSP build will be initiated for Domain zynqmp_fsbl 
2026-03-18 16:12:08 [debug] : RIGEL SERVER 16:12:08 INFO  : Generating BSP for the domain C:\Users\dkhar\OneDrive\Documents\GitHub\ee4218\platform\psu_cortexa53_0\standalone_psu_cortexa53_0\bsp 
2026-03-18 16:12:08 [debug] : RIGEL SERVER 16:12:08 INFO  : Generating BSP for the domain C:\Users\dkhar\OneDrive\Documents\GitHub\ee4218\platform\zynqmp_fsbl\zynqmp_fsbl_bsp 
2026-03-18 16:12:08 [debug] : RIGEL SERVER 16:12:08 INFO  : lopper command to reconfigure BSP :empyro.bat reconfig_bsp -d C:\Users\dkhar\OneDrive\Documents\GitHub\ee4218\platform\psu_cortexa53_0\standalone_psu_cortexa53_0\bsp 
2026-03-18 16:12:08 [debug] : RIGEL SERVER 16:12:08 INFO  : lopper command to reconfigure BSP :empyro.bat reconfig_bsp -d C:\Users\dkhar\OneDrive\Documents\GitHub\ee4218\platform\zynqmp_fsbl\zynqmp_fsbl_bsp
16:12:08 INFO  : cmd.exe, /C, empyro.bat reconfig_bsp -d C:\Users\dkhar\OneDrive\Documents\GitHub\ee4218\platform\psu_cortexa53_0\standalone_psu_cortexa53_0\bsp 
2026-03-18 16:12:08 [debug] : RIGEL SERVER 16:12:08 INFO  : cmd.exe, /C, empyro.bat reconfig_bsp -d C:\Users\dkhar\OneDrive\Documents\GitHub\ee4218\platform\zynqmp_fsbl\zynqmp_fsbl_bsp 
2026-03-18 16:12:10 [debug] : RIGEL SERVER 16:12:10 INFO  : Domain reconfigured successfully 
2026-03-18 16:12:10 [debug] : RIGEL SERVER 16:12:10 INFO  : Generating BSP for the domain C:\Users\dkhar\OneDrive\Documents\GitHub\ee4218\platform\psu_cortexa53_0\standalone_psu_cortexa53_0\bsp 
2026-03-18 16:12:10 [debug] : RIGEL SERVER 16:12:10 INFO  : lopper command to build BSP :empyro.bat build_bsp -d C:\Users\dkhar\OneDrive\Documents\GitHub\ee4218\platform\psu_cortexa53_0\standalone_psu_cortexa53_0\bsp 
2026-03-18 16:12:10 [debug] : RIGEL SERVER 16:12:10 INFO  : cmd.exe, /C, empyro.bat build_bsp -d C:\Users\dkhar\OneDrive\Documents\GitHub\ee4218\platform\psu_cortexa53_0\standalone_psu_cortexa53_0\bsp 
2026-03-18 16:12:10 [debug] : RIGEL SERVER 16:12:10 INFO  : Domain reconfigured successfully 
2026-03-18 16:12:10 [debug] : RIGEL SERVER 16:12:10 INFO  : Generating BSP for the domain C:\Users\dkhar\OneDrive\Documents\GitHub\ee4218\platform\zynqmp_fsbl\zynqmp_fsbl_bsp 
2026-03-18 16:12:10 [debug] : RIGEL SERVER 16:12:10 INFO  : lopper command to build BSP :empyro.bat build_bsp -d C:\Users\dkhar\OneDrive\Documents\GitHub\ee4218\platform\zynqmp_fsbl\zynqmp_fsbl_bsp 
2026-03-18 16:12:10 [debug] : RIGEL SERVER 16:12:10 INFO  : cmd.exe, /C, empyro.bat build_bsp -d C:\Users\dkhar\OneDrive\Documents\GitHub\ee4218\platform\zynqmp_fsbl\zynqmp_fsbl_bsp 
2026-03-18 16:12:12 [debug] : [Platform Output] Generate platform platform with id '8aa069cd-4d75-4cdd-a15d-bf662a7f59c7' started. 
2026-03-18 16:12:12 [debug] : [hosted-plugin: 22076] PLUGIN_HOST(22076): PluginManagerExtImpl/loadPlugin(C:\Xilinx\2025.1\Vitis\ide\electron-app\win64\resources\app\plugins\vitis-output-0.0.1\extension\lib\extension.js) 
2026-03-18 16:12:12 [debug] : [hosted-plugin: 22076] calling activation function on amd.vitis-output 
2026-03-18 16:12:14 [debug] : RIGEL SERVER 16:12:14 INFO  : Domain build successfully 
2026-03-18 16:12:17 [debug] : RIGEL SERVER 16:12:17 INFO  : Domain build successfully 
2026-03-18 16:12:17 [debug] : RIGEL SERVER 16:12:17 INFO  : Generating Boot ELFs 
2026-03-18 16:12:17 [debug] : RIGEL SERVER 16:12:17 INFO  : lopper command to retarget baremetal application :empyro.bat retarget_app -s C:\Users\dkhar\OneDrive\Documents\GitHub\ee4218\platform\zynqmp_fsbl -d C:\Users\dkhar\OneDrive\Documents\GitHub\ee4218\platform\zynqmp_fsbl\zynqmp_fsbl_bsp -b C:\Users\dkhar\OneDrive\Documents\GitHub\ee4218\platform\zynqmp_fsbl\build 
2026-03-18 16:12:17 [debug] : RIGEL SERVER 16:12:17 INFO  : cmd.exe, /C, empyro.bat retarget_app -s C:\Users\dkhar\OneDrive\Documents\GitHub\ee4218\platform\zynqmp_fsbl -d C:\Users\dkhar\OneDrive\Documents\GitHub\ee4218\platform\zynqmp_fsbl\zynqmp_fsbl_bsp -b C:\Users\dkhar\OneDrive\Documents\GitHub\ee4218\platform\zynqmp_fsbl\build 
2026-03-18 16:12:19 [debug] : RIGEL SERVER 16:12:19 INFO  : [INFO]: Retargeting app 
2026-03-18 16:12:19 [debug] : RIGEL SERVER 16:12:19 INFO  : [INFO]: Updating link libraries based on new domain
16:12:19 INFO  : Successfully retargeted Application C:\Users\dkhar\OneDrive\Documents\GitHub\ee4218\platform\zynqmp_fsbl 
2026-03-18 16:12:19 [debug] : RIGEL SERVER 16:12:19 INFO  : lopper command to build baremetal application :empyro.bat build_app --src_dir C:\Users\dkhar\OneDrive\Documents\GitHub\ee4218\platform\zynqmp_fsbl --build_dir C:\Users\dkhar\OneDrive\Documents\GitHub\ee4218\platform\zynqmp_fsbl\build 
2026-03-18 16:12:19 [debug] : RIGEL SERVER 16:12:19 INFO  : cmd.exe, /C, empyro.bat build_app --src_dir C:\Users\dkhar\OneDrive\Documents\GitHub\ee4218\platform\zynqmp_fsbl --build_dir C:\Users\dkhar\OneDrive\Documents\GitHub\ee4218\platform\zynqmp_fsbl\build 
2026-03-18 16:12:34 [debug] : [hosted-plugin: 22076] There is no document for debugconsole:/ 
2026-03-18 16:12:38 [debug] : RIGEL SERVER 16:12:38 INFO  : Successfully building the baremetal applicationC:\Users\dkhar\OneDrive\Documents\GitHub\ee4218\platform\zynqmp_fsbl\build 
2026-03-18 16:12:38 [debug] : RIGEL SERVER 16:12:38 INFO  : Generating Export directory 
2026-03-18 16:12:39 [debug] : Received event from notification service: ON_DID_UPDATE_COMPONENT. 
2026-03-18 16:12:39 [debug] : Received event from notification service: ON_UPDATE_PLATFORM_STATUS. 
2026-03-18 16:12:39 [debug] : RIGEL SERVER 16:12:39 INFO  : Platform Build Finished successfully. 
2026-03-18 16:12:39 [debug] : [Platform Server] Generate platform completed on 'platform' with internal id '8aa069cd-4d75-4cdd-a15d-bf662a7f59c7'. 
2026-03-18 16:12:39 [debug] : [Platform Server] Generate platform status event - label: platform, status_code:0, status_details:. 
2026-03-18 16:12:39 [debug] : [Platform Server] Generate platform output steam finished on 'platform' with internal id '8aa069cd-4d75-4cdd-a15d-bf662a7f59c7'. 
2026-03-18 16:12:39 [info] : [Platform Server] Generate platform output stream finished - platform. 
2026-03-18 16:12:39 [debug] : Received event from notification service: ON_DID_MODIFY_PLATFORM_REPOS. 
2026-03-18 16:12:39 [debug] : [Platform Output] Generate platform platform with id '8aa069cd-4d75-4cdd-a15d-bf662a7f59c7' completed. 
2026-03-18 16:12:39 [debug] : [Platform Output] Deleting and canceling the build task with id '8aa069cd-4d75-4cdd-a15d-bf662a7f59c7'. 
2026-03-18 16:12:39 [debug] : [Build Server] Executing method:build with connection:(object). {"0":"request:","1":{"appParentPath":"c:\\Users\\dkhar\\OneDrive\\Documents\\GitHub\\ee4218","appName":"lab_2","buildCfg":"","componentName":"","type":0,"buildTarget":"all","workDirPath":"","customCommand":"","containerName":"","serialBuild":true,"buildComps":false,"componentsToBuildList":[]}}
2026-03-18 16:12:39 [debug] : [Build Server] Build requested on 'lab_2::' with internal id '4d1de0e0-6ae2-408f-ab92-1dae0e8b38ad'. 
2026-03-18 16:12:39 [debug] : Received event from notification service: ON_DID_BUILD_STOP. 
2026-03-18 16:12:39 [debug] : Received event from notification service: ON_DID_OPEN_COMPONENT. 
2026-03-18 16:12:39 [debug] : Received event from notification service: ON_DID_BUILD_START. 
2026-03-18 16:12:39 [debug] : Received event from notification service: ON_UPDATE_FLOWNAVIGATOR_STATUS. 
2026-03-18 16:12:39 [debug] : Received event from notification service: ON_UPDATE_FLOWNAVIGATOR_STATUS. 
2026-03-18 16:12:39 [debug] : RIGEL SERVER 16:12:39 INFO  : lopper command to retarget baremetal application :empyro.bat retarget_app -s c:\Users\dkhar\OneDrive\Documents\GitHub\ee4218\lab_2\src -d C:\Users\dkhar\OneDrive\Documents\GitHub\ee4218\platform\export\platform\sw\standalone_psu_cortexa53_0 -b c:\Users\dkhar\OneDrive\Documents\GitHub\ee4218\lab_2\build
16:12:39 INFO  : cmd.exe, /C, empyro.bat retarget_app -s c:\Users\dkhar\OneDrive\Documents\GitHub\ee4218\lab_2\src -d C:\Users\dkhar\OneDrive\Documents\GitHub\ee4218\platform\export\platform\sw\standalone_psu_cortexa53_0 -b c:\Users\dkhar\OneDrive\Documents\GitHub\ee4218\lab_2\build 
2026-03-18 16:12:42 [debug] : RIGEL SERVER 16:12:42 INFO  : [INFO]: Retargeting app 
2026-03-18 16:12:42 [debug] : RIGEL SERVER 16:12:42 INFO  : [INFO]: Updating link libraries based on new domain 
2026-03-18 16:12:42 [debug] : RIGEL SERVER 16:12:42 INFO  : Successfully retargeted Application c:\Users\dkhar\OneDrive\Documents\GitHub\ee4218\lab_2\src 
2026-03-18 16:12:42 [debug] : RIGEL SERVER 16:12:42 INFO  : cmd.exe, /C, empyro.bat build_app -s c:\Users\dkhar\OneDrive\Documents\GitHub\ee4218\lab_2\src -b c:\Users\dkhar\OneDrive\Documents\GitHub\ee4218\lab_2\build 
2026-03-18 16:12:43 [debug] : [Build Output] Build for lab_2::build with id '4d1de0e0-6ae2-408f-ab92-1dae0e8b38ad' started. 
2026-03-18 16:12:45 [debug] : [Build Server] Build completed on 'lab_2::' with internal id '4d1de0e0-6ae2-408f-ab92-1dae0e8b38ad'. 
2026-03-18 16:12:45 [debug] : [Build Server] Build status event - label: lab_2::, status_code:0, status_details:. 
2026-03-18 16:12:45 [debug] : [Build Server] Build output steam finished on 'lab_2::' with internal id '4d1de0e0-6ae2-408f-ab92-1dae0e8b38ad'. 
2026-03-18 16:12:45 [info] : [Build Server] Build output stream finished - lab_2::. 
2026-03-18 16:12:45 [debug] : [Workspace Service] Attempting to restart clangd - unimplemented 
2026-03-18 16:12:45 [debug] : Received event from notification service: ON_DID_UPDATE_COMPILE_COMMAND. 
2026-03-18 16:12:45 [debug] : [Build Output] Build for lab_2::build with id '4d1de0e0-6ae2-408f-ab92-1dae0e8b38ad' completed. 
2026-03-18 16:12:45 [debug] : [Build Output] Deleting and canceling the build task with id '4d1de0e0-6ae2-408f-ab92-1dae0e8b38ad'. 
2026-03-18 16:12:45 [debug] : Received event from notification service: ON_DID_BUILD_STOP. 
2026-03-18 16:12:45 [debug] : Received event from notification service: ON_UPDATE_FLOWNAVIGATOR_STATUS. 
2026-03-18 16:13:35 [debug] : TypeError: i is not a function
    at Object.isVisible (file:///C:/Xilinx/2025.1/Vitis/ide/electron-app/win64/resources/app/lib/frontend/bundle.js:2:16712979)
    at d.getVisibleHandler (file:///C:/Xilinx/2025.1/Vitis/ide/electron-app/win64/resources/app/lib/frontend/bundle.js:2:2805339)
    at d.isVisible (file:///C:/Xilinx/2025.1/Vitis/ide/electron-app/win64/resources/app/lib/frontend/bundle.js:2:2804661)
    at file:///C:/Xilinx/2025.1/Vitis/ide/electron-app/win64/resources/app/lib/frontend/bundle.js:2:2480115
    at Array.filter (<anonymous>)
    at n.normalize (file:///C:/Xilinx/2025.1/Vitis/ide/electron-app/win64/resources/app/lib/frontend/bundle.js:2:2480074)
    at n.getCommands (file:///C:/Xilinx/2025.1/Vitis/ide/electron-app/win64/resources/app/lib/frontend/bundle.js:2:2480037)
    at n.reset (file:///C:/Xilinx/2025.1/Vitis/ide/electron-app/win64/resources/app/lib/frontend/bundle.js:2:2477995)
    at n.getPicks (file:///C:/Xilinx/2025.1/Vitis/ide/electron-app/win64/resources/app/lib/frontend/bundle.js:2:2478183)
    at u._getPicks (file:///C:/Xilinx/2025.1/Vitis/ide/electron-app/win64/resources/app/lib/frontend/bundle.js:2:7786634) 
2026-03-18 16:13:35 [debug] : TypeError: i is not a function
    at Object.isVisible (file:///C:/Xilinx/2025.1/Vitis/ide/electron-app/win64/resources/app/lib/frontend/bundle.js:2:16712979)
    at d.getVisibleHandler (file:///C:/Xilinx/2025.1/Vitis/ide/electron-app/win64/resources/app/lib/frontend/bundle.js:2:2805339)
    at d.isVisible (file:///C:/Xilinx/2025.1/Vitis/ide/electron-app/win64/resources/app/lib/frontend/bundle.js:2:2804661)
    at file:///C:/Xilinx/2025.1/Vitis/ide/electron-app/win64/resources/app/lib/frontend/bundle.js:2:2480115
    at Array.filter (<anonymous>)
    at n.normalize (file:///C:/Xilinx/2025.1/Vitis/ide/electron-app/win64/resources/app/lib/frontend/bundle.js:2:2480074)
    at n.getCommands (file:///C:/Xilinx/2025.1/Vitis/ide/electron-app/win64/resources/app/lib/frontend/bundle.js:2:2480037)
    at n.reset (file:///C:/Xilinx/2025.1/Vitis/ide/electron-app/win64/resources/app/lib/frontend/bundle.js:2:2477995)
    at n.getPicks (file:///C:/Xilinx/2025.1/Vitis/ide/electron-app/win64/resources/app/lib/frontend/bundle.js:2:2478183)
    at u._getPicks (file:///C:/Xilinx/2025.1/Vitis/ide/electron-app/win64/resources/app/lib/frontend/bundle.js:2:7786634) 
2026-03-18 16:13:35 [debug] : TypeError: i is not a function
    at Object.isVisible (file:///C:/Xilinx/2025.1/Vitis/ide/electron-app/win64/resources/app/lib/frontend/bundle.js:2:16712979)
    at d.getVisibleHandler (file:///C:/Xilinx/2025.1/Vitis/ide/electron-app/win64/resources/app/lib/frontend/bundle.js:2:2805339)
    at d.isVisible (file:///C:/Xilinx/2025.1/Vitis/ide/electron-app/win64/resources/app/lib/frontend/bundle.js:2:2804661)
    at file:///C:/Xilinx/2025.1/Vitis/ide/electron-app/win64/resources/app/lib/frontend/bundle.js:2:2480115
    at Array.filter (<anonymous>)
    at n.normalize (file:///C:/Xilinx/2025.1/Vitis/ide/electron-app/win64/resources/app/lib/frontend/bundle.js:2:2480074)
    at n.getCommands (file:///C:/Xilinx/2025.1/Vitis/ide/electron-app/win64/resources/app/lib/frontend/bundle.js:2:2480037)
    at n.reset (file:///C:/Xilinx/2025.1/Vitis/ide/electron-app/win64/resources/app/lib/frontend/bundle.js:2:2477995)
    at n.getPicks (file:///C:/Xilinx/2025.1/Vitis/ide/electron-app/win64/resources/app/lib/frontend/bundle.js:2:2478183)
    at u._getPicks (file:///C:/Xilinx/2025.1/Vitis/ide/electron-app/win64/resources/app/lib/frontend/bundle.js:2:7786634) 
2026-03-18 16:13:35 [debug] : TypeError: i is not a function
    at Object.isVisible (file:///C:/Xilinx/2025.1/Vitis/ide/electron-app/win64/resources/app/lib/frontend/bundle.js:2:16712979)
    at d.getVisibleHandler (file:///C:/Xilinx/2025.1/Vitis/ide/electron-app/win64/resources/app/lib/frontend/bundle.js:2:2805339)
    at d.isVisible (file:///C:/Xilinx/2025.1/Vitis/ide/electron-app/win64/resources/app/lib/frontend/bundle.js:2:2804661)
    at file:///C:/Xilinx/2025.1/Vitis/ide/electron-app/win64/resources/app/lib/frontend/bundle.js:2:2480115
    at Array.filter (<anonymous>)
    at n.normalize (file:///C:/Xilinx/2025.1/Vitis/ide/electron-app/win64/resources/app/lib/frontend/bundle.js:2:2480074)
    at n.getCommands (file:///C:/Xilinx/2025.1/Vitis/ide/electron-app/win64/resources/app/lib/frontend/bundle.js:2:2480037)
    at n.reset (file:///C:/Xilinx/2025.1/Vitis/ide/electron-app/win64/resources/app/lib/frontend/bundle.js:2:2477995)
    at n.getPicks (file:///C:/Xilinx/2025.1/Vitis/ide/electron-app/win64/resources/app/lib/frontend/bundle.js:2:2478183)
    at u._getPicks (file:///C:/Xilinx/2025.1/Vitis/ide/electron-app/win64/resources/app/lib/frontend/bundle.js:2:7786634) 
2026-03-18 16:13:35 [debug] : TypeError: i is not a function
    at Object.isVisible (file:///C:/Xilinx/2025.1/Vitis/ide/electron-app/win64/resources/app/lib/frontend/bundle.js:2:16712979)
    at d.getVisibleHandler (file:///C:/Xilinx/2025.1/Vitis/ide/electron-app/win64/resources/app/lib/frontend/bundle.js:2:2805339)
    at d.isVisible (file:///C:/Xilinx/2025.1/Vitis/ide/electron-app/win64/resources/app/lib/frontend/bundle.js:2:2804661)
    at file:///C:/Xilinx/2025.1/Vitis/ide/electron-app/win64/resources/app/lib/frontend/bundle.js:2:2480115
    at Array.filter (<anonymous>)
    at n.normalize (file:///C:/Xilinx/2025.1/Vitis/ide/electron-app/win64/resources/app/lib/frontend/bundle.js:2:2480074)
    at n.getCommands (file:///C:/Xilinx/2025.1/Vitis/ide/electron-app/win64/resources/app/lib/frontend/bundle.js:2:2480037)
    at n.reset (file:///C:/Xilinx/2025.1/Vitis/ide/electron-app/win64/resources/app/lib/frontend/bundle.js:2:2477995)
    at n.getPicks (file:///C:/Xilinx/2025.1/Vitis/ide/electron-app/win64/resources/app/lib/frontend/bundle.js:2:2478183)
    at u._getPicks (file:///C:/Xilinx/2025.1/Vitis/ide/electron-app/win64/resources/app/lib/frontend/bundle.js:2:7786634) 
2026-03-18 16:13:35 [debug] : TypeError: Cannot read properties of undefined (reading 'parent')
    at Object.isVisible (file:///C:/Xilinx/2025.1/Vitis/ide/electron-app/win64/resources/app/lib/frontend/bundle.js:2:21835645)
    at d.getVisibleHandler (file:///C:/Xilinx/2025.1/Vitis/ide/electron-app/win64/resources/app/lib/frontend/bundle.js:2:2805339)
    at d.isVisible (file:///C:/Xilinx/2025.1/Vitis/ide/electron-app/win64/resources/app/lib/frontend/bundle.js:2:2804661)
    at file:///C:/Xilinx/2025.1/Vitis/ide/electron-app/win64/resources/app/lib/frontend/bundle.js:2:2480115
    at Array.filter (<anonymous>)
    at n.normalize (file:///C:/Xilinx/2025.1/Vitis/ide/electron-app/win64/resources/app/lib/frontend/bundle.js:2:2480074)
    at n.getCommands (file:///C:/Xilinx/2025.1/Vitis/ide/electron-app/win64/resources/app/lib/frontend/bundle.js:2:2480037)
    at n.reset (file:///C:/Xilinx/2025.1/Vitis/ide/electron-app/win64/resources/app/lib/frontend/bundle.js:2:2477995)
    at n.getPicks (file:///C:/Xilinx/2025.1/Vitis/ide/electron-app/win64/resources/app/lib/frontend/bundle.js:2:2478183)
    at u._getPicks (file:///C:/Xilinx/2025.1/Vitis/ide/electron-app/win64/resources/app/lib/frontend/bundle.js:2:7786634) 
2026-03-18 16:13:35 [debug] : TypeError: Cannot read properties of undefined (reading 'parent')
    at Object.isVisible (file:///C:/Xilinx/2025.1/Vitis/ide/electron-app/win64/resources/app/lib/frontend/bundle.js:2:21836337)
    at d.getVisibleHandler (file:///C:/Xilinx/2025.1/Vitis/ide/electron-app/win64/resources/app/lib/frontend/bundle.js:2:2805339)
    at d.isVisible (file:///C:/Xilinx/2025.1/Vitis/ide/electron-app/win64/resources/app/lib/frontend/bundle.js:2:2804661)
    at file:///C:/Xilinx/2025.1/Vitis/ide/electron-app/win64/resources/app/lib/frontend/bundle.js:2:2480115
    at Array.filter (<anonymous>)
    at n.normalize (file:///C:/Xilinx/2025.1/Vitis/ide/electron-app/win64/resources/app/lib/frontend/bundle.js:2:2480074)
    at n.getCommands (file:///C:/Xilinx/2025.1/Vitis/ide/electron-app/win64/resources/app/lib/frontend/bundle.js:2:2480037)
    at n.reset (file:///C:/Xilinx/2025.1/Vitis/ide/electron-app/win64/resources/app/lib/frontend/bundle.js:2:2477995)
    at n.getPicks (file:///C:/Xilinx/2025.1/Vitis/ide/electron-app/win64/resources/app/lib/frontend/bundle.js:2:2478183)
    at u._getPicks (file:///C:/Xilinx/2025.1/Vitis/ide/electron-app/win64/resources/app/lib/frontend/bundle.js:2:7786634) 
2026-03-18 16:13:35 [debug] : TypeError: Cannot read properties of undefined (reading 'parent')
    at Object.isVisible (file:///C:/Xilinx/2025.1/Vitis/ide/electron-app/win64/resources/app/lib/frontend/bundle.js:2:21836705)
    at d.getVisibleHandler (file:///C:/Xilinx/2025.1/Vitis/ide/electron-app/win64/resources/app/lib/frontend/bundle.js:2:2805339)
    at d.isVisible (file:///C:/Xilinx/2025.1/Vitis/ide/electron-app/win64/resources/app/lib/frontend/bundle.js:2:2804661)
    at file:///C:/Xilinx/2025.1/Vitis/ide/electron-app/win64/resources/app/lib/frontend/bundle.js:2:2480115
    at Array.filter (<anonymous>)
    at n.normalize (file:///C:/Xilinx/2025.1/Vitis/ide/electron-app/win64/resources/app/lib/frontend/bundle.js:2:2480074)
    at n.getCommands (file:///C:/Xilinx/2025.1/Vitis/ide/electron-app/win64/resources/app/lib/frontend/bundle.js:2:2480037)
    at n.reset (file:///C:/Xilinx/2025.1/Vitis/ide/electron-app/win64/resources/app/lib/frontend/bundle.js:2:2477995)
    at n.getPicks (file:///C:/Xilinx/2025.1/Vitis/ide/electron-app/win64/resources/app/lib/frontend/bundle.js:2:2478183)
    at u._getPicks (file:///C:/Xilinx/2025.1/Vitis/ide/electron-app/win64/resources/app/lib/frontend/bundle.js:2:7786634) 
2026-03-18 16:13:35 [debug] : TypeError: Cannot read properties of undefined (reading 'parent')
    at Object.isVisible (file:///C:/Xilinx/2025.1/Vitis/ide/electron-app/win64/resources/app/lib/frontend/bundle.js:2:21838622)
    at d.getVisibleHandler (file:///C:/Xilinx/2025.1/Vitis/ide/electron-app/win64/resources/app/lib/frontend/bundle.js:2:2805339)
    at d.isVisible (file:///C:/Xilinx/2025.1/Vitis/ide/electron-app/win64/resources/app/lib/frontend/bundle.js:2:2804661)
    at file:///C:/Xilinx/2025.1/Vitis/ide/electron-app/win64/resources/app/lib/frontend/bundle.js:2:2480115
    at Array.filter (<anonymous>)
    at n.normalize (file:///C:/Xilinx/2025.1/Vitis/ide/electron-app/win64/resources/app/lib/frontend/bundle.js:2:2480074)
    at n.getCommands (file:///C:/Xilinx/2025.1/Vitis/ide/electron-app/win64/resources/app/lib/frontend/bundle.js:2:2480037)
    at n.reset (file:///C:/Xilinx/2025.1/Vitis/ide/electron-app/win64/resources/app/lib/frontend/bundle.js:2:2477995)
    at n.getPicks (file:///C:/Xilinx/2025.1/Vitis/ide/electron-app/win64/resources/app/lib/frontend/bundle.js:2:2478183)
    at u._getPicks (file:///C:/Xilinx/2025.1/Vitis/ide/electron-app/win64/resources/app/lib/frontend/bundle.js:2:7786634) 
2026-03-18 16:13:35 [debug] : TypeError: Cannot read properties of undefined (reading 'path')
    at file:///C:/Xilinx/2025.1/Vitis/ide/electron-app/win64/resources/app/lib/frontend/bundle.js:2:18805401
    at Array.find (<anonymous>)
    at M.getKnownProject (file:///C:/Xilinx/2025.1/Vitis/ide/electron-app/win64/resources/app/lib/frontend/bundle.js:2:18805344)
    at Object.isVisible (file:///C:/Xilinx/2025.1/Vitis/ide/electron-app/win64/resources/app/lib/frontend/bundle.js:2:18293412)
    at d.getVisibleHandler (file:///C:/Xilinx/2025.1/Vitis/ide/electron-app/win64/resources/app/lib/frontend/bundle.js:2:2805339)
    at d.isVisible (file:///C:/Xilinx/2025.1/Vitis/ide/electron-app/win64/resources/app/lib/frontend/bundle.js:2:2804661)
    at file:///C:/Xilinx/2025.1/Vitis/ide/electron-app/win64/resources/app/lib/frontend/bundle.js:2:2480115
    at Array.filter (<anonymous>)
    at n.normalize (file:///C:/Xilinx/2025.1/Vitis/ide/electron-app/win64/resources/app/lib/frontend/bundle.js:2:2480074)
    at n.getCommands (file:///C:/Xilinx/2025.1/Vitis/ide/electron-app/win64/resources/app/lib/frontend/bundle.js:2:2480037) 
2026-03-18 16:13:35 [debug] : TypeError: Cannot read properties of undefined (reading 'event')
    at Object.isVisible (file:///C:/Xilinx/2025.1/Vitis/ide/electron-app/win64/resources/app/lib/frontend/bundle.js:2:1519166)
    at d.getVisibleHandler (file:///C:/Xilinx/2025.1/Vitis/ide/electron-app/win64/resources/app/lib/frontend/bundle.js:2:2805339)
    at d.isVisible (file:///C:/Xilinx/2025.1/Vitis/ide/electron-app/win64/resources/app/lib/frontend/bundle.js:2:2804661)
    at file:///C:/Xilinx/2025.1/Vitis/ide/electron-app/win64/resources/app/lib/frontend/bundle.js:2:2480115
    at Array.filter (<anonymous>)
    at n.normalize (file:///C:/Xilinx/2025.1/Vitis/ide/electron-app/win64/resources/app/lib/frontend/bundle.js:2:2480074)
    at n.getCommands (file:///C:/Xilinx/2025.1/Vitis/ide/electron-app/win64/resources/app/lib/frontend/bundle.js:2:2480037)
    at n.reset (file:///C:/Xilinx/2025.1/Vitis/ide/electron-app/win64/resources/app/lib/frontend/bundle.js:2:2477995)
    at n.getPicks (file:///C:/Xilinx/2025.1/Vitis/ide/electron-app/win64/resources/app/lib/frontend/bundle.js:2:2478183)
    at u._getPicks (file:///C:/Xilinx/2025.1/Vitis/ide/electron-app/win64/resources/app/lib/frontend/bundle.js:2:7786634) 
2026-03-18 16:14:01 [debug] : [Debugger Server] In 'List target connections' with connection:[object Object] request:{"wrappers_":null,"arrayIndexOffset_":-1,"array":[],"pivot_":1.7976931348623157e+308,"convertedPrimitiveFields_":{}} 
2026-03-18 16:14:01 [debug] : [Platform Server] Executing method:[extractHwFiles] with connection:(object). {"0":"request:","1":{"wrappers_":null,"arrayIndexOffset_":-1,"array":["C:\\Users\\dkhar\\OneDrive\\Documents\\GitHub\\ee4218\\lab_2"],"pivot_":1.7976931348623157e+308,"convertedPrimitiveFields_":{}}}
2026-03-18 16:14:01 [debug] : RIGEL SERVER 16:14:01 INFO  : The updated bitstream files are copied from platform to folder 'C:\Users\dkhar\OneDrive\Documents\GitHub\ee4218\lab_2\_ide\bitstream' in project 'C:\Users\dkhar\OneDrive\Documents\GitHub\ee4218\lab_2'. 
2026-03-18 16:14:01 [debug] : RIGEL SERVER 16:14:01 INFO  : The updated ps init files are copied from platform to folder 'C:\Users\dkhar\OneDrive\Documents\GitHub\ee4218\lab_2\_ide\psinit' in project 'C:\Users\dkhar\OneDrive\Documents\GitHub\ee4218\lab_2'. 
2026-03-18 16:14:01 [debug] : RIGEL SERVER Mar 18, 2026 4:14:01 PM io.grpc.internal.ServerCallImpl handleInternalError
WARNING: Cancelling the stream because of internal error
io.grpc.StatusRuntimeException: INTERNAL: Completed without a response
	at io.grpc.Status.asRuntimeException(Status.java:524)
	at io.grpc.internal.ServerCallImpl.closeInternal(ServerCallImpl.java:223)
	at io.grpc.internal.ServerCallImpl.close(ServerCallImpl.java:213)
	at io.grpc.stub.ServerCalls$ServerCallStreamObserverImpl.onCompleted(ServerCalls.java:395)
	at com.xilinx.rigel.services.platform.PlatformService.extractHwFiles(PlatformService.java:2991)
	at com.xilinx.rigel.platform.v3.PlatformGrpc$MethodHandlers.invoke(PlatformGrpc.java:3035)
	at io.grpc.stub.ServerCalls$UnaryServerCallHandler$UnaryServerCallListener.onHalfClose(ServerCalls.java:182)
	at io.grpc.internal.ServerCallImpl$ServerStreamListenerImpl.halfClosed(ServerCallImpl.java:356)
	at io.grpc.internal.ServerImpl$JumpToApplicationThreadServerStreamListener$1HalfClosed.runInContext(ServerImpl.java:861)
	at io.grpc.internal.ContextRunnable.run(ContextRunnable.java:37)
	at io.grpc.internal.SerializingExecutor.run(SerializingExecutor.java:133)
	at java.base/java.util.concurrent.ThreadPoolExecutor.runWorker(ThreadPoolExecutor.java:1128)
	at java.base/java.util.concurrent.ThreadPoolExecutor$Worker.run(ThreadPoolExecutor.java:628)
	at java.base/java.lang.Thread.run(Thread.java:829) 
2026-03-18 16:14:01 [debug] : Executing method:[getPdiInfo] with connection:(object). {"0":"request:","1":{"wrappers_":null,"arrayIndexOffset_":-1,"array":["C:\\Users\\dkhar\\OneDrive\\Documents\\GitHub\\ee4218\\lab_2"],"pivot_":1.7976931348623157e+308,"convertedPrimitiveFields_":{}}}
2026-03-18 16:14:33 [debug] : MonacoEditorModel.fireDidChangeContent - enter - {
  "changes": [
    {
      "range": {
        "startLineNumber": 15,
        "startColumn": 1,
        "endLineNumber": 15,
        "endColumn": 65
      },
      "rangeLength": 64,
      "text": "    \"vitis.build.application –PlatformBuildDependency\": \"always\",\r\n    \"window.menuBarVisibility\": \"compact\"",
      "rangeOffset": 437,
      "forceMoveMarkers": false
    }
  ],
  "eol": "\r\n",
  "isEolChange": false,
  "versionId": 2,
  "isUndoing": false,
  "isRedoing": false,
  "isFlush": false
} {"0":"user-storage:/user/settings.json"}
2026-03-18 16:14:33 [debug] : MonacoEditorModel.markAsDirty - enter {"0":"user-storage:/user/settings.json"}
2026-03-18 16:14:33 [debug] : MonacoEditorModel.cancelSync {"0":"user-storage:/user/settings.json"}
2026-03-18 16:14:33 [debug] : MonacoEditorModel.markAsDirty - exit {"0":"user-storage:/user/settings.json"}
2026-03-18 16:14:33 [debug] : MonacoEditorModel.fireDidChangeContent - exit {"0":"user-storage:/user/settings.json"}
2026-03-18 16:14:33 [debug] : MonacoEditorModel.cancelSave {"0":"user-storage:/user/settings.json"}
2026-03-18 16:14:33 [debug] : MonacoEditorModel.cancelSave {"0":"user-storage:/user/settings.json"}
2026-03-18 16:14:33 [debug] : MonacoEditorModel.cancelSync {"0":"user-storage:/user/settings.json"}
2026-03-18 16:14:33 [debug] : MonacoEditorModel.cancelSave {"0":"user-storage:/user/settings.json"}
2026-03-18 16:14:41 [debug] : MonacoEditorModel.fireDidChangeContent - enter - {
  "changes": [
    {
      "range": {
        "startLineNumber": 15,
        "startColumn": 1,
        "endLineNumber": 16,
        "endColumn": 42
      },
      "rangeLength": 108,
      "text": "    \"vitis.build.application –PlatformBuildDependency\": \"always\"",
      "rangeOffset": 437,
      "forceMoveMarkers": false
    }
  ],
  "eol": "\r\n",
  "isEolChange": false,
  "versionId": 2,
  "isUndoing": false,
  "isRedoing": false,
  "isFlush": false
} {"0":"user-storage:/user/settings.json"}
2026-03-18 16:14:41 [debug] : MonacoEditorModel.markAsDirty - enter {"0":"user-storage:/user/settings.json"}
2026-03-18 16:14:41 [debug] : MonacoEditorModel.cancelSync {"0":"user-storage:/user/settings.json"}
2026-03-18 16:14:41 [debug] : MonacoEditorModel.markAsDirty - exit {"0":"user-storage:/user/settings.json"}
2026-03-18 16:14:41 [debug] : MonacoEditorModel.fireDidChangeContent - exit {"0":"user-storage:/user/settings.json"}
2026-03-18 16:14:41 [debug] : MonacoEditorModel.cancelSave {"0":"user-storage:/user/settings.json"}
2026-03-18 16:14:41 [debug] : MonacoEditorModel.cancelSave {"0":"user-storage:/user/settings.json"}
2026-03-18 16:14:41 [debug] : MonacoEditorModel.cancelSync {"0":"user-storage:/user/settings.json"}
2026-03-18 16:14:41 [debug] : MonacoEditorModel.cancelSave {"0":"user-storage:/user/settings.json"}
2026-03-18 16:17:08 [debug] : getTasks(): about to return task information for 0 tasks 
2026-03-18 16:17:09 [debug] : socked closed 
2026-03-18 16:17:09 [debug] : closing connection for 1 
2026-03-18 16:17:09 [debug] : Closing channel on service path '/localization-server'. 
2026-03-18 16:17:09 [debug] : Closing channel on service path '/os'. 
2026-03-18 16:17:09 [debug] : Closing channel on service path '/services/commands'. 
2026-03-18 16:17:09 [debug] : Closing channel on service path '/services/keyboard'. 
2026-03-18 16:17:09 [debug] : Closing channel on service path '/services/logger'. 
2026-03-18 16:17:09 [debug] : Closing channel on service path '/services/messageService'. 
2026-03-18 16:17:09 [debug] : Closing channel on service path '/services/ChannelCloseService'. 
2026-03-18 16:17:09 [debug] : Closing channel on service path '/services/startup-workspace'. 
2026-03-18 16:17:09 [debug] : Closing channel on service path '/services/rigel-workspace'. 
2026-03-18 16:17:09 [debug] : Closing channel on service path '/services/remote-filesystem'. 
2026-03-18 16:17:09 [debug] : Closing channel on service path '/services/envs'. 
2026-03-18 16:17:09 [debug] : Closing channel on service path '/services/workspace'. 
2026-03-18 16:17:09 [debug] : Closing channel on service path '/services/stopwatch'. 
2026-03-18 16:17:09 [debug] : Closing channel on service path '/services/rigel-utils'. 
2026-03-18 16:17:09 [debug] : [Rigel Utils Server] Disposing objects in backend. 
2026-03-18 16:17:09 [debug] : Closing channel on service path '/services/application'. 
2026-03-18 16:17:09 [debug] : Closing channel on service path '/services/i18n'. 
2026-03-18 16:17:09 [debug] : Closing channel on service path '/services/quickInput'. 
2026-03-18 16:17:09 [debug] : Closing channel on service path '/services/project'. 
2026-03-18 16:17:09 [debug] : Closing channel on service path '/services/component'. 
2026-03-18 16:17:09 [debug] : Closing channel on service path '/services/feature-registry'. 
2026-03-18 16:17:09 [debug] : Closing channel on service path '/services/debugger'. 
2026-03-18 16:17:09 [debug] : Closing channel on service path '/services/debug'. 
2026-03-18 16:17:09 [debug] : Closing channel on service path '/services/shell-terminal'. 
2026-03-18 16:17:09 [debug] : Closing channel on service path '/services/quickPick'. 
2026-03-18 16:17:09 [debug] : Closing channel on service path '/services/task'. 
2026-03-18 16:17:09 [debug] : a client has disconnected - removed from list: 
2026-03-18 16:17:09 [debug] : Closing channel on service path '/services/search'. 
2026-03-18 16:17:09 [debug] : Closing channel on service path '/services/hostedPlugin'. 
2026-03-18 16:17:09 [debug] : Closing channel on service path '/services/plugin-ext'. 
2026-03-18 16:17:09 [debug] : Closing channel on service path '/services/plugin-paths'. 
2026-03-18 16:17:09 [debug] : Closing channel on service path '/services/vsx-environment'. 
2026-03-18 16:17:09 [debug] : Closing channel on service path '/services/request-service'. 
2026-03-18 16:17:09 [debug] : Closing channel on service path '/services/cli-preferences'. 
2026-03-18 16:17:09 [debug] : Closing channel on service path '/services/server'. 
2026-03-18 16:17:09 [debug] : Closing channel on service path '/services/repository'. 
2026-03-18 16:17:09 [debug] : [Repository Server] Disposing objects in backend. 
2026-03-18 16:17:09 [debug] : Closing channel on service path '/services/program_flash'. 
2026-03-18 16:17:09 [debug] : [Program Flash Server] Disposing objects in backend. 
2026-03-18 16:17:09 [debug] : Closing channel on service path '/services/build'. 
2026-03-18 16:17:09 [debug] : [Build Server] Disposing objects in backend. 
2026-03-18 16:17:09 [debug] : Closing channel on service path 'services/rigel-backend-helper'. 
2026-03-18 16:17:09 [debug] : Closing channel on service path '/services/aie'. 
2026-03-18 16:17:09 [debug] : [AIE Server] Disposing objects in backend. 
2026-03-18 16:17:09 [debug] : Closing channel on service path '/services/analysis'. 
2026-03-18 16:17:09 [debug] : Closing channel on service path '/services/notification'. 
2026-03-18 16:17:09 [debug] : Closing channel on service path '/services/recent-summaries'. 
2026-03-18 16:17:09 [debug] : Closing channel on service path '/services/platform'. 
2026-03-18 16:17:09 [debug] : Closing channel on service path '/services/hls/l1library/service'. 
2026-03-18 16:17:09 [debug] : Closing channel on service path '/services/elf-reader'. 
2026-03-18 16:17:09 [debug] : [Elf Reader Server] Disposing objects in backend. 
2026-03-18 16:17:09 [debug] : Closing channel on service path '/services/rigel_explorer'. 
2026-03-18 16:17:09 [debug] : Closing channel on service path '/services/linker-script'. 
2026-03-18 16:17:09 [debug] : Closing channel on service path '/services/rigel-logger'. 
2026-03-18 16:17:09 [debug] : [Logger Server] Disposing objects in backend. 
2026-03-18 16:17:09 [debug] : Closing channel on service path '/services/vitis-hls'. 
2026-03-18 16:17:09 [debug] : Closing channel on service path '/services/device'. 
2026-03-18 16:17:09 [debug] : Closing channel on service path '/services/vcxx'. 
2026-03-18 16:17:09 [debug] : [Rigel Vcxx Server] Disposing objects in backend. 
2026-03-18 16:17:09 [debug] : Closing channel on service path '/services/mini-browser-service'. 
2026-03-18 16:17:09 [debug] : Closing channel on service path '/services/hls/report'. 
2026-03-18 16:17:09 [debug] : Closing channel on service path '/services/hls/common/data/info'. 
2026-03-18 16:17:09 [debug] : Closing channel on service path '/services/flow_navigator'. 
2026-03-18 16:17:09 [debug] : Closing channel on service path '/services/hls/common/file/service'. 
2026-03-18 16:17:09 [debug] : Closing channel on service path '/services/hls/dataflow/info'. 
2026-03-18 16:17:09 [debug] : Closing channel on service path '/services/hls/directive'. 
2026-03-18 16:17:09 [debug] : Closing channel on service path '/services/hls_flow'. 
2026-03-18 16:17:09 [debug] : [Hls Flow Server] Disposing objects in backend. 
2026-03-18 16:17:09 [debug] : Closing channel on service path '/services/project-utils'. 
2026-03-18 16:17:09 [debug] : Closing channel on service path '/services/bootgen'. 
2026-03-18 16:17:09 [debug] : Closing channel on service path '/services/cdo-utils'. 
2026-03-18 16:17:09 [debug] : Closing channel on service path '/services/report-model'. 
2026-03-18 16:17:09 [debug] : Closing channel on service path '/services/hls/wave/open'. 
2026-03-18 16:17:09 [debug] : Closing channel on service path '/services/search-in-workspace'. 
2026-03-18 16:17:09 [debug] : Closing channel on service path '/services/keyStore'. 
2026-03-18 16:17:09 [debug] : Closing channel on service path '/services/languagePackService'. 
2026-03-18 16:17:09 [debug] : Closing channel on service path '/services/terminals/109760856'. 
2026-03-18 16:17:11 [debug] : creating connection for 1 
2026-03-18 16:17:15 [debug] : [Workspace Server] Connection established from backend to the frontend client. 
2026-03-18 16:17:15 [debug] : [Rigel Utils Server] Connection established from backend to the frontend client. 
2026-03-18 16:17:15 [debug] : [Debugger Server] Connection established from backend to the frontend client. 
2026-03-18 16:17:15 [debug] : a client has connected - adding it to the list: 
2026-03-18 16:17:15 [debug] : [Repository Server] Connection established from backend to the frontend client. 
2026-03-18 16:17:15 [debug] : [Program Flash Server] Connection established from backend to the frontend client. 
2026-03-18 16:17:15 [debug] : [Build Server] Connection established from backend to the frontend client. 
2026-03-18 16:17:15 [debug] : [AIE Server] Connection established from backend to the frontend client. 
2026-03-18 16:17:15 [debug] : [Platform Server] Connection established from backend to the frontend client. 
2026-03-18 16:17:15 [debug] : [Elf Reader Server] Connection established from backend to the frontend client. 
2026-03-18 16:17:15 [debug] : [Logger Server] Connection established from backend to the frontend client. 
2026-03-18 16:17:15 [debug] : [Rigel Vcxx Server] Connection established from backend to the frontend client. 
2026-03-18 16:17:15 [debug] : [Hls Flow Server] Connection established from backend to the frontend client. 
2026-03-18 16:17:15 [debug] : [Workspace Server] Initializing the frontend client. 
2026-03-18 16:17:15 [debug] : [Rigel Utils Server] Initializing the frontend client. 
2026-03-18 16:17:15 [debug] : [Debugger Server] Initializing the frontend client. 
2026-03-18 16:17:15 [debug] : [Repository Server] Initializing the frontend client. 
2026-03-18 16:17:15 [debug] : [Logger Server] Initializing the frontend client. 
2026-03-18 16:17:15 [debug] : [Rigel Vcxx Server] Initializing the frontend client. 
2026-03-18 16:17:15 [debug] : [Hls Flow Server] Initializing the frontend client. 
2026-03-18 16:17:15 [debug] : getTasks(): about to return task information for 0 tasks 
2026-03-18 16:17:15 [debug] : [Repository Server] Executing method:listAppRepos with connection:(object). {"0":"request:","1":{"wrappers_":null,"arrayIndexOffset_":-1,"array":[],"pivot_":1.7976931348623157e+308,"convertedPrimitiveFields_":{}}}
2026-03-18 16:17:15 [debug] : [Repository Server] Executed method:listAppRepos. {"0":"result:","1":[{"id":"vitis_examples","name":"Vitis Accel Examples Repository","description":"This repository contains examples to showcase various features of the Vitis tools and platforms. The examples illustrate specific scenarios related to host code and kernel programming through small working examples.","installDirectory":"C:/Xilinx/2025.1/Vitis/vitis_examples","localDirectory":"C:/Users/dkhar/.Xilinx/Vitis/2025.1/vitis_examples","gitUrl":"https://github.com/Xilinx/Vitis_Accel_Examples.git","gitBranch":"2025.1","gitSubfoldersList":[],"type":2},{"id":"installed_examples","name":"Installed Examples Repository","description":"This repository contains some simple examples.","installDirectory":"C:/Xilinx/2025.1/Vitis/installed_examples","localDirectory":"C:/Xilinx/2025.1/Vitis/samples","gitUrl":"","gitBranch":"","gitSubfoldersList":[],"type":2},{"id":"vitis_libraries","name":"Vitis Accelerated Libraries Repository","description":"The Vitis software development platform includes an extensive set of open-source, performance-optimized libraries that offer out-of-the-box acceleration with minimal to zero-code changes to your existing applications.","installDirectory":"C:/Xilinx/2025.1/Vitis/vitis_libraries","localDirectory":"C:/Users/dkhar/.Xilinx/Vitis/2025.1/vitis_libraries","gitUrl":"https://github.com/Xilinx/Vitis_Libraries.git","gitBranch":"2025.1","gitSubfoldersList":["blas","codec","data_analytics","data_compression","data_mover","database","dsp","graph","hpc","motor_control","quantitative_finance","security","solver","sparse","ultrasound","utils","vision"],"type":1}]}
2026-03-18 16:17:15 [debug] : [Repository Server] Executing method:listAppRepos with connection:(object). {"0":"request:","1":{"wrappers_":null,"arrayIndexOffset_":-1,"array":[],"pivot_":1.7976931348623157e+308,"convertedPrimitiveFields_":{}}}
2026-03-18 16:17:15 [debug] : [Repository Server] Executing method:listAppRepos with connection:(object). {"0":"request:","1":{"wrappers_":null,"arrayIndexOffset_":-1,"array":[],"pivot_":1.7976931348623157e+308,"convertedPrimitiveFields_":{}}}
2026-03-18 16:17:15 [debug] : [Repository Server] Executing method:listAieExampleRepos with connection:(object). {"0":"request:","1":{"wrappers_":null,"arrayIndexOffset_":-1,"array":[],"pivot_":1.7976931348623157e+308,"convertedPrimitiveFields_":{}}}
2026-03-18 16:17:15 [debug] : [Repository Server] Executing method:listHlsExampleRepos with connection:(object). {"0":"request:","1":{"wrappers_":null,"arrayIndexOffset_":-1,"array":[],"pivot_":1.7976931348623157e+308,"convertedPrimitiveFields_":{}}}
2026-03-18 16:17:15 [debug] : [Repository Server] Executing method:getEmbeddedExampleTemplateTree with connection:(object). {"0":"request:","1":{"wrappers_":null,"arrayIndexOffset_":-1,"array":[],"pivot_":1.7976931348623157e+308,"convertedPrimitiveFields_":{}}}
2026-03-18 16:17:15 [debug] : [Repository Server] Executed method:listAppRepos. {"0":"result:","1":[{"id":"vitis_examples","name":"Vitis Accel Examples Repository","description":"This repository contains examples to showcase various features of the Vitis tools and platforms. The examples illustrate specific scenarios related to host code and kernel programming through small working examples.","installDirectory":"C:/Xilinx/2025.1/Vitis/vitis_examples","localDirectory":"C:/Users/dkhar/.Xilinx/Vitis/2025.1/vitis_examples","gitUrl":"https://github.com/Xilinx/Vitis_Accel_Examples.git","gitBranch":"2025.1","gitSubfoldersList":[],"type":2},{"id":"installed_examples","name":"Installed Examples Repository","description":"This repository contains some simple examples.","installDirectory":"C:/Xilinx/2025.1/Vitis/installed_examples","localDirectory":"C:/Xilinx/2025.1/Vitis/samples","gitUrl":"","gitBranch":"","gitSubfoldersList":[],"type":2},{"id":"vitis_libraries","name":"Vitis Accelerated Libraries Repository","description":"The Vitis software development platform includes an extensive set of open-source, performance-optimized libraries that offer out-of-the-box acceleration with minimal to zero-code changes to your existing applications.","installDirectory":"C:/Xilinx/2025.1/Vitis/vitis_libraries","localDirectory":"C:/Users/dkhar/.Xilinx/Vitis/2025.1/vitis_libraries","gitUrl":"https://github.com/Xilinx/Vitis_Libraries.git","gitBranch":"2025.1","gitSubfoldersList":["blas","codec","data_analytics","data_compression","data_mover","database","dsp","graph","hpc","motor_control","quantitative_finance","security","solver","sparse","ultrasound","utils","vision"],"type":1}]}
2026-03-18 16:17:15 [debug] : [Repository Server] Executed method:listHlsExampleRepos. {"0":"result:","1":[{"id":"vitis_hls_examples","name":"Vitis HLS Introductory Examples","description":"Basic examples for Vitis HLS.","installDirectory":"C:/Xilinx/2025.1/Vitis/vitis_hls_examples","localDirectory":"C:/Users/dkhar/.Xilinx/Vitis/2025.1/vitis_hls_examples","gitUrl":"https://github.com/Xilinx/Vitis-HLS-Introductory-Examples.git","gitBranch":"2025.1","gitSubfoldersList":[],"type":4},{"id":"vitis_libraries","name":"Vitis Accelerated Libraries Repository","description":"The Vitis software development platform includes an extensive set of open-source, performance-optimized libraries that offer out-of-the-box acceleration with minimal to zero-code changes to your existing applications.","installDirectory":"C:/Xilinx/2025.1/Vitis/vitis_libraries","localDirectory":"C:/Users/dkhar/.Xilinx/Vitis/2025.1/vitis_libraries","gitUrl":"https://github.com/Xilinx/Vitis_Libraries.git","gitBranch":"2025.1","gitSubfoldersList":["blas","codec","data_analytics","data_compression","data_mover","database","dsp","graph","hpc","motor_control","quantitative_finance","security","solver","sparse","ultrasound","utils","vision"],"type":1}]}
2026-03-18 16:17:15 [debug] : [Repository Server] Executed method:listAieExampleRepos. {"0":"result:","1":[{"id":"installed_aie_examples","name":"Installed AI Engine Examples","description":"This repository contains some simple AI Engine examples.","installDirectory":"C:/Xilinx/2025.1/Vitis/installed_aie_examples","localDirectory":"C:/Xilinx/2025.1/Vitis/samples","gitUrl":"","gitBranch":"","gitSubfoldersList":[],"type":3},{"id":"vitis_libraries","name":"Vitis Accelerated Libraries Repository","description":"The Vitis software development platform includes an extensive set of open-source, performance-optimized libraries that offer out-of-the-box acceleration with minimal to zero-code changes to your existing applications.","installDirectory":"C:/Xilinx/2025.1/Vitis/vitis_libraries","localDirectory":"C:/Users/dkhar/.Xilinx/Vitis/2025.1/vitis_libraries","gitUrl":"https://github.com/Xilinx/Vitis_Libraries.git","gitBranch":"2025.1","gitSubfoldersList":["blas","codec","data_analytics","data_compression","data_mover","database","dsp","graph","hpc","motor_control","quantitative_finance","security","solver","sparse","ultrasound","utils","vision"],"type":1}]}
2026-03-18 16:17:15 [debug] : [Repository Server] Executed method:listAppRepos. {"0":"result:","1":[{"id":"vitis_examples","name":"Vitis Accel Examples Repository","description":"This repository contains examples to showcase various features of the Vitis tools and platforms. The examples illustrate specific scenarios related to host code and kernel programming through small working examples.","installDirectory":"C:/Xilinx/2025.1/Vitis/vitis_examples","localDirectory":"C:/Users/dkhar/.Xilinx/Vitis/2025.1/vitis_examples","gitUrl":"https://github.com/Xilinx/Vitis_Accel_Examples.git","gitBranch":"2025.1","gitSubfoldersList":[],"type":2},{"id":"installed_examples","name":"Installed Examples Repository","description":"This repository contains some simple examples.","installDirectory":"C:/Xilinx/2025.1/Vitis/installed_examples","localDirectory":"C:/Xilinx/2025.1/Vitis/samples","gitUrl":"","gitBranch":"","gitSubfoldersList":[],"type":2},{"id":"vitis_libraries","name":"Vitis Accelerated Libraries Repository","description":"The Vitis software development platform includes an extensive set of open-source, performance-optimized libraries that offer out-of-the-box acceleration with minimal to zero-code changes to your existing applications.","installDirectory":"C:/Xilinx/2025.1/Vitis/vitis_libraries","localDirectory":"C:/Users/dkhar/.Xilinx/Vitis/2025.1/vitis_libraries","gitUrl":"https://github.com/Xilinx/Vitis_Libraries.git","gitBranch":"2025.1","gitSubfoldersList":["blas","codec","data_analytics","data_compression","data_mover","database","dsp","graph","hpc","motor_control","quantitative_finance","security","solver","sparse","ultrasound","utils","vision"],"type":1}]}
2026-03-18 16:17:15 [debug] : [Repository Service] Executing method:listAppRepos from frontend. {"0":"request:"}
2026-03-18 16:17:15 [debug] : Frontend u.initialize: 4.0 ms [Finished 6.040 s after frontend start] 
2026-03-18 16:17:15 [debug] : Frontend $.initialize: 2.9 ms [Finished 6.044 s after frontend start] 
2026-03-18 16:17:15 [debug] : Frontend $.initialize: 0.0 ms [Finished 6.044 s after frontend start] 
2026-03-18 16:17:15 [debug] : Frontend n.initialize: 0.0 ms [Finished 6.045 s after frontend start] 
2026-03-18 16:17:15 [debug] : Frontend Object.initialize: 0.1 ms [Finished 6.045 s after frontend start] 
2026-03-18 16:17:15 [debug] : Frontend a.initialize: 0.0 ms [Finished 6.045 s after frontend start] 
2026-03-18 16:17:15 [debug] : Frontend _.initialize: 0.1 ms [Finished 6.045 s after frontend start] 
2026-03-18 16:17:15 [debug] : Frontend d.initialize: 0.2 ms [Finished 6.045 s after frontend start] 
2026-03-18 16:17:15 [debug] : Frontend _.initialize: 0.2 ms [Finished 6.045 s after frontend start] 
2026-03-18 16:17:15 [debug] : Frontend f.initialize: 0.0 ms [Finished 6.046 s after frontend start] 
2026-03-18 16:17:15 [debug] : Frontend y.initialize: 5.5 ms [Finished 6.051 s after frontend start] 
2026-03-18 16:17:15 [debug] : Frontend f.initialize: 0.0 ms [Finished 6.051 s after frontend start] 
2026-03-18 16:17:15 [debug] : Frontend d.initialize: 0.1 ms [Finished 6.051 s after frontend start] 
2026-03-18 16:17:15 [debug] : [Workspace Client] Initializaton completed. 
2026-03-18 16:17:15 [debug] : [Rigel Utils Client] Initializaton completed. 
2026-03-18 16:17:15 [debug] : [Debugger Client] Initializaton completed. 
2026-03-18 16:17:15 [debug] : [Repository Client] Initializaton completed. 
2026-03-18 16:17:15 [debug] : [Repository Client] Ready to accept calls from the UI widgets. 
2026-03-18 16:17:15 [debug] : [Application Examples Provider]  updating the model on initialization. 
2026-03-18 16:17:15 [debug] : [Application Examples Provider] refresh requested. 
2026-03-18 16:17:15 [debug] : [Application Examples Provider] refresh requested. 
2026-03-18 16:17:15 [debug] : [Application Examples Provider] refresh requested. 
2026-03-18 16:17:15 [debug] : [Application Examples Provider] refresh requested. 
2026-03-18 16:17:15 [debug] : [Repository Service] Executing method:listAppRepos from frontend. {"0":"request:"}
2026-03-18 16:17:15 [debug] : [Application Examples Provider] common calling method requested. 
2026-03-18 16:17:15 [debug] : [Application Examples Provider] Repositories model update requested. 
2026-03-18 16:17:15 [debug] : [Repository Service] Executing method:listAppRepos from frontend. {"0":"request:"}
2026-03-18 16:17:15 [debug] : [Application Examples Provider] common calling method requested. 
2026-03-18 16:17:15 [debug] : [Application Examples Provider] Repositories model update requested. 
2026-03-18 16:17:15 [debug] : [Repository Service] Executing method:listAieExampleRepos from frontend. {"0":"request:"}
2026-03-18 16:17:15 [debug] : [Application Examples Provider] common calling method requested. 
2026-03-18 16:17:15 [debug] : [Application Examples Provider] Repositories model update requested. 
2026-03-18 16:17:15 [debug] : [Repository Service] Executing method:listHlsExampleRepos from frontend. {"0":"request:"}
2026-03-18 16:17:15 [debug] : [Application Examples Provider] common calling method requested. 
2026-03-18 16:17:15 [debug] : [Application Examples Provider] Repositories model update requested. 
2026-03-18 16:17:15 [debug] : [Application Examples Provider] Repositories model update completed. 
2026-03-18 16:17:15 [debug] : [Application Examples Provider] Templates model update requested. 
2026-03-18 16:17:15 [debug] : [Repository Service] Executing method:getEmbeddedExampleTemplateTree from frontend. {"0":"request:"}
2026-03-18 16:17:15 [debug] : [Program Flash Client]  {"0":"Initializaton completed and program flash service is ready in the frontend to receive program flash logs."}
2026-03-18 16:17:15 [debug] : [Build Client] Initializaton completed and build service is ready in the frontend to receive build logs. 
2026-03-18 16:17:15 [debug] : [AIE Client] Initializaton completed and build service is ready in the frontend to receive build logs. 
2026-03-18 16:17:15 [debug] : Initializaton completed and build service is ready in the frontend to receive build logs. 
2026-03-18 16:17:15 [debug] : [Elf Reader Client] Initializaton completed. 
2026-03-18 16:17:15 [debug] : [Logger Client] Initializaton completed. 
2026-03-18 16:17:15 [debug] : [Rigel vcxx Client] Initializaton completed. 
2026-03-18 16:17:15 [debug] : [HLS Flow Client] Initialization completed. 
2026-03-18 16:17:15 [debug] : Frontend x.initialize took longer than the expected maximum 100 milliseconds: 342.7 ms [Finished 6.394 s after frontend start] 
2026-03-18 16:17:15 [debug] : Frontend n.initialize: 0.0 ms [Finished 6.394 s after frontend start] 
2026-03-18 16:17:15 [debug] : Frontend n.initialize: 0.2 ms [Finished 6.395 s after frontend start] 
2026-03-18 16:17:15 [debug] : [Program Flash Output] Adding listeners to program flash service. 
2026-03-18 16:17:15 [debug] : Frontend T.initialize: 0.8 ms [Finished 6.396 s after frontend start] 
2026-03-18 16:17:15 [debug] : [Program Device Output] Adding listeners to program device service. 
2026-03-18 16:17:15 [debug] : Frontend S.initialize: 0.6 ms [Finished 6.397 s after frontend start] 
2026-03-18 16:17:15 [debug] : [Build Output] Adding listeners to build service. 
2026-03-18 16:17:15 [debug] : Frontend z.initialize: 1.1 ms [Finished 6.399 s after frontend start] 
2026-03-18 16:17:15 [debug] : [Launch Menu] Adding listeners to manage launch session. 
2026-03-18 16:17:15 [debug] : [Debug Manager] A debug session listener is registered to receive launch events. 
2026-03-18 16:17:15 [debug] : Frontend X.initialize: 1.2 ms [Finished 6.400 s after frontend start] 
2026-03-18 16:17:15 [debug] : Frontend h.initialize: 0.4 ms [Finished 6.402 s after frontend start] 
2026-03-18 16:17:15 [debug] : Frontend $.initialize: 0.5 ms [Finished 6.403 s after frontend start] 
2026-03-18 16:17:15 [debug] : Frontend h.initialize: 0.2 ms [Finished 6.403 s after frontend start] 
2026-03-18 16:17:15 [debug] : RIGEL SERVER 16:17:15 INFO  : cmd.exe, /C, empyro.bat get_template_data -d C:\Users\dkhar\AppData\Local\Temp\rigel_lopper_dkhar1908036003559112438 -r C:\Users\dkhar\OneDrive\Documents\GitHub\ee4218\_ide\.wsdata\.repo.yaml 
2026-03-18 16:17:15 [debug] : Adding listeners to preference service. 
2026-03-18 16:17:15 [debug] : Frontend h.initialize: 0.4 ms [Finished 6.404 s after frontend start] 
2026-03-18 16:17:15 [debug] : [Platform Output] Adding listeners to build service. 
2026-03-18 16:17:15 [debug] : Frontend N.initialize: 0.9 ms [Finished 6.405 s after frontend start] 
2026-03-18 16:17:15 [debug] : [Rigel Vcxx Server] Executing method:vcxx.hasVcxx with connection:(object). {"0":"request:"}
2026-03-18 16:17:15 [debug] : Frontend h.initialize: 14.0 ms [Finished 6.420 s after frontend start] 
2026-03-18 16:17:15 [debug] : [Build Output] Adding listeners to build service. 
2026-03-18 16:17:15 [debug] : Frontend m.initialize: 1.0 ms [Finished 6.421 s after frontend start] 
2026-03-18 16:17:15 [debug] : Frontend d.initialize: 0.2 ms [Finished 6.422 s after frontend start] 
2026-03-18 16:17:15 [debug] : [HLS Output] Adding listeners to HLS service. 
2026-03-18 16:17:15 [debug] : Frontend m.initialize: 0.8 ms [Finished 6.424 s after frontend start] 
2026-03-18 16:17:15 [debug] : [Rigel Vcxx Server] Executed method:vcxx.hasVcxx. {"0":"result:","1":{"wrappers_":null,"arrayIndexOffset_":-1,"array":[true],"pivot_":1.7976931348623157e+308,"convertedPrimitiveFields_":{}}}
2026-03-18 16:17:15 [debug] : Event posted using notification server in backend. {"0":{"wrappers_":{},"arrayIndexOffset_":-1,"array":["a0787854-afee-4c37-9360-0051f7b12b0f",null,53,null,null,null,null,"list-reports"],"pivot_":1.7976931348623157e+308,"convertedPrimitiveFields_":{}}}
2026-03-18 16:17:15 [debug] : [Repository Server] Executing method:getAppRepoState with connection:(object). {"0":"request:","1":{"repoId":"vitis_libraries","repoType":1}}
2026-03-18 16:17:15 [debug] : [Repository Service] Executing method:getAppRepoState from frontend. {"0":"request:","1":{"repoId":"vitis_libraries","repoType":1}}
2026-03-18 16:17:15 [debug] : [Repository Server] Executing method:getAppRepoState with connection:(object). {"0":"request:","1":{"repoId":"vitis_libraries","repoType":1}}
2026-03-18 16:17:15 [debug] : [Repository Service] Executing method:getAppRepoState from frontend. {"0":"request:","1":{"repoId":"vitis_libraries","repoType":1}}
2026-03-18 16:17:15 [debug] : [Repository Server] Executing method:getAppRepoState with connection:(object). {"0":"request:","1":{"repoId":"vitis_hls_examples","repoType":4}}
2026-03-18 16:17:15 [debug] : [Repository Service] Executing method:getAppRepoState from frontend. {"0":"request:","1":{"repoId":"vitis_hls_examples","repoType":4}}
2026-03-18 16:17:15 [debug] : [Repository Server] Executing method:getAieExampleTemplateTree with connection:(object). {"0":"request:","1":{"wrappers_":null,"arrayIndexOffset_":-1,"array":[],"pivot_":1.7976931348623157e+308,"convertedPrimitiveFields_":{}}}
2026-03-18 16:17:15 [debug] : [Application Examples Provider] installed_aie_examples:true 
2026-03-18 16:17:15 [debug] : [Application Examples Provider] vitis_libraries:false 
2026-03-18 16:17:15 [debug] : [Application Examples Provider] Repositories model update completed. 
2026-03-18 16:17:15 [debug] : [Application Examples Provider] Templates model update requested. 
2026-03-18 16:17:15 [debug] : [Repository Service] Executing method:getAieExampleTemplateTree from frontend. {"0":"request:"}
2026-03-18 16:17:15 [debug] : [Repository Server] Executing method:getAppRepoState with connection:(object). {"0":"request:","1":{"repoId":"vitis_examples","repoType":2}}
2026-03-18 16:17:15 [debug] : [Repository Service] Executing method:getAppRepoState from frontend. {"0":"request:","1":{"repoId":"vitis_examples","repoType":2}}
2026-03-18 16:17:15 [debug] : [Repository Server] Executed method:getAppRepoState. {"0":"result:","1":{"repoId":"","status":2}}
2026-03-18 16:17:15 [debug] : [Repository Server] Executed method:getAppRepoState. {"0":"result:","1":{"repoId":"","status":2}}
2026-03-18 16:17:15 [debug] : [Repository Server] Executed method:getAppRepoState. {"0":"result:","1":{"repoId":"","status":2}}
2026-03-18 16:17:15 [debug] : [Repository Server] Executed method:getAppRepoState. {"0":"result:","1":{"repoId":"","status":2}}
2026-03-18 16:17:15 [debug] : Frontend Q.configure: 77.6 ms [Finished 6.502 s after frontend start] 
2026-03-18 16:17:15 [debug] : Frontend l.configure: 0.2 ms [Finished 6.502 s after frontend start] 
2026-03-18 16:17:15 [debug] : Frontend u.configure: 1.0 ms [Finished 6.503 s after frontend start] 
2026-03-18 16:17:15 [debug] : Received event from notification service: ON_START_ANALYSIS_PROGRESS. 
2026-03-18 16:17:15 [debug] : Event posted using notification server in backend. {"0":{"wrappers_":{},"arrayIndexOffset_":-1,"array":["09e8ccc6-bb83-499c-b30c-30a65fd6b09f",null,54,null,null,null,null,"list-reports"],"pivot_":1.7976931348623157e+308,"convertedPrimitiveFields_":{}}}
2026-03-18 16:17:15 [debug] : [Repository Server] Executing method:getAppRepoState with connection:(object). {"0":"request:","1":{"repoId":"vitis_libraries","repoType":1}}
2026-03-18 16:17:15 [debug] : [Application Examples Provider]  Application repository status:2 for id:vitis_examples 
2026-03-18 16:17:15 [debug] : [Repository Service] Executing method:getAppRepoState from frontend. {"0":"request:","1":{"repoId":"vitis_libraries","repoType":1}}
2026-03-18 16:17:15 [debug] : [Application Examples Provider]  Application repository status:2 for id:vitis_hls_examples 
2026-03-18 16:17:15 [debug] : [Repository Service] Executing method:getAppRepoState from frontend. {"0":"request:","1":{"repoId":"vitis_libraries","repoType":1}}
2026-03-18 16:17:15 [debug] : [Repository Server] Executing method:getAppRepoState with connection:(object). {"0":"request:","1":{"repoId":"vitis_libraries","repoType":1}}
2026-03-18 16:17:15 [debug] : [Repository Server] Executed method:getAppRepoState. {"0":"result:","1":{"repoId":"","status":2}}
2026-03-18 16:17:15 [debug] : [Repository Server] Executed method:getAppRepoState. {"0":"result:","1":{"repoId":"","status":2}}
2026-03-18 16:17:15 [debug] : Received event from notification service: ON_STOP_ANALYSIS_PROGRESS. 
2026-03-18 16:17:15 [debug] : [Repository Server] Executing method:getAppTemplateTree with connection:(object). {"0":"request:","1":{"wrappers_":{},"arrayIndexOffset_":-1,"array":[],"pivot_":1.7976931348623157e+308,"convertedPrimitiveFields_":{}}}
2026-03-18 16:17:15 [debug] : [Application Examples Provider]  Application repository status:2 for id:vitis_libraries 
2026-03-18 16:17:15 [debug] : [Application Examples Provider] vitis_examples:false 
2026-03-18 16:17:15 [debug] : [Application Examples Provider] installed_examples:true 
2026-03-18 16:17:15 [debug] : [Application Examples Provider] vitis_libraries:false 
2026-03-18 16:17:15 [debug] : [Application Examples Provider] Repositories model update completed. 
2026-03-18 16:17:15 [debug] : [Application Examples Provider] Templates model update requested. 
2026-03-18 16:17:15 [debug] : [Repository Service] Executing method:getAppTemplateTree from frontend. {"0":"request:"}
2026-03-18 16:17:15 [debug] : [Application Examples Provider]  Application repository status:2 for id:vitis_libraries 
2026-03-18 16:17:15 [debug] : [Repository Server] Executing method:getHlsExampleTemplateTree with connection:(object). {"0":"request:","1":{"wrappers_":null,"arrayIndexOffset_":-1,"array":[],"pivot_":1.7976931348623157e+308,"convertedPrimitiveFields_":{}}}
2026-03-18 16:17:15 [debug] : [Application Examples Provider] vitis_hls_examples:false 
2026-03-18 16:17:15 [debug] : [Application Examples Provider] vitis_libraries:false 
2026-03-18 16:17:15 [debug] : [Application Examples Provider] Repositories model update completed. 
2026-03-18 16:17:15 [debug] : [Application Examples Provider] Templates model update requested. 
2026-03-18 16:17:15 [debug] : [Repository Service] Executing method:getHlsExampleTemplateTree from frontend. {"0":"request:"}
2026-03-18 16:17:15 [debug] : [Application Examples Provider] Templates model update completed. 
2026-03-18 16:17:15 [debug] : [Application Examples Provider] common calling method completed. 
2026-03-18 16:17:15 [debug] : [Application Examples Provider] refresh completed. 
2026-03-18 16:17:15 [debug] : [Application Examples Provider] Templates model update completed. 
2026-03-18 16:17:15 [debug] : [Application Examples Provider] common calling method completed. 
2026-03-18 16:17:15 [debug] : [Application Examples Provider] refresh completed. 
2026-03-18 16:17:15 [debug] : [Workspace Server] In 'setWorkspace' with connection:[object Object] request:{"path":"C:\\Users\\dkhar\\OneDrive\\Documents\\GitHub\\ee4218"} 
2026-03-18 16:17:15 [debug] : [Workspace Service] Initializaton completed. Updating workspace 'C:\Users\dkhar\OneDrive\Documents\GitHub\ee4218' in the server from service. 
2026-03-18 16:17:15 [debug] : RIGEL SERVER 16:17:15 INFO  : created .gitignore file for the project C:\Users\dkhar\OneDrive\Documents\GitHub\ee4218 
2026-03-18 16:17:15 [debug] : --------------------------------------------------------------------------------- 
2026-03-18 16:17:15 [debug] : C:\Users\dkhar\OneDrive\Documents\GitHub\ee4218 
2026-03-18 16:17:15 [debug] : --------------------------------------------------------------------------------- 
2026-03-18 16:17:15 [debug] : [Logger] Previous user logs are stored in the file - C:\Users\dkhar\OneDrive\Documents\GitHub\ee4218\_ide\logs\ide.log 
2026-03-18 16:17:15 [debug] : [Logger] Previous debug logs are stored in the file - C:\Users\dkhar\OneDrive\Documents\GitHub\ee4218\_ide\.wsdata\ide_verbose.log 
2026-03-18 16:17:15 [debug] : Frontend v.configure took longer than the expected maximum 100 milliseconds: 171.0 ms [Finished 6.675 s after frontend start] 
2026-03-18 16:17:15 [debug] : Frontend $.configure: 0.2 ms [Finished 6.675 s after frontend start] 
2026-03-18 16:17:15 [debug] : Application UI init preferences 
2026-03-18 16:17:15 [debug] : [Bootgen Output] Adding listeners to bootgen service. 
2026-03-18 16:17:15 [debug] : A command editor.action.toggleStickyScroll is already registered. 
2026-03-18 16:17:15 [debug] : A command rigel.edit.config is already registered. 
2026-03-18 16:17:15 [debug] : Frontend commands.onStart: 97.2 ms [Finished 6.773 s after frontend start] 
2026-03-18 16:17:15 [debug] : [Application Examples Provider] Templates model update completed. 
2026-03-18 16:17:15 [debug] : [Application Examples Provider] common calling method completed. 
2026-03-18 16:17:15 [debug] : [Application Examples Provider] refresh completed. 
2026-03-18 16:17:15 [debug] : Event posted using notification server in backend. {"0":{"wrappers_":{},"arrayIndexOffset_":-1,"array":["44f1d51e-e943-4bc3-9071-359a5412aa85",null,53,null,null,null,null,"list-reports"],"pivot_":1.7976931348623157e+308,"convertedPrimitiveFields_":{}}}
2026-03-18 16:17:15 [debug] : RIGEL SERVER 16:17:15 INFO  : updated workspace path: C:\Users\dkhar\OneDrive\Documents\GitHub\ee4218 
2026-03-18 16:17:16 [debug] : Linked preference "workbench.colorCustomizations" not found. 
2026-03-18 16:17:16 [debug] : [Repository Server] Executing method:getEmbeddedExampleTemplateTree with connection:(object). {"0":"request:","1":{"wrappers_":null,"arrayIndexOffset_":-1,"array":[],"pivot_":1.7976931348623157e+308,"convertedPrimitiveFields_":{}}}
2026-03-18 16:17:16 [debug] : [Application Examples Provider]  updating the embedded templates on workspace event. 
2026-03-18 16:17:16 [debug] : [Application Examples Provider] refresh requested. 
2026-03-18 16:17:16 [debug] : Received event from notification service: ON_DID_UPDATE_WORKSPACE. 
2026-03-18 16:17:16 [debug] : [Logger Client] log levelchanged to  {"0":"Info"}
2026-03-18 16:17:16 [debug] : [Logger UI]  Update Log Level  called 
2026-03-18 16:17:16 [debug] : [Application Examples Provider] common calling method requested. 
2026-03-18 16:17:16 [debug] : [Application Examples Provider] Repositories model update requested. 
2026-03-18 16:17:16 [debug] : [Application Examples Provider] Repositories model update completed. 
2026-03-18 16:17:16 [debug] : [Application Examples Provider] Templates model update requested. 
2026-03-18 16:17:16 [debug] : [Repository Service] Executing method:getEmbeddedExampleTemplateTree from frontend. {"0":"request:"}
2026-03-18 16:17:16 [debug] : Application UI init preferences 
2026-03-18 16:17:16 [debug] : Frontend keybindings.onStart took longer than the expected maximum 100 milliseconds: 585.1 ms [Finished 7.359 s after frontend start] 
2026-03-18 16:17:16 [debug] : Frontend menus.onStart: 23.8 ms [Finished 7.383 s after frontend start] 
2026-03-18 16:17:16 [debug] : Frontend l.onStart: 35.9 ms [Finished 7.419 s after frontend start] 
2026-03-18 16:17:16 [debug] : Frontend l.onStart: 0.6 ms [Finished 7.421 s after frontend start] 
2026-03-18 16:17:16 [debug] : Frontend d.onStart: 72.1 ms [Finished 7.493 s after frontend start] 
2026-03-18 16:17:16 [debug] : Frontend u.onStart: 18.9 ms [Finished 7.512 s after frontend start] 
2026-03-18 16:17:16 [debug] : Frontend Q.onStart: 0.3 ms [Finished 7.513 s after frontend start] 
2026-03-18 16:17:16 [debug] : Frontend a.onStart: 2.5 ms [Finished 7.516 s after frontend start] 
2026-03-18 16:17:16 [debug] : Frontend a.onStart: 23.5 ms [Finished 7.540 s after frontend start] 
2026-03-18 16:17:16 [debug] : Frontend n.onStart: 0.4 ms [Finished 7.541 s after frontend start] 
2026-03-18 16:17:16 [debug] : Frontend l.onStart: 0.8 ms [Finished 7.543 s after frontend start] 
2026-03-18 16:17:16 [debug] : Frontend u.onStart: 4.0 ms [Finished 7.547 s after frontend start] 
2026-03-18 16:17:16 [debug] : Frontend a.onStart: 0.2 ms [Finished 7.548 s after frontend start] 
2026-03-18 16:17:16 [debug] : Frontend $.onStart: 0.8 ms [Finished 7.548 s after frontend start] 
2026-03-18 16:17:16 [debug] : Frontend f.onStart: 0.2 ms [Finished 7.549 s after frontend start] 
2026-03-18 16:17:16 [debug] : Frontend u.onStart: 0.6 ms [Finished 7.550 s after frontend start] 
2026-03-18 16:17:16 [debug] : Frontend l.onStart: 1.3 ms [Finished 7.551 s after frontend start] 
2026-03-18 16:17:16 [debug] : Frontend u.onStart: 0.2 ms [Finished 7.552 s after frontend start] 
2026-03-18 16:17:16 [debug] : Frontend n.onStart: 0.3 ms [Finished 7.553 s after frontend start] 
2026-03-18 16:17:16 [debug] : Frontend g.onStart: 0.4 ms [Finished 7.553 s after frontend start] 
2026-03-18 16:17:16 [debug] : Frontend _.onStart: 0.5 ms [Finished 7.554 s after frontend start] 
2026-03-18 16:17:16 [debug] : Frontend c.onStart: 0.3 ms [Finished 7.555 s after frontend start] 
2026-03-18 16:17:16 [debug] : Frontend v.onStart: 0.1 ms [Finished 7.555 s after frontend start] 
2026-03-18 16:17:16 [debug] : Frontend _.onStart: 0.2 ms [Finished 7.556 s after frontend start] 
2026-03-18 16:17:16 [debug] : Frontend $.onStart: 0.7 ms [Finished 7.557 s after frontend start] 
2026-03-18 16:17:16 [debug] : Frontend E.onStart: 0.7 ms [Finished 7.558 s after frontend start] 
2026-03-18 16:17:16 [debug] : Frontend v.onStart: 0.9 ms [Finished 7.559 s after frontend start] 
2026-03-18 16:17:16 [debug] : Frontend $.onStart: 0.5 ms [Finished 7.560 s after frontend start] 
2026-03-18 16:17:16 [debug] : Frontend g.onStart: 0.8 ms [Finished 7.562 s after frontend start] 
2026-03-18 16:17:16 [debug] : Frontend d.onStart: 0.4 ms [Finished 7.563 s after frontend start] 
2026-03-18 16:17:16 [debug] : Frontend h.onStart: 0.2 ms [Finished 7.563 s after frontend start] 
2026-03-18 16:17:16 [debug] : Frontend a.onStart: 0.4 ms [Finished 7.564 s after frontend start] 
2026-03-18 16:17:16 [debug] : Frontend C.onStart: 0.2 ms [Finished 7.564 s after frontend start] 
2026-03-18 16:17:16 [debug] : Frontend Object.onStart: 0.5 ms [Finished 7.565 s after frontend start] 
2026-03-18 16:17:16 [debug] : Frontend a.onStart: 0.2 ms [Finished 7.566 s after frontend start] 
2026-03-18 16:17:16 [debug] : [Feature Registry] Reading early access data from C:\Xilinx\2025.1\Vitis\vitis-server\scripts\early-access\early-access.json 
2026-03-18 16:17:16 [debug] : Frontend x.onStart: 73.0 ms [Finished 7.640 s after frontend start] 
2026-03-18 16:17:16 [debug] : [Feature Registry] Reading early access data from C:\Xilinx\2025.1\Vitis\vitis-server\scripts\early-access\early-access.json 
2026-03-18 16:17:16 [debug] : [Feature Registry] Reading early access data from C:\Xilinx\2025.1\Vitis\vitis-server\scripts\early-access\early-access.json 
2026-03-18 16:17:16 [debug] : Frontend d.onStart: 0.6 ms [Finished 7.641 s after frontend start] 
2026-03-18 16:17:16 [debug] : Frontend l.onStart: 1.7 ms [Finished 7.643 s after frontend start] 
2026-03-18 16:17:16 [debug] : Frontend U.onStart: 0.2 ms [Finished 7.644 s after frontend start] 
2026-03-18 16:17:16 [debug] : Frontend g.onStart: 0.2 ms [Finished 7.644 s after frontend start] 
2026-03-18 16:17:16 [debug] : Frontend n.onStart: 0.4 ms [Finished 7.645 s after frontend start] 
2026-03-18 16:17:16 [debug] : Frontend a.onStart: 0.3 ms [Finished 7.646 s after frontend start] 
2026-03-18 16:17:16 [debug] : Frontend g.onStart: 0.3 ms [Finished 7.646 s after frontend start] 
2026-03-18 16:17:16 [debug] : Frontend d.onStart: 0.4 ms [Finished 7.647 s after frontend start] 
2026-03-18 16:17:16 [debug] : Frontend c.onStart: 0.2 ms [Finished 7.647 s after frontend start] 
2026-03-18 16:17:16 [debug] : Frontend y.onStart: 0.2 ms [Finished 7.648 s after frontend start] 
2026-03-18 16:17:16 [debug] : Frontend w.onStart: 0.3 ms [Finished 7.648 s after frontend start] 
2026-03-18 16:17:16 [debug] : Frontend B.onStart: 0.4 ms [Finished 7.649 s after frontend start] 
2026-03-18 16:17:16 [debug] : Start frontend contributions: 1711.0 ms [Finished 7.649 s after frontend start] 
2026-03-18 16:17:16 [debug] : Changed application state from 'init' to 'started_contributions'. 
2026-03-18 16:17:16 [debug] : Changed application state from 'started_contributions' to 'attached_shell'. 
2026-03-18 16:17:16 [debug] : >>> Restoring the layout state... 
2026-03-18 16:17:16 [debug] : Received event from notification service: ON_START_ANALYSIS_PROGRESS. 
2026-03-18 16:17:16 [debug] : Event posted using notification server in backend. {"0":{"wrappers_":{},"arrayIndexOffset_":-1,"array":["029f5cee-9453-4260-a2d2-000fc7f86588",null,54,null,null,null,null,"list-reports"],"pivot_":1.7976931348623157e+308,"convertedPrimitiveFields_":{}}}
2026-03-18 16:17:16 [debug] : Received event from notification service: ON_DID_REFRESH_WORKSPACE_SUMMARIES. 
2026-03-18 16:17:16 [debug] : [ProjectCache] fetching projects for project-cache 
2026-03-18 16:17:16 [debug] : [Logger UI]  Update Log Level success {"0":{"success":true,"error":""}}
2026-03-18 16:17:16 [debug] : [1692a7d0-9efc-4252-b028-33e54e77b90d] Waiting for backend deployment: 307.0 ms [Finished 7.873 s after frontend start] 
2026-03-18 16:17:17 [debug] : <<< Nothing to restore. 
2026-03-18 16:17:17 [debug] : Frontend A.initializeLayout: 21.4 ms [Finished 8.079 s after frontend start] 
2026-03-18 16:17:17 [debug] : Frontend v.initializeLayout: 5.2 ms [Finished 8.084 s after frontend start] 
2026-03-18 16:17:17 [debug] : Frontend d.initializeLayout: 3.6 ms [Finished 8.088 s after frontend start] 
2026-03-18 16:17:17 [debug] : Frontend Object.initializeLayout: 0.1 ms [Finished 8.088 s after frontend start] 
2026-03-18 16:17:17 [debug] : Frontend g.initializeLayout: 5.2 ms [Finished 8.093 s after frontend start] 
2026-03-18 16:17:17 [debug] : Frontend C.initializeLayout: 13.6 ms [Finished 8.107 s after frontend start] 
2026-03-18 16:17:17 [debug] : Frontend C.initializeLayout: 8.7 ms [Finished 8.116 s after frontend start] 
2026-03-18 16:17:17 [debug] : Frontend c.initializeLayout: 6.1 ms [Finished 8.122 s after frontend start] 
2026-03-18 16:17:17 [debug] : Frontend E.initializeLayout: 30.4 ms [Finished 8.153 s after frontend start] 
2026-03-18 16:17:17 [debug] : [Repository Examples UI] in on initialize layout method. 
2026-03-18 16:17:17 [debug] : Frontend R.initializeLayout: 12.0 ms [Finished 8.165 s after frontend start] 
2026-03-18 16:17:17 [debug] : Frontend u.initializeLayout: 7.0 ms [Finished 8.172 s after frontend start] 
2026-03-18 16:17:17 [debug] : Frontend h.initializeLayout: 0.1 ms [Finished 8.172 s after frontend start] 
2026-03-18 16:17:17 [debug] : Frontend D.initializeLayout: 30.4 ms [Finished 8.203 s after frontend start] 
2026-03-18 16:17:17 [debug] : Received event from notification service: ON_STOP_ANALYSIS_PROGRESS. 
2026-03-18 16:17:17 [debug] : Received event from notification service: ON_DID_OPEN_COMPONENT. 
2026-03-18 16:17:17 [debug] : Received event from notification service: ON_DID_OPEN_COMPONENT. 
2026-03-18 16:17:17 [debug] : Received event from notification service: ON_DID_OPEN_COMPONENT. 
2026-03-18 16:17:17 [debug] : [ProjectDecorator] tree decoration updated 
2026-03-18 16:17:17 [debug] : [ProjectCache] Project location updated to C:\Users\dkhar\OneDrive\Documents\GitHub\ee4218\lab_2 
2026-03-18 16:17:17 [debug] : [ProjectDecorator] tree decoration updated 
2026-03-18 16:17:17 [debug] : MonacoEditorModel.fireDidChangeContent - enter - {
  "changes": [
    {
      "range": {
        "startLineNumber": 2,
        "startColumn": 47,
        "endLineNumber": 2,
        "endColumn": 52
      },
      "rangeLength": 5,
      "text": "false",
      "rangeOffset": 49,
      "forceMoveMarkers": false
    }
  ],
  "eol": "\r\n",
  "isEolChange": false,
  "versionId": 2,
  "isUndoing": false,
  "isRedoing": false,
  "isFlush": false
} {"0":"user-storage:/user/settings.json"}
2026-03-18 16:17:17 [debug] : MonacoEditorModel.markAsDirty - enter {"0":"user-storage:/user/settings.json"}
2026-03-18 16:17:17 [debug] : MonacoEditorModel.cancelSync {"0":"user-storage:/user/settings.json"}
2026-03-18 16:17:17 [debug] : MonacoEditorModel.markAsDirty - exit {"0":"user-storage:/user/settings.json"}
2026-03-18 16:17:17 [debug] : MonacoEditorModel.fireDidChangeContent - exit {"0":"user-storage:/user/settings.json"}
2026-03-18 16:17:17 [debug] : MonacoEditorModel.cancelSave {"0":"user-storage:/user/settings.json"}
2026-03-18 16:17:17 [debug] : MonacoEditorModel.fireDidChangeContent - enter - {
  "changes": [
    {
      "range": {
        "startLineNumber": 3,
        "startColumn": 29,
        "endLineNumber": 3,
        "endColumn": 37
      },
      "rangeLength": 8,
      "text": "\"custom\"",
      "rangeOffset": 85,
      "forceMoveMarkers": false
    }
  ],
  "eol": "\r\n",
  "isEolChange": false,
  "versionId": 3,
  "isUndoing": false,
  "isRedoing": false,
  "isFlush": false
} {"0":"user-storage:/user/settings.json"}
2026-03-18 16:17:17 [debug] : MonacoEditorModel.markAsDirty - enter {"0":"user-storage:/user/settings.json"}
2026-03-18 16:17:17 [debug] : MonacoEditorModel.cancelSync {"0":"user-storage:/user/settings.json"}
2026-03-18 16:17:17 [debug] : MonacoEditorModel.markAsDirty - exit {"0":"user-storage:/user/settings.json"}
2026-03-18 16:17:17 [debug] : MonacoEditorModel.fireDidChangeContent - exit {"0":"user-storage:/user/settings.json"}
2026-03-18 16:17:17 [debug] : MonacoEditorModel.cancelSave {"0":"user-storage:/user/settings.json"}
2026-03-18 16:17:17 [debug] : MonacoEditorModel.cancelSave {"0":"user-storage:/user/settings.json"}
2026-03-18 16:17:17 [debug] : RIGEL SERVER 16:17:17 INFO  : Embedded Template List generated successfully 
2026-03-18 16:17:17 [debug] : [hosted-plugin: 19620] PLUGIN_HOST(19620) starting instance 
2026-03-18 16:17:17 [debug] : RIGEL SERVER 16:17:17 INFO  : cmd.exe, /C, empyro.bat get_template_data -d C:\Users\dkhar\AppData\Local\Temp\rigel_lopper_dkhar14056752657024679259 -r C:\Users\dkhar\OneDrive\Documents\GitHub\ee4218\_ide\.wsdata\.repo.yaml 
2026-03-18 16:17:17 [debug] : [hosted-plugin: 19620] [Object: null prototype] {} 
2026-03-18 16:17:18 [debug] : [1692a7d0-9efc-4252-b028-33e54e77b90d] Sync of 18 plugins: 1283.2 ms [Finished 9.157 s after frontend start] 
2026-03-18 16:17:18 [debug] : Frontend U.initializeLayout took longer than the expected maximum 100 milliseconds: 965.9 ms [Finished 9.169 s after frontend start] 
2026-03-18 16:17:18 [debug] : [Library Api Contribution] in on initialize layout method. 
2026-03-18 16:17:18 [debug] : Frontend $.initializeLayout: 10.9 ms [Finished 9.180 s after frontend start] 
2026-03-18 16:17:18 [debug] : [Application Examples Provider] Templates model update completed. 
2026-03-18 16:17:18 [debug] : [Application Examples Provider] common calling method completed. 
2026-03-18 16:17:18 [debug] : [Application Examples Provider] refresh completed. 
2026-03-18 16:17:19 [debug] : RIGEL SERVER 16:17:19 INFO  : Embedded Template List generated successfully 
2026-03-18 16:17:19 [debug] : Initialize the workbench layout: 1617.5 ms [Finished 9.313 s after frontend start] 
2026-03-18 16:17:19 [debug] : Changed application state from 'attached_shell' to 'initialized_layout'. 
2026-03-18 16:17:19 [debug] : Frontend f.onDidInitializeLayout: 0.2 ms [Finished 9.314 s after frontend start] 
2026-03-18 16:17:19 [debug] : [1692a7d0-9efc-4252-b028-33e54e77b90d] Loading plugin contributions 
2026-03-18 16:17:19 [debug] : [1692a7d0-9efc-4252-b028-33e54e77b90d][eclipse-cdt.serial-monitor]: Loaded contributions. 
2026-03-18 16:17:19 [debug] : [1692a7d0-9efc-4252-b028-33e54e77b90d][vscode.json-language-features]: Loaded contributions. 
2026-03-18 16:17:19 [debug] : [1692a7d0-9efc-4252-b028-33e54e77b90d][pkief.material-icon-theme]: Loaded contributions. 
2026-03-18 16:17:19 [debug] : [1692a7d0-9efc-4252-b028-33e54e77b90d][vscode.git-base]: Loaded contributions. 
2026-03-18 16:17:19 [debug] : Failed to register a menu item for plugin eamodio.gitlens contributed to editor/context/copy {"0":{"command":"gitlens.copyRemoteFileUrlToClipboard","group":"1_gitlens@1","when":"editorTextFocus && gitlens:activeFileStatus =~ /blameable/ && config.gitlens.menus.editor.clipboard"},"1":"Error: Could not find submenu with id editor/context/copy\n    at d.getMenuNode (file:///C:/Xilinx/2025.1/Vitis/ide/electron-app/win64/resources/app/lib/frontend/bundle.js:2:2858055)\n    at file:///C:/Xilinx/2025.1/Vitis/ide/electron-app/win64/resources/app/lib/frontend/bundle.js:2:8391210\n    at Array.forEach (<anonymous>)\n    at c.handle (file:///C:/Xilinx/2025.1/Vitis/ide/electron-app/win64/resources/app/lib/frontend/bundle.js:2:8391099)\n    at c.handle (file:///C:/Xilinx/2025.1/Vitis/ide/electron-app/win64/resources/app/lib/frontend/bundle.js:2:21801587)\n    at file:///C:/Xilinx/2025.1/Vitis/ide/electron-app/win64/resources/app/lib/frontend/bundle.js:2:8456416\n    at o (file:///C:/Xilinx/2025.1/Vitis/ide/electron-app/win64/resources/app/lib/frontend/bundle.js:2:8453884)\n    at P.handleContributions (file:///C:/Xilinx/2025.1/Vitis/ide/electron-app/win64/resources/app/lib/frontend/bundle.js:2:8456371)\n    at n.handleContributions (file:///C:/Xilinx/2025.1/Vitis/ide/electron-app/win64/resources/app/lib/frontend/bundle.js:2:8226131)\n    at n.loadContributions (file:///C:/Xilinx/2025.1/Vitis/ide/electron-app/win64/resources/app/lib/frontend/bundle.js:2:8242540)"}
2026-03-18 16:17:19 [debug] : Failed to register a menu item for plugin eamodio.gitlens contributed to editor/context/copy {"0":{"command":"gitlens.copyRemoteFileUrlFrom","group":"1_gitlens@2","when":"editorTextFocus && gitlens:activeFileStatus =~ /blameable/ && config.gitlens.menus.editor.clipboard"},"1":"Error: Could not find submenu with id editor/context/copy\n    at d.getMenuNode (file:///C:/Xilinx/2025.1/Vitis/ide/electron-app/win64/resources/app/lib/frontend/bundle.js:2:2858055)\n    at file:///C:/Xilinx/2025.1/Vitis/ide/electron-app/win64/resources/app/lib/frontend/bundle.js:2:8391210\n    at Array.forEach (<anonymous>)\n    at c.handle (file:///C:/Xilinx/2025.1/Vitis/ide/electron-app/win64/resources/app/lib/frontend/bundle.js:2:8391099)\n    at c.handle (file:///C:/Xilinx/2025.1/Vitis/ide/electron-app/win64/resources/app/lib/frontend/bundle.js:2:21801587)\n    at file:///C:/Xilinx/2025.1/Vitis/ide/electron-app/win64/resources/app/lib/frontend/bundle.js:2:8456416\n    at o (file:///C:/Xilinx/2025.1/Vitis/ide/electron-app/win64/resources/app/lib/frontend/bundle.js:2:8453884)\n    at P.handleContributions (file:///C:/Xilinx/2025.1/Vitis/ide/electron-app/win64/resources/app/lib/frontend/bundle.js:2:8456371)\n    at n.handleContributions (file:///C:/Xilinx/2025.1/Vitis/ide/electron-app/win64/resources/app/lib/frontend/bundle.js:2:8226131)\n    at n.loadContributions (file:///C:/Xilinx/2025.1/Vitis/ide/electron-app/win64/resources/app/lib/frontend/bundle.js:2:8242540)"}
2026-03-18 16:17:19 [debug] : Failed to register a menu item for plugin eamodio.gitlens contributed to editor/context/copy {"0":{"command":"gitlens.copyRemoteCommitUrl","group":"1_gitlens@3","when":"editorTextFocus && gitlens:activeFileStatus =~ /blameable/ && config.gitlens.menus.editor.clipboard"},"1":"Error: Could not find submenu with id editor/context/copy\n    at d.getMenuNode (file:///C:/Xilinx/2025.1/Vitis/ide/electron-app/win64/resources/app/lib/frontend/bundle.js:2:2858055)\n    at file:///C:/Xilinx/2025.1/Vitis/ide/electron-app/win64/resources/app/lib/frontend/bundle.js:2:8391210\n    at Array.forEach (<anonymous>)\n    at c.handle (file:///C:/Xilinx/2025.1/Vitis/ide/electron-app/win64/resources/app/lib/frontend/bundle.js:2:8391099)\n    at c.handle (file:///C:/Xilinx/2025.1/Vitis/ide/electron-app/win64/resources/app/lib/frontend/bundle.js:2:21801587)\n    at file:///C:/Xilinx/2025.1/Vitis/ide/electron-app/win64/resources/app/lib/frontend/bundle.js:2:8456416\n    at o (file:///C:/Xilinx/2025.1/Vitis/ide/electron-app/win64/resources/app/lib/frontend/bundle.js:2:8453884)\n    at P.handleContributions (file:///C:/Xilinx/2025.1/Vitis/ide/electron-app/win64/resources/app/lib/frontend/bundle.js:2:8456371)\n    at n.handleContributions (file:///C:/Xilinx/2025.1/Vitis/ide/electron-app/win64/resources/app/lib/frontend/bundle.js:2:8226131)\n    at n.loadContributions (file:///C:/Xilinx/2025.1/Vitis/ide/electron-app/win64/resources/app/lib/frontend/bundle.js:2:8242540)"}
2026-03-18 16:17:19 [debug] : Failed to register a menu item for plugin eamodio.gitlens contributed to editor/context/copy {"0":{"command":"gitlens.copyShaToClipboard","group":"2_gitlens@1","when":"editorTextFocus && gitlens:activeFileStatus =~ /blameable/ && config.gitlens.menus.editor.clipboard"},"1":"Error: Could not find submenu with id editor/context/copy\n    at d.getMenuNode (file:///C:/Xilinx/2025.1/Vitis/ide/electron-app/win64/resources/app/lib/frontend/bundle.js:2:2858055)\n    at file:///C:/Xilinx/2025.1/Vitis/ide/electron-app/win64/resources/app/lib/frontend/bundle.js:2:8391210\n    at Array.forEach (<anonymous>)\n    at c.handle (file:///C:/Xilinx/2025.1/Vitis/ide/electron-app/win64/resources/app/lib/frontend/bundle.js:2:8391099)\n    at c.handle (file:///C:/Xilinx/2025.1/Vitis/ide/electron-app/win64/resources/app/lib/frontend/bundle.js:2:21801587)\n    at file:///C:/Xilinx/2025.1/Vitis/ide/electron-app/win64/resources/app/lib/frontend/bundle.js:2:8456416\n    at o (file:///C:/Xilinx/2025.1/Vitis/ide/electron-app/win64/resources/app/lib/frontend/bundle.js:2:8453884)\n    at P.handleContributions (file:///C:/Xilinx/2025.1/Vitis/ide/electron-app/win64/resources/app/lib/frontend/bundle.js:2:8456371)\n    at n.handleContributions (file:///C:/Xilinx/2025.1/Vitis/ide/electron-app/win64/resources/app/lib/frontend/bundle.js:2:8226131)\n    at n.loadContributions (file:///C:/Xilinx/2025.1/Vitis/ide/electron-app/win64/resources/app/lib/frontend/bundle.js:2:8242540)"}
2026-03-18 16:17:19 [debug] : Failed to register a menu item for plugin eamodio.gitlens contributed to editor/context/copy {"0":{"command":"gitlens.copyMessageToClipboard","group":"2_gitlens@2","when":"editorTextFocus && gitlens:activeFileStatus =~ /blameable/ && config.gitlens.menus.editor.clipboard"},"1":"Error: Could not find submenu with id editor/context/copy\n    at d.getMenuNode (file:///C:/Xilinx/2025.1/Vitis/ide/electron-app/win64/resources/app/lib/frontend/bundle.js:2:2858055)\n    at file:///C:/Xilinx/2025.1/Vitis/ide/electron-app/win64/resources/app/lib/frontend/bundle.js:2:8391210\n    at Array.forEach (<anonymous>)\n    at c.handle (file:///C:/Xilinx/2025.1/Vitis/ide/electron-app/win64/resources/app/lib/frontend/bundle.js:2:8391099)\n    at c.handle (file:///C:/Xilinx/2025.1/Vitis/ide/electron-app/win64/resources/app/lib/frontend/bundle.js:2:21801587)\n    at file:///C:/Xilinx/2025.1/Vitis/ide/electron-app/win64/resources/app/lib/frontend/bundle.js:2:8456416\n    at o (file:///C:/Xilinx/2025.1/Vitis/ide/electron-app/win64/resources/app/lib/frontend/bundle.js:2:8453884)\n    at P.handleContributions (file:///C:/Xilinx/2025.1/Vitis/ide/electron-app/win64/resources/app/lib/frontend/bundle.js:2:8456371)\n    at n.handleContributions (file:///C:/Xilinx/2025.1/Vitis/ide/electron-app/win64/resources/app/lib/frontend/bundle.js:2:8226131)\n    at n.loadContributions (file:///C:/Xilinx/2025.1/Vitis/ide/electron-app/win64/resources/app/lib/frontend/bundle.js:2:8242540)"}
2026-03-18 16:17:19 [debug] : Failed to register a menu item for plugin eamodio.gitlens contributed to git.commit {"0":{"command":"gitlens.addAuthors","group":"4_gitlens@1","when":"gitlens:enabled && !gitlens:readonly && config.gitlens.menus.scm.authors"},"1":"Error: Could not find submenu with id git.commit\n    at d.getMenuNode (file:///C:/Xilinx/2025.1/Vitis/ide/electron-app/win64/resources/app/lib/frontend/bundle.js:2:2858055)\n    at file:///C:/Xilinx/2025.1/Vitis/ide/electron-app/win64/resources/app/lib/frontend/bundle.js:2:8391210\n    at Array.forEach (<anonymous>)\n    at c.handle (file:///C:/Xilinx/2025.1/Vitis/ide/electron-app/win64/resources/app/lib/frontend/bundle.js:2:8391099)\n    at c.handle (file:///C:/Xilinx/2025.1/Vitis/ide/electron-app/win64/resources/app/lib/frontend/bundle.js:2:21801587)\n    at file:///C:/Xilinx/2025.1/Vitis/ide/electron-app/win64/resources/app/lib/frontend/bundle.js:2:8456416\n    at o (file:///C:/Xilinx/2025.1/Vitis/ide/electron-app/win64/resources/app/lib/frontend/bundle.js:2:8453884)\n    at P.handleContributions (file:///C:/Xilinx/2025.1/Vitis/ide/electron-app/win64/resources/app/lib/frontend/bundle.js:2:8456371)\n    at n.handleContributions (file:///C:/Xilinx/2025.1/Vitis/ide/electron-app/win64/resources/app/lib/frontend/bundle.js:2:8226131)\n    at n.loadContributions (file:///C:/Xilinx/2025.1/Vitis/ide/electron-app/win64/resources/app/lib/frontend/bundle.js:2:8242540)"}
2026-03-18 16:17:19 [debug] : Failed to register a menu item for plugin eamodio.gitlens contributed to menuBar/edit/copy {"0":{"command":"gitlens.copyRemoteFileUrlToClipboard","group":"1_gitlens@1","when":"gitlens:activeFileStatus =~ /blameable/ && config.gitlens.menus.editor.clipboard"},"1":"Error: Could not find submenu with id menuBar/edit/copy\n    at d.getMenuNode (file:///C:/Xilinx/2025.1/Vitis/ide/electron-app/win64/resources/app/lib/frontend/bundle.js:2:2858055)\n    at file:///C:/Xilinx/2025.1/Vitis/ide/electron-app/win64/resources/app/lib/frontend/bundle.js:2:8391210\n    at Array.forEach (<anonymous>)\n    at c.handle (file:///C:/Xilinx/2025.1/Vitis/ide/electron-app/win64/resources/app/lib/frontend/bundle.js:2:8391099)\n    at c.handle (file:///C:/Xilinx/2025.1/Vitis/ide/electron-app/win64/resources/app/lib/frontend/bundle.js:2:21801587)\n    at file:///C:/Xilinx/2025.1/Vitis/ide/electron-app/win64/resources/app/lib/frontend/bundle.js:2:8456416\n    at o (file:///C:/Xilinx/2025.1/Vitis/ide/electron-app/win64/resources/app/lib/frontend/bundle.js:2:8453884)\n    at P.handleContributions (file:///C:/Xilinx/2025.1/Vitis/ide/electron-app/win64/resources/app/lib/frontend/bundle.js:2:8456371)\n    at n.handleContributions (file:///C:/Xilinx/2025.1/Vitis/ide/electron-app/win64/resources/app/lib/frontend/bundle.js:2:8226131)\n    at n.loadContributions (file:///C:/Xilinx/2025.1/Vitis/ide/electron-app/win64/resources/app/lib/frontend/bundle.js:2:8242540)"}
2026-03-18 16:17:19 [debug] : Failed to register a menu item for plugin eamodio.gitlens contributed to menuBar/edit/copy {"0":{"command":"gitlens.copyRemoteFileUrlFrom","group":"1_gitlens@2","when":"gitlens:activeFileStatus =~ /blameable/ && config.gitlens.menus.editor.clipboard"},"1":"Error: Could not find submenu with id menuBar/edit/copy\n    at d.getMenuNode (file:///C:/Xilinx/2025.1/Vitis/ide/electron-app/win64/resources/app/lib/frontend/bundle.js:2:2858055)\n    at file:///C:/Xilinx/2025.1/Vitis/ide/electron-app/win64/resources/app/lib/frontend/bundle.js:2:8391210\n    at Array.forEach (<anonymous>)\n    at c.handle (file:///C:/Xilinx/2025.1/Vitis/ide/electron-app/win64/resources/app/lib/frontend/bundle.js:2:8391099)\n    at c.handle (file:///C:/Xilinx/2025.1/Vitis/ide/electron-app/win64/resources/app/lib/frontend/bundle.js:2:21801587)\n    at file:///C:/Xilinx/2025.1/Vitis/ide/electron-app/win64/resources/app/lib/frontend/bundle.js:2:8456416\n    at o (file:///C:/Xilinx/2025.1/Vitis/ide/electron-app/win64/resources/app/lib/frontend/bundle.js:2:8453884)\n    at P.handleContributions (file:///C:/Xilinx/2025.1/Vitis/ide/electron-app/win64/resources/app/lib/frontend/bundle.js:2:8456371)\n    at n.handleContributions (file:///C:/Xilinx/2025.1/Vitis/ide/electron-app/win64/resources/app/lib/frontend/bundle.js:2:8226131)\n    at n.loadContributions (file:///C:/Xilinx/2025.1/Vitis/ide/electron-app/win64/resources/app/lib/frontend/bundle.js:2:8242540)"}
2026-03-18 16:17:19 [debug] : [1692a7d0-9efc-4252-b028-33e54e77b90d][eamodio.gitlens]: Loaded contributions. 
2026-03-18 16:17:19 [debug] : [1692a7d0-9efc-4252-b028-33e54e77b90d][amd.tcf-debug]: Loaded contributions. 
2026-03-18 16:17:19 [debug] : [1692a7d0-9efc-4252-b028-33e54e77b90d][twxs.cmake]: Loaded contributions. 
2026-03-18 16:17:19 [debug] : [1692a7d0-9efc-4252-b028-33e54e77b90d][amd.vitis-config]: Loaded contributions. 
2026-03-18 16:17:19 [debug] : [1692a7d0-9efc-4252-b028-33e54e77b90d][amd.vitis-hls-l1-library]: Loaded contributions. 
2026-03-18 16:17:19 [debug] : [1692a7d0-9efc-4252-b028-33e54e77b90d][amd.vitis-hls-pragma]: Loaded contributions. 
2026-03-18 16:17:19 [debug] : [1692a7d0-9efc-4252-b028-33e54e77b90d][amd.vitis-hls-verilog-vhdl-support]: Loaded contributions. 
2026-03-18 16:17:19 [debug] : [1692a7d0-9efc-4252-b028-33e54e77b90d][amd.vitis-output]: Loaded contributions. 
2026-03-18 16:17:19 [debug] : [1692a7d0-9efc-4252-b028-33e54e77b90d][vscode.cpp]: Loaded contributions. 
2026-03-18 16:17:19 [debug] : [1692a7d0-9efc-4252-b028-33e54e77b90d][vscode.json]: Loaded contributions. 
2026-03-18 16:17:19 [debug] : [1692a7d0-9efc-4252-b028-33e54e77b90d][llvm-vs-code-extensions.vscode-clangd]: Loaded contributions. 
2026-03-18 16:17:19 [debug] : [1692a7d0-9efc-4252-b028-33e54e77b90d][webfreak.debug]: Loaded contributions. 
2026-03-18 16:17:19 [debug] : Failed to register a menu item for plugin vscode.git contributed to scm/sourceControl/title {"0":{"command":"git.reopenClosedRepositories","group":"navigation@1","when":"git.closedRepositoryCount > 0"},"1":"Error: Could not find submenu with id scm/sourceControl/title\n    at d.getMenuNode (file:///C:/Xilinx/2025.1/Vitis/ide/electron-app/win64/resources/app/lib/frontend/bundle.js:2:2858055)\n    at file:///C:/Xilinx/2025.1/Vitis/ide/electron-app/win64/resources/app/lib/frontend/bundle.js:2:8391210\n    at Array.forEach (<anonymous>)\n    at c.handle (file:///C:/Xilinx/2025.1/Vitis/ide/electron-app/win64/resources/app/lib/frontend/bundle.js:2:8391099)\n    at c.handle (file:///C:/Xilinx/2025.1/Vitis/ide/electron-app/win64/resources/app/lib/frontend/bundle.js:2:21801587)\n    at file:///C:/Xilinx/2025.1/Vitis/ide/electron-app/win64/resources/app/lib/frontend/bundle.js:2:8456416\n    at o (file:///C:/Xilinx/2025.1/Vitis/ide/electron-app/win64/resources/app/lib/frontend/bundle.js:2:8453884)\n    at P.handleContributions (file:///C:/Xilinx/2025.1/Vitis/ide/electron-app/win64/resources/app/lib/frontend/bundle.js:2:8456371)\n    at n.handleContributions (file:///C:/Xilinx/2025.1/Vitis/ide/electron-app/win64/resources/app/lib/frontend/bundle.js:2:8226131)\n    at n.loadContributions (file:///C:/Xilinx/2025.1/Vitis/ide/electron-app/win64/resources/app/lib/frontend/bundle.js:2:8242540)"}
2026-03-18 16:17:19 [debug] : Failed to register a menu item for plugin vscode.git contributed to scm/sourceControl {"0":{"command":"git.close","group":"navigation@1","when":"scmProvider == git"},"1":"Error: Could not find submenu with id scm/sourceControl\n    at d.getMenuNode (file:///C:/Xilinx/2025.1/Vitis/ide/electron-app/win64/resources/app/lib/frontend/bundle.js:2:2858055)\n    at file:///C:/Xilinx/2025.1/Vitis/ide/electron-app/win64/resources/app/lib/frontend/bundle.js:2:8391210\n    at Array.forEach (<anonymous>)\n    at c.handle (file:///C:/Xilinx/2025.1/Vitis/ide/electron-app/win64/resources/app/lib/frontend/bundle.js:2:8391099)\n    at c.handle (file:///C:/Xilinx/2025.1/Vitis/ide/electron-app/win64/resources/app/lib/frontend/bundle.js:2:21801587)\n    at file:///C:/Xilinx/2025.1/Vitis/ide/electron-app/win64/resources/app/lib/frontend/bundle.js:2:8456416\n    at o (file:///C:/Xilinx/2025.1/Vitis/ide/electron-app/win64/resources/app/lib/frontend/bundle.js:2:8453884)\n    at P.handleContributions (file:///C:/Xilinx/2025.1/Vitis/ide/electron-app/win64/resources/app/lib/frontend/bundle.js:2:8456371)\n    at n.handleContributions (file:///C:/Xilinx/2025.1/Vitis/ide/electron-app/win64/resources/app/lib/frontend/bundle.js:2:8226131)\n    at n.loadContributions (file:///C:/Xilinx/2025.1/Vitis/ide/electron-app/win64/resources/app/lib/frontend/bundle.js:2:8242540)"}
2026-03-18 16:17:19 [debug] : Failed to register a menu item for plugin vscode.git contributed to scm/sourceControl {"0":{"command":"git.closeOtherRepositories","group":"navigation@2","when":"scmProvider == git && gitOpenRepositoryCount > 1"},"1":"Error: Could not find submenu with id scm/sourceControl\n    at d.getMenuNode (file:///C:/Xilinx/2025.1/Vitis/ide/electron-app/win64/resources/app/lib/frontend/bundle.js:2:2858055)\n    at file:///C:/Xilinx/2025.1/Vitis/ide/electron-app/win64/resources/app/lib/frontend/bundle.js:2:8391210\n    at Array.forEach (<anonymous>)\n    at c.handle (file:///C:/Xilinx/2025.1/Vitis/ide/electron-app/win64/resources/app/lib/frontend/bundle.js:2:8391099)\n    at c.handle (file:///C:/Xilinx/2025.1/Vitis/ide/electron-app/win64/resources/app/lib/frontend/bundle.js:2:21801587)\n    at file:///C:/Xilinx/2025.1/Vitis/ide/electron-app/win64/resources/app/lib/frontend/bundle.js:2:8456416\n    at o (file:///C:/Xilinx/2025.1/Vitis/ide/electron-app/win64/resources/app/lib/frontend/bundle.js:2:8453884)\n    at P.handleContributions (file:///C:/Xilinx/2025.1/Vitis/ide/electron-app/win64/resources/app/lib/frontend/bundle.js:2:8456371)\n    at n.handleContributions (file:///C:/Xilinx/2025.1/Vitis/ide/electron-app/win64/resources/app/lib/frontend/bundle.js:2:8226131)\n    at n.loadContributions (file:///C:/Xilinx/2025.1/Vitis/ide/electron-app/win64/resources/app/lib/frontend/bundle.js:2:8242540)"}
2026-03-18 16:17:19 [debug] : Failed to register a menu item for plugin vscode.git contributed to scm/history/title {"0":{"command":"git.fetchAll","group":"navigation@999","when":"scmProvider == git"},"1":"Error: Could not find submenu with id scm/history/title\n    at d.getMenuNode (file:///C:/Xilinx/2025.1/Vitis/ide/electron-app/win64/resources/app/lib/frontend/bundle.js:2:2858055)\n    at file:///C:/Xilinx/2025.1/Vitis/ide/electron-app/win64/resources/app/lib/frontend/bundle.js:2:8391210\n    at Array.forEach (<anonymous>)\n    at c.handle (file:///C:/Xilinx/2025.1/Vitis/ide/electron-app/win64/resources/app/lib/frontend/bundle.js:2:8391099)\n    at c.handle (file:///C:/Xilinx/2025.1/Vitis/ide/electron-app/win64/resources/app/lib/frontend/bundle.js:2:21801587)\n    at file:///C:/Xilinx/2025.1/Vitis/ide/electron-app/win64/resources/app/lib/frontend/bundle.js:2:8456416\n    at o (file:///C:/Xilinx/2025.1/Vitis/ide/electron-app/win64/resources/app/lib/frontend/bundle.js:2:8453884)\n    at P.handleContributions (file:///C:/Xilinx/2025.1/Vitis/ide/electron-app/win64/resources/app/lib/frontend/bundle.js:2:8456371)\n    at n.handleContributions (file:///C:/Xilinx/2025.1/Vitis/ide/electron-app/win64/resources/app/lib/frontend/bundle.js:2:8226131)\n    at n.loadContributions (file:///C:/Xilinx/2025.1/Vitis/ide/electron-app/win64/resources/app/lib/frontend/bundle.js:2:8242540)"}
2026-03-18 16:17:19 [debug] : Failed to register a menu item for plugin vscode.git contributed to scm/historyItem/context {"0":{"command":"git.createTag","group":"1_create@1","when":"scmProvider == git"},"1":"Error: Could not find submenu with id scm/historyItem/context\n    at d.getMenuNode (file:///C:/Xilinx/2025.1/Vitis/ide/electron-app/win64/resources/app/lib/frontend/bundle.js:2:2858055)\n    at file:///C:/Xilinx/2025.1/Vitis/ide/electron-app/win64/resources/app/lib/frontend/bundle.js:2:8391210\n    at Array.forEach (<anonymous>)\n    at c.handle (file:///C:/Xilinx/2025.1/Vitis/ide/electron-app/win64/resources/app/lib/frontend/bundle.js:2:8391099)\n    at c.handle (file:///C:/Xilinx/2025.1/Vitis/ide/electron-app/win64/resources/app/lib/frontend/bundle.js:2:21801587)\n    at file:///C:/Xilinx/2025.1/Vitis/ide/electron-app/win64/resources/app/lib/frontend/bundle.js:2:8456416\n    at o (file:///C:/Xilinx/2025.1/Vitis/ide/electron-app/win64/resources/app/lib/frontend/bundle.js:2:8453884)\n    at P.handleContributions (file:///C:/Xilinx/2025.1/Vitis/ide/electron-app/win64/resources/app/lib/frontend/bundle.js:2:8456371)\n    at n.handleContributions (file:///C:/Xilinx/2025.1/Vitis/ide/electron-app/win64/resources/app/lib/frontend/bundle.js:2:8226131)\n    at n.loadContributions (file:///C:/Xilinx/2025.1/Vitis/ide/electron-app/win64/resources/app/lib/frontend/bundle.js:2:8242540)"}
2026-03-18 16:17:19 [debug] : Failed to register a menu item for plugin vscode.git contributed to scm/historyItem/context {"0":{"command":"git.branch","group":"1_create@2","when":"scmProvider == git"},"1":"Error: Could not find submenu with id scm/historyItem/context\n    at d.getMenuNode (file:///C:/Xilinx/2025.1/Vitis/ide/electron-app/win64/resources/app/lib/frontend/bundle.js:2:2858055)\n    at file:///C:/Xilinx/2025.1/Vitis/ide/electron-app/win64/resources/app/lib/frontend/bundle.js:2:8391210\n    at Array.forEach (<anonymous>)\n    at c.handle (file:///C:/Xilinx/2025.1/Vitis/ide/electron-app/win64/resources/app/lib/frontend/bundle.js:2:8391099)\n    at c.handle (file:///C:/Xilinx/2025.1/Vitis/ide/electron-app/win64/resources/app/lib/frontend/bundle.js:2:21801587)\n    at file:///C:/Xilinx/2025.1/Vitis/ide/electron-app/win64/resources/app/lib/frontend/bundle.js:2:8456416\n    at o (file:///C:/Xilinx/2025.1/Vitis/ide/electron-app/win64/resources/app/lib/frontend/bundle.js:2:8453884)\n    at P.handleContributions (file:///C:/Xilinx/2025.1/Vitis/ide/electron-app/win64/resources/app/lib/frontend/bundle.js:2:8456371)\n    at n.handleContributions (file:///C:/Xilinx/2025.1/Vitis/ide/electron-app/win64/resources/app/lib/frontend/bundle.js:2:8226131)\n    at n.loadContributions (file:///C:/Xilinx/2025.1/Vitis/ide/electron-app/win64/resources/app/lib/frontend/bundle.js:2:8242540)"}
2026-03-18 16:17:19 [debug] : Failed to register a menu item for plugin vscode.git contributed to scm/historyItem/context {"0":{"command":"git.cherryPickRef","group":"2_modify@1","when":"scmProvider == git"},"1":"Error: Could not find submenu with id scm/historyItem/context\n    at d.getMenuNode (file:///C:/Xilinx/2025.1/Vitis/ide/electron-app/win64/resources/app/lib/frontend/bundle.js:2:2858055)\n    at file:///C:/Xilinx/2025.1/Vitis/ide/electron-app/win64/resources/app/lib/frontend/bundle.js:2:8391210\n    at Array.forEach (<anonymous>)\n    at c.handle (file:///C:/Xilinx/2025.1/Vitis/ide/electron-app/win64/resources/app/lib/frontend/bundle.js:2:8391099)\n    at c.handle (file:///C:/Xilinx/2025.1/Vitis/ide/electron-app/win64/resources/app/lib/frontend/bundle.js:2:21801587)\n    at file:///C:/Xilinx/2025.1/Vitis/ide/electron-app/win64/resources/app/lib/frontend/bundle.js:2:8456416\n    at o (file:///C:/Xilinx/2025.1/Vitis/ide/electron-app/win64/resources/app/lib/frontend/bundle.js:2:8453884)\n    at P.handleContributions (file:///C:/Xilinx/2025.1/Vitis/ide/electron-app/win64/resources/app/lib/frontend/bundle.js:2:8456371)\n    at n.handleContributions (file:///C:/Xilinx/2025.1/Vitis/ide/electron-app/win64/resources/app/lib/frontend/bundle.js:2:8226131)\n    at n.loadContributions (file:///C:/Xilinx/2025.1/Vitis/ide/electron-app/win64/resources/app/lib/frontend/bundle.js:2:8242540)"}
2026-03-18 16:17:19 [debug] : Failed to register a menu item for plugin vscode.git contributed to scm/historyItem/context {"0":{"command":"git.checkoutRefDetached","group":"2_modify@2","when":"scmProvider == git"},"1":"Error: Could not find submenu with id scm/historyItem/context\n    at d.getMenuNode (file:///C:/Xilinx/2025.1/Vitis/ide/electron-app/win64/resources/app/lib/frontend/bundle.js:2:2858055)\n    at file:///C:/Xilinx/2025.1/Vitis/ide/electron-app/win64/resources/app/lib/frontend/bundle.js:2:8391210\n    at Array.forEach (<anonymous>)\n    at c.handle (file:///C:/Xilinx/2025.1/Vitis/ide/electron-app/win64/resources/app/lib/frontend/bundle.js:2:8391099)\n    at c.handle (file:///C:/Xilinx/2025.1/Vitis/ide/electron-app/win64/resources/app/lib/frontend/bundle.js:2:21801587)\n    at file:///C:/Xilinx/2025.1/Vitis/ide/electron-app/win64/resources/app/lib/frontend/bundle.js:2:8456416\n    at o (file:///C:/Xilinx/2025.1/Vitis/ide/electron-app/win64/resources/app/lib/frontend/bundle.js:2:8453884)\n    at P.handleContributions (file:///C:/Xilinx/2025.1/Vitis/ide/electron-app/win64/resources/app/lib/frontend/bundle.js:2:8456371)\n    at n.handleContributions (file:///C:/Xilinx/2025.1/Vitis/ide/electron-app/win64/resources/app/lib/frontend/bundle.js:2:8226131)\n    at n.loadContributions (file:///C:/Xilinx/2025.1/Vitis/ide/electron-app/win64/resources/app/lib/frontend/bundle.js:2:8242540)"}
2026-03-18 16:17:19 [debug] : Failed to register a menu item for plugin vscode.git contributed to scm/historyItem/context {"0":{"command":"git.copyCommitId","group":"9_copy@1","when":"scmProvider == git && !listMultiSelection"},"1":"Error: Could not find submenu with id scm/historyItem/context\n    at d.getMenuNode (file:///C:/Xilinx/2025.1/Vitis/ide/electron-app/win64/resources/app/lib/frontend/bundle.js:2:2858055)\n    at file:///C:/Xilinx/2025.1/Vitis/ide/electron-app/win64/resources/app/lib/frontend/bundle.js:2:8391210\n    at Array.forEach (<anonymous>)\n    at c.handle (file:///C:/Xilinx/2025.1/Vitis/ide/electron-app/win64/resources/app/lib/frontend/bundle.js:2:8391099)\n    at c.handle (file:///C:/Xilinx/2025.1/Vitis/ide/electron-app/win64/resources/app/lib/frontend/bundle.js:2:21801587)\n    at file:///C:/Xilinx/2025.1/Vitis/ide/electron-app/win64/resources/app/lib/frontend/bundle.js:2:8456416\n    at o (file:///C:/Xilinx/2025.1/Vitis/ide/electron-app/win64/resources/app/lib/frontend/bundle.js:2:8453884)\n    at P.handleContributions (file:///C:/Xilinx/2025.1/Vitis/ide/electron-app/win64/resources/app/lib/frontend/bundle.js:2:8456371)\n    at n.handleContributions (file:///C:/Xilinx/2025.1/Vitis/ide/electron-app/win64/resources/app/lib/frontend/bundle.js:2:8226131)\n    at n.loadContributions (file:///C:/Xilinx/2025.1/Vitis/ide/electron-app/win64/resources/app/lib/frontend/bundle.js:2:8242540)"}
2026-03-18 16:17:19 [debug] : Failed to register a menu item for plugin vscode.git contributed to scm/historyItem/context {"0":{"command":"git.copyCommitMessage","group":"9_copy@2","when":"scmProvider == git && !listMultiSelection"},"1":"Error: Could not find submenu with id scm/historyItem/context\n    at d.getMenuNode (file:///C:/Xilinx/2025.1/Vitis/ide/electron-app/win64/resources/app/lib/frontend/bundle.js:2:2858055)\n    at file:///C:/Xilinx/2025.1/Vitis/ide/electron-app/win64/resources/app/lib/frontend/bundle.js:2:8391210\n    at Array.forEach (<anonymous>)\n    at c.handle (file:///C:/Xilinx/2025.1/Vitis/ide/electron-app/win64/resources/app/lib/frontend/bundle.js:2:8391099)\n    at c.handle (file:///C:/Xilinx/2025.1/Vitis/ide/electron-app/win64/resources/app/lib/frontend/bundle.js:2:21801587)\n    at file:///C:/Xilinx/2025.1/Vitis/ide/electron-app/win64/resources/app/lib/frontend/bundle.js:2:8456416\n    at o (file:///C:/Xilinx/2025.1/Vitis/ide/electron-app/win64/resources/app/lib/frontend/bundle.js:2:8453884)\n    at P.handleContributions (file:///C:/Xilinx/2025.1/Vitis/ide/electron-app/win64/resources/app/lib/frontend/bundle.js:2:8456371)\n    at n.handleContributions (file:///C:/Xilinx/2025.1/Vitis/ide/electron-app/win64/resources/app/lib/frontend/bundle.js:2:8226131)\n    at n.loadContributions (file:///C:/Xilinx/2025.1/Vitis/ide/electron-app/win64/resources/app/lib/frontend/bundle.js:2:8242540)"}
2026-03-18 16:17:19 [debug] : Failed to register a menu item for plugin vscode.git contributed to editor/content {"0":{"command":"git.acceptMerge","when":"isMergeResultEditor && mergeEditorBaseUri =~ /^(git|file):/ && mergeEditorResultUri in git.mergeChanges"},"1":"Error: Could not find submenu with id editor/content\n    at d.getMenuNode (file:///C:/Xilinx/2025.1/Vitis/ide/electron-app/win64/resources/app/lib/frontend/bundle.js:2:2858055)\n    at file:///C:/Xilinx/2025.1/Vitis/ide/electron-app/win64/resources/app/lib/frontend/bundle.js:2:8391210\n    at Array.forEach (<anonymous>)\n    at c.handle (file:///C:/Xilinx/2025.1/Vitis/ide/electron-app/win64/resources/app/lib/frontend/bundle.js:2:8391099)\n    at c.handle (file:///C:/Xilinx/2025.1/Vitis/ide/electron-app/win64/resources/app/lib/frontend/bundle.js:2:21801587)\n    at file:///C:/Xilinx/2025.1/Vitis/ide/electron-app/win64/resources/app/lib/frontend/bundle.js:2:8456416\n    at o (file:///C:/Xilinx/2025.1/Vitis/ide/electron-app/win64/resources/app/lib/frontend/bundle.js:2:8453884)\n    at P.handleContributions (file:///C:/Xilinx/2025.1/Vitis/ide/electron-app/win64/resources/app/lib/frontend/bundle.js:2:8456371)\n    at n.handleContributions (file:///C:/Xilinx/2025.1/Vitis/ide/electron-app/win64/resources/app/lib/frontend/bundle.js:2:8226131)\n    at n.loadContributions (file:///C:/Xilinx/2025.1/Vitis/ide/electron-app/win64/resources/app/lib/frontend/bundle.js:2:8242540)"}
2026-03-18 16:17:19 [debug] : Failed to register a menu item for plugin vscode.git contributed to editor/content {"0":{"command":"git.openMergeEditor","group":"navigation@-10","when":"config.git.enabled && !git.missing && !isInDiffEditor && !isMergeEditor && resource in git.mergeChanges"},"1":"Error: Could not find submenu with id editor/content\n    at d.getMenuNode (file:///C:/Xilinx/2025.1/Vitis/ide/electron-app/win64/resources/app/lib/frontend/bundle.js:2:2858055)\n    at file:///C:/Xilinx/2025.1/Vitis/ide/electron-app/win64/resources/app/lib/frontend/bundle.js:2:8391210\n    at Array.forEach (<anonymous>)\n    at c.handle (file:///C:/Xilinx/2025.1/Vitis/ide/electron-app/win64/resources/app/lib/frontend/bundle.js:2:8391099)\n    at c.handle (file:///C:/Xilinx/2025.1/Vitis/ide/electron-app/win64/resources/app/lib/frontend/bundle.js:2:21801587)\n    at file:///C:/Xilinx/2025.1/Vitis/ide/electron-app/win64/resources/app/lib/frontend/bundle.js:2:8456416\n    at o (file:///C:/Xilinx/2025.1/Vitis/ide/electron-app/win64/resources/app/lib/frontend/bundle.js:2:8453884)\n    at P.handleContributions (file:///C:/Xilinx/2025.1/Vitis/ide/electron-app/win64/resources/app/lib/frontend/bundle.js:2:8456371)\n    at n.handleContributions (file:///C:/Xilinx/2025.1/Vitis/ide/electron-app/win64/resources/app/lib/frontend/bundle.js:2:8226131)\n    at n.loadContributions (file:///C:/Xilinx/2025.1/Vitis/ide/electron-app/win64/resources/app/lib/frontend/bundle.js:2:8242540)"}
2026-03-18 16:17:19 [debug] : Failed to register a menu item for plugin vscode.git contributed to multiDiffEditor/resource/title {"0":{"command":"git.stageFile","group":"navigation","when":"scmProvider == git && scmResourceGroup == workingTree"},"1":"Error: Could not find submenu with id multiDiffEditor/resource/title\n    at d.getMenuNode (file:///C:/Xilinx/2025.1/Vitis/ide/electron-app/win64/resources/app/lib/frontend/bundle.js:2:2858055)\n    at file:///C:/Xilinx/2025.1/Vitis/ide/electron-app/win64/resources/app/lib/frontend/bundle.js:2:8391210\n    at Array.forEach (<anonymous>)\n    at c.handle (file:///C:/Xilinx/2025.1/Vitis/ide/electron-app/win64/resources/app/lib/frontend/bundle.js:2:8391099)\n    at c.handle (file:///C:/Xilinx/2025.1/Vitis/ide/electron-app/win64/resources/app/lib/frontend/bundle.js:2:21801587)\n    at file:///C:/Xilinx/2025.1/Vitis/ide/electron-app/win64/resources/app/lib/frontend/bundle.js:2:8456416\n    at o (file:///C:/Xilinx/2025.1/Vitis/ide/electron-app/win64/resources/app/lib/frontend/bundle.js:2:8453884)\n    at P.handleContributions (file:///C:/Xilinx/2025.1/Vitis/ide/electron-app/win64/resources/app/lib/frontend/bundle.js:2:8456371)\n    at n.handleContributions (file:///C:/Xilinx/2025.1/Vitis/ide/electron-app/win64/resources/app/lib/frontend/bundle.js:2:8226131)\n    at n.loadContributions (file:///C:/Xilinx/2025.1/Vitis/ide/electron-app/win64/resources/app/lib/frontend/bundle.js:2:8242540)"}
2026-03-18 16:17:19 [debug] : Failed to register a menu item for plugin vscode.git contributed to multiDiffEditor/resource/title {"0":{"command":"git.stageFile","group":"navigation","when":"scmProvider == git && scmResourceGroup == untracked"},"1":"Error: Could not find submenu with id multiDiffEditor/resource/title\n    at d.getMenuNode (file:///C:/Xilinx/2025.1/Vitis/ide/electron-app/win64/resources/app/lib/frontend/bundle.js:2:2858055)\n    at file:///C:/Xilinx/2025.1/Vitis/ide/electron-app/win64/resources/app/lib/frontend/bundle.js:2:8391210\n    at Array.forEach (<anonymous>)\n    at c.handle (file:///C:/Xilinx/2025.1/Vitis/ide/electron-app/win64/resources/app/lib/frontend/bundle.js:2:8391099)\n    at c.handle (file:///C:/Xilinx/2025.1/Vitis/ide/electron-app/win64/resources/app/lib/frontend/bundle.js:2:21801587)\n    at file:///C:/Xilinx/2025.1/Vitis/ide/electron-app/win64/resources/app/lib/frontend/bundle.js:2:8456416\n    at o (file:///C:/Xilinx/2025.1/Vitis/ide/electron-app/win64/resources/app/lib/frontend/bundle.js:2:8453884)\n    at P.handleContributions (file:///C:/Xilinx/2025.1/Vitis/ide/electron-app/win64/resources/app/lib/frontend/bundle.js:2:8456371)\n    at n.handleContributions (file:///C:/Xilinx/2025.1/Vitis/ide/electron-app/win64/resources/app/lib/frontend/bundle.js:2:8226131)\n    at n.loadContributions (file:///C:/Xilinx/2025.1/Vitis/ide/electron-app/win64/resources/app/lib/frontend/bundle.js:2:8242540)"}
2026-03-18 16:17:19 [debug] : Failed to register a menu item for plugin vscode.git contributed to multiDiffEditor/resource/title {"0":{"command":"git.unstageFile","group":"navigation","when":"scmProvider == git && scmResourceGroup == index"},"1":"Error: Could not find submenu with id multiDiffEditor/resource/title\n    at d.getMenuNode (file:///C:/Xilinx/2025.1/Vitis/ide/electron-app/win64/resources/app/lib/frontend/bundle.js:2:2858055)\n    at file:///C:/Xilinx/2025.1/Vitis/ide/electron-app/win64/resources/app/lib/frontend/bundle.js:2:8391210\n    at Array.forEach (<anonymous>)\n    at c.handle (file:///C:/Xilinx/2025.1/Vitis/ide/electron-app/win64/resources/app/lib/frontend/bundle.js:2:8391099)\n    at c.handle (file:///C:/Xilinx/2025.1/Vitis/ide/electron-app/win64/resources/app/lib/frontend/bundle.js:2:21801587)\n    at file:///C:/Xilinx/2025.1/Vitis/ide/electron-app/win64/resources/app/lib/frontend/bundle.js:2:8456416\n    at o (file:///C:/Xilinx/2025.1/Vitis/ide/electron-app/win64/resources/app/lib/frontend/bundle.js:2:8453884)\n    at P.handleContributions (file:///C:/Xilinx/2025.1/Vitis/ide/electron-app/win64/resources/app/lib/frontend/bundle.js:2:8456371)\n    at n.handleContributions (file:///C:/Xilinx/2025.1/Vitis/ide/electron-app/win64/resources/app/lib/frontend/bundle.js:2:8226131)\n    at n.loadContributions (file:///C:/Xilinx/2025.1/Vitis/ide/electron-app/win64/resources/app/lib/frontend/bundle.js:2:8242540)"}
2026-03-18 16:17:19 [debug] : Failed to register a menu item for plugin vscode.git contributed to diffEditor/gutter/hunk {"0":{"command":"git.diff.stageHunk","group":"primary@10","when":"diffEditorOriginalUri =~ /^git\\:.*%22ref%22%3A%22~%22%7D$/"},"1":"Error: Could not find submenu with id diffEditor/gutter/hunk\n    at d.getMenuNode (file:///C:/Xilinx/2025.1/Vitis/ide/electron-app/win64/resources/app/lib/frontend/bundle.js:2:2858055)\n    at file:///C:/Xilinx/2025.1/Vitis/ide/electron-app/win64/resources/app/lib/frontend/bundle.js:2:8391210\n    at Array.forEach (<anonymous>)\n    at c.handle (file:///C:/Xilinx/2025.1/Vitis/ide/electron-app/win64/resources/app/lib/frontend/bundle.js:2:8391099)\n    at c.handle (file:///C:/Xilinx/2025.1/Vitis/ide/electron-app/win64/resources/app/lib/frontend/bundle.js:2:21801587)\n    at file:///C:/Xilinx/2025.1/Vitis/ide/electron-app/win64/resources/app/lib/frontend/bundle.js:2:8456416\n    at o (file:///C:/Xilinx/2025.1/Vitis/ide/electron-app/win64/resources/app/lib/frontend/bundle.js:2:8453884)\n    at P.handleContributions (file:///C:/Xilinx/2025.1/Vitis/ide/electron-app/win64/resources/app/lib/frontend/bundle.js:2:8456371)\n    at n.handleContributions (file:///C:/Xilinx/2025.1/Vitis/ide/electron-app/win64/resources/app/lib/frontend/bundle.js:2:8226131)\n    at n.loadContributions (file:///C:/Xilinx/2025.1/Vitis/ide/electron-app/win64/resources/app/lib/frontend/bundle.js:2:8242540)"}
2026-03-18 16:17:19 [debug] : Failed to register a menu item for plugin vscode.git contributed to diffEditor/gutter/selection {"0":{"command":"git.diff.stageSelection","group":"primary@10","when":"diffEditorOriginalUri =~ /^git\\:.*%22ref%22%3A%22~%22%7D$/"},"1":"Error: Could not find submenu with id diffEditor/gutter/selection\n    at d.getMenuNode (file:///C:/Xilinx/2025.1/Vitis/ide/electron-app/win64/resources/app/lib/frontend/bundle.js:2:2858055)\n    at file:///C:/Xilinx/2025.1/Vitis/ide/electron-app/win64/resources/app/lib/frontend/bundle.js:2:8391210\n    at Array.forEach (<anonymous>)\n    at c.handle (file:///C:/Xilinx/2025.1/Vitis/ide/electron-app/win64/resources/app/lib/frontend/bundle.js:2:8391099)\n    at c.handle (file:///C:/Xilinx/2025.1/Vitis/ide/electron-app/win64/resources/app/lib/frontend/bundle.js:2:21801587)\n    at file:///C:/Xilinx/2025.1/Vitis/ide/electron-app/win64/resources/app/lib/frontend/bundle.js:2:8456416\n    at o (file:///C:/Xilinx/2025.1/Vitis/ide/electron-app/win64/resources/app/lib/frontend/bundle.js:2:8453884)\n    at P.handleContributions (file:///C:/Xilinx/2025.1/Vitis/ide/electron-app/win64/resources/app/lib/frontend/bundle.js:2:8456371)\n    at n.handleContributions (file:///C:/Xilinx/2025.1/Vitis/ide/electron-app/win64/resources/app/lib/frontend/bundle.js:2:8226131)\n    at n.loadContributions (file:///C:/Xilinx/2025.1/Vitis/ide/electron-app/win64/resources/app/lib/frontend/bundle.js:2:8242540)"}
2026-03-18 16:17:19 [debug] : [1692a7d0-9efc-4252-b028-33e54e77b90d][vscode.git]: Loaded contributions. 
2026-03-18 16:17:19 [debug] : [1692a7d0-9efc-4252-b028-33e54e77b90d][vscode.make]: Loaded contributions. 
2026-03-18 16:17:19 [debug] : [1692a7d0-9efc-4252-b028-33e54e77b90d] Load contributions of 18 plugins: 770.4 ms [Finished 10.097 s after frontend start] 
2026-03-18 16:17:19 [debug] : Frontend c.onDidInitializeLayout: 0.9 ms [Finished 10.098 s after frontend start] 
2026-03-18 16:17:19 [debug] : Frontend n.onDidInitializeLayout: 3.2 ms [Finished 10.104 s after frontend start] 
2026-03-18 16:17:19 [debug] : Frontend x.onDidInitializeLayout: 39.9 ms [Finished 10.148 s after frontend start] 
2026-03-18 16:17:19 [debug] : Frontend h.onDidInitializeLayout: 0.5 ms [Finished 10.168 s after frontend start] 
2026-03-18 16:17:19 [debug] : Error: view container is disposed
    at get containerLayout (file:///C:/Xilinx/2025.1/Vitis/ide/electron-app/win64/resources/app/lib/frontend/bundle.js:2:2734612)
    at n.getParts (file:///C:/Xilinx/2025.1/Vitis/ide/electron-app/win64/resources/app/lib/frontend/bundle.js:2:2734370)
    at n.getTrackableWidgets (file:///C:/Xilinx/2025.1/Vitis/ide/electron-app/win64/resources/app/lib/frontend/bundle.js:2:2737767)
    at n.prepareViewContainer (file:///C:/Xilinx/2025.1/Vitis/ide/electron-app/win64/resources/app/lib/frontend/bundle.js:2:8580709)
    at async file:///C:/Xilinx/2025.1/Vitis/ide/electron-app/win64/resources/app/lib/frontend/bundle.js:2:8582989
    at async Promise.all (index 1)
    at async n.initWidgets (file:///C:/Xilinx/2025.1/Vitis/ide/electron-app/win64/resources/app/lib/frontend/bundle.js:2:8583836)
    at async n.afterLoadContributions (file:///C:/Xilinx/2025.1/Vitis/ide/electron-app/win64/resources/app/lib/frontend/bundle.js:2:8225999)
    at async n.doLoad (file:///C:/Xilinx/2025.1/Vitis/ide/electron-app/win64/resources/app/lib/frontend/bundle.js:2:8240408)
    at async d.withProgress (file:///C:/Xilinx/2025.1/Vitis/ide/electron-app/win64/resources/app/lib/frontend/bundle.js:2:2899608) 
2026-03-18 16:17:19 [debug] : 'cpp' language is remapped from 'source.cpp.embedded.macro' to 'source.cpp' scope 
2026-03-18 16:17:19 [debug] : a registered grammar configuration for 'cpp' language is overridden 
2026-03-18 16:17:19 [debug] : [Application Examples Provider] Templates model update completed. 
2026-03-18 16:17:19 [debug] : [Application Examples Provider] common calling method completed. 
2026-03-18 16:17:19 [debug] : [Application Examples Provider] refresh completed. 
2026-03-18 16:17:19 [debug] : Frontend U.onDidInitializeLayout took longer than the expected maximum 100 milliseconds: 695.2 ms [Finished 10.863 s after frontend start] 
2026-03-18 16:17:19 [debug] : Frontend D.onDidInitializeLayout: 0.1 ms [Finished 10.863 s after frontend start] 
2026-03-18 16:17:19 [debug] : Frontend D.onDidInitializeLayout: 2.0 ms [Finished 10.865 s after frontend start] 
2026-03-18 16:17:19 [debug] : Frontend C.onDidInitializeLayout: 0.2 ms [Finished 10.866 s after frontend start] 
2026-03-18 16:17:19 [debug] : Frontend v.onDidInitializeLayout: 0.1 ms [Finished 10.867 s after frontend start] 
2026-03-18 16:17:20 [debug] : getTasks(): about to return task information for 0 tasks 
2026-03-18 16:17:20 [debug] : MonacoEditorModel.cancelSync {"0":"user-storage:/user/settings.json"}
2026-03-18 16:17:20 [debug] : MonacoEditorModel.cancelSave {"0":"user-storage:/user/settings.json"}
2026-03-18 16:17:20 [debug] : Replace loading indicator with ready workbench UI (animation): 866.5 ms [Finished 11.735 s after frontend start] 
2026-03-18 16:17:20 [debug] : Frontend application start: 5402.7 ms [Finished 428.488 s after backend start] 
2026-03-18 16:17:20 [debug] : Changed application state from 'initialized_layout' to 'ready'. 
2026-03-18 16:17:20 [debug] : MonacoEditorModel.fireDidChangeContent - enter - {
  "changes": [
    {
      "range": {
        "startLineNumber": 4,
        "startColumn": 29,
        "endLineNumber": 14,
        "endColumn": 6
      },
      "rangeLength": 310,
      "text": "{\r\n        \"**/.git/objects/**\": true,\r\n        \"**/.git/subtree-cache/**\": true,\r\n        \"**/_build/**\": true,\r\n        \"**/build/**\": true,\r\n        \"**/export/**\": true,\r\n        \"**/hls/impl/**\": true,\r\n        \"**/hls/syth/**\": true,\r\n        \"**/hls/syn/**\": true,\r\n        \"**/hls/csim/**\": true\r\n    }",
      "rangeOffset": 124,
      "forceMoveMarkers": false
    }
  ],
  "eol": "\r\n",
  "isEolChange": false,
  "versionId": 2,
  "isUndoing": false,
  "isRedoing": false,
  "isFlush": false
} {"0":"user-storage:/user/settings.json"}
2026-03-18 16:17:20 [debug] : MonacoEditorModel.markAsDirty - enter {"0":"user-storage:/user/settings.json"}
2026-03-18 16:17:20 [debug] : MonacoEditorModel.cancelSync {"0":"user-storage:/user/settings.json"}
2026-03-18 16:17:20 [debug] : MonacoEditorModel.markAsDirty - exit {"0":"user-storage:/user/settings.json"}
2026-03-18 16:17:20 [debug] : MonacoEditorModel.fireDidChangeContent - exit {"0":"user-storage:/user/settings.json"}
2026-03-18 16:17:20 [debug] : MonacoEditorModel.cancelSave {"0":"user-storage:/user/settings.json"}
2026-03-18 16:17:20 [debug] : MonacoEditorModel.cancelSave {"0":"user-storage:/user/settings.json"}
2026-03-18 16:17:20 [debug] : [hosted-plugin: 19620] PLUGIN_HOST(19620): PluginManagerExtImpl/init() 
2026-03-18 16:17:20 [debug] : [hosted-plugin: 19620] PLUGIN_HOST(19620): initializing(serial-monitor@1.0.2 with C:\Xilinx\2025.1\Vitis\ide\electron-app\win64\resources\app\lib\backend\plugin-vscode-init) 
2026-03-18 16:17:20 [debug] : [hosted-plugin: 19620] PLUGIN_HOST(19620): initializing(json-language-features@1.88.1 with C:\Xilinx\2025.1\Vitis\ide\electron-app\win64\resources\app\lib\backend\plugin-vscode-init)
PLUGIN_HOST(19620): initializing(material-icon-theme@5.15.0 with C:\Xilinx\2025.1\Vitis\ide\electron-app\win64\resources\app\lib\backend\plugin-vscode-init)
PLUGIN_HOST(19620): initializing(git-base@1.95.3 with C:\Xilinx\2025.1\Vitis\ide\electron-app\win64\resources\app\lib\backend\plugin-vscode-init) 
2026-03-18 16:17:20 [debug] : [hosted-plugin: 19620] PLUGIN_HOST(19620): initializing(gitlens@11.7.0 with C:\Xilinx\2025.1\Vitis\ide\electron-app\win64\resources\app\lib\backend\plugin-vscode-init)
PLUGIN_HOST(19620): initializing(tcf-debug@0.0.1 with C:\Xilinx\2025.1\Vitis\ide\electron-app\win64\resources\app\lib\backend\plugin-vscode-init)
Debugger contribution has been registered: tcf-debug
PLUGIN_HOST(19620): initializing(cmake@0.0.17 with C:\Xilinx\2025.1\Vitis\ide\electron-app\win64\resources\app\lib\backend\plugin-vscode-init)
PLUGIN_HOST(19620): initializing(vitis-config@0.0.1 with C:\Xilinx\2025.1\Vitis\ide\electron-app\win64\resources\app\lib\backend\plugin-vscode-init)
PLUGIN_HOST(19620): initializing(vitis-hls-l1-library@0.0.1 with C:\Xilinx\2025.1\Vitis\ide\electron-app\win64\resources\app\lib\backend\plugin-vscode-init)
PLUGIN_HOST(19620): initializing(vitis-hls-pragma@0.6.0 with C:\Xilinx\2025.1\Vitis\ide\electron-app\win64\resources\app\lib\backend\plugin-vscode-init) 
2026-03-18 16:17:20 [debug] : [hosted-plugin: 19620] PLUGIN_HOST(19620): initializing(vitis-hls-verilog-vhdl-support@0.0.1 with C:\Xilinx\2025.1\Vitis\ide\electron-app\win64\resources\app\lib\backend\plugin-vscode-init)
PLUGIN_HOST(19620): initializing(vitis-output@0.0.1 with C:\Xilinx\2025.1\Vitis\ide\electron-app\win64\resources\app\lib\backend\plugin-vscode-init)
PLUGIN_HOST(19620): initializing(cpp@1.88.1 with C:\Xilinx\2025.1\Vitis\ide\electron-app\win64\resources\app\lib\backend\plugin-vscode-init)
PLUGIN_HOST(19620): initializing(json@1.88.1 with C:\Xilinx\2025.1\Vitis\ide\electron-app\win64\resources\app\lib\backend\plugin-vscode-init)
PLUGIN_HOST(19620): initializing(vscode-clangd@0.1.33 with C:\Xilinx\2025.1\Vitis\ide\electron-app\win64\resources\app\lib\backend\plugin-vscode-init)
PLUGIN_HOST(19620): initializing(debug@0.27.0 with C:\Xilinx\2025.1\Vitis\ide\electron-app\win64\resources\app\lib\backend\plugin-vscode-init)
Debugger contribution has been registered: gdb
Debugger contribution has been registered: lldb-mi
Debugger contribution has been registered: mago-mi
PLUGIN_HOST(19620): initializing(git@1.95.3 with C:\Xilinx\2025.1\Vitis\ide\electron-app\win64\resources\app\lib\backend\plugin-vscode-init)
PLUGIN_HOST(19620): initializing(make@1.88.1 with C:\Xilinx\2025.1\Vitis\ide\electron-app\win64\resources\app\lib\backend\plugin-vscode-init) 
2026-03-18 16:17:21 [debug] : [hosted-plugin: 19620] Unsupported activation events: oncommand:gitlens.copyCurrentBranch, please open an issue: https://github.com/eclipse-theia/theia/issues/new
Unsupported activation events: onEditSession:file, please open an issue: https://github.com/eclipse-theia/theia/issues/new 
2026-03-18 16:17:21 [debug] : [hosted-plugin: 19620] PLUGIN_HOST(19620): PluginManagerExtImpl/loadPlugin(C:\Xilinx\2025.1\Vitis\ide\electron-app\win64\resources\app\plugins\vscode-builtin-json-language-features\extension\client\dist\node\jsonClientMain) 
2026-03-18 16:17:21 [debug] : [hosted-plugin: 19620] PLUGIN_HOST(19620): PluginManagerExtImpl/loadPlugin(C:\Xilinx\2025.1\Vitis\ide\electron-app\win64\resources\app\plugins\vscode.git-base\extension\dist\extension.js)
calling activation function on Git Base (built-in)
PLUGIN_HOST(19620): PluginManagerExtImpl/loadPlugin(C:\Xilinx\2025.1\Vitis\ide\electron-app\win64\resources\app\plugins\vscode.git\extension\dist\main) 
2026-03-18 16:17:21 [debug] : MonacoEditorModel.cancelSync {"0":"user-storage:/user/settings.json"}
2026-03-18 16:17:21 [debug] : MonacoEditorModel.cancelSave {"0":"user-storage:/user/settings.json"}
2026-03-18 16:17:21 [debug] : [hosted-plugin: 19620] calling activation function on Git (built-in) 
2026-03-18 16:17:22 [debug] : [1692a7d0-9efc-4252-b028-33e54e77b90d] Starting plugins. 
2026-03-18 16:17:22 [debug] : [1692a7d0-9efc-4252-b028-33e54e77b90d][eclipse-cdt.serial-monitor]: Started plugin. 
2026-03-18 16:17:22 [debug] : [1692a7d0-9efc-4252-b028-33e54e77b90d][vscode.json-language-features]: Started plugin. 
2026-03-18 16:17:22 [debug] : [1692a7d0-9efc-4252-b028-33e54e77b90d][pkief.material-icon-theme]: Started plugin. 
2026-03-18 16:17:22 [debug] : [1692a7d0-9efc-4252-b028-33e54e77b90d][vscode.git-base]: Started plugin. 
2026-03-18 16:17:22 [debug] : [1692a7d0-9efc-4252-b028-33e54e77b90d][eamodio.gitlens]: Started plugin. 
2026-03-18 16:17:22 [debug] : [1692a7d0-9efc-4252-b028-33e54e77b90d][amd.tcf-debug]: Started plugin. 
2026-03-18 16:17:22 [debug] : [1692a7d0-9efc-4252-b028-33e54e77b90d][twxs.cmake]: Started plugin. 
2026-03-18 16:17:22 [debug] : [1692a7d0-9efc-4252-b028-33e54e77b90d][amd.vitis-config]: Started plugin. 
2026-03-18 16:17:22 [debug] : [1692a7d0-9efc-4252-b028-33e54e77b90d][amd.vitis-hls-l1-library]: Started plugin. 
2026-03-18 16:17:22 [debug] : [1692a7d0-9efc-4252-b028-33e54e77b90d][amd.vitis-hls-pragma]: Started plugin. 
2026-03-18 16:17:22 [debug] : [1692a7d0-9efc-4252-b028-33e54e77b90d][amd.vitis-hls-verilog-vhdl-support]: Started plugin. 
2026-03-18 16:17:22 [debug] : [1692a7d0-9efc-4252-b028-33e54e77b90d][amd.vitis-output]: Started plugin. 
2026-03-18 16:17:22 [debug] : [1692a7d0-9efc-4252-b028-33e54e77b90d][vscode.cpp]: Started plugin. 
2026-03-18 16:17:22 [debug] : [1692a7d0-9efc-4252-b028-33e54e77b90d][vscode.json]: Started plugin. 
2026-03-18 16:17:22 [debug] : [1692a7d0-9efc-4252-b028-33e54e77b90d][llvm-vs-code-extensions.vscode-clangd]: Started plugin. 
2026-03-18 16:17:22 [debug] : [1692a7d0-9efc-4252-b028-33e54e77b90d][webfreak.debug]: Started plugin. 
2026-03-18 16:17:22 [debug] : [1692a7d0-9efc-4252-b028-33e54e77b90d][vscode.git]: Started plugin. 
2026-03-18 16:17:22 [debug] : [1692a7d0-9efc-4252-b028-33e54e77b90d][vscode.make]: Started plugin. 
2026-03-18 16:17:22 [debug] : [hosted-plugin: 19620] PLUGIN_HOST(19620): PluginManagerExtImpl/loadPlugin(C:\Xilinx\2025.1\Vitis\ide\electron-app\win64\resources\app\plugins\eamodio-gitlens\extension\dist\gitlens) 
2026-03-18 16:17:22 [debug] : [hosted-plugin: 19620] PLUGIN_HOST(19620): PluginManagerExtImpl/loadPlugin(C:\Xilinx\2025.1\Vitis\ide\electron-app\win64\resources\app\plugins\vscode-material-icon-theme\extension\dist\extension\desktop\extension.cjs) 
2026-03-18 16:17:22 [debug] : [hosted-plugin: 19620] PLUGIN_HOST(19620): PluginManagerExtImpl/loadPlugin(C:\Xilinx\2025.1\Vitis\ide\electron-app\win64\resources\app\plugins\eclipse-cdt.serial-monitor\extension\dist\desktop\extension.js) 
2026-03-18 16:17:22 [debug] : [hosted-plugin: 19620] calling activation function on Web and Desktop Serial Monitor 
2026-03-18 16:17:22 [debug] : [hosted-plugin: 19620] [INFO] 2026-03-18T08:17:22.632Z - Translations initialized. 
2026-03-18 16:17:22 [debug] : [hosted-plugin: 19620] [INFO] 2026-03-18T08:17:22.649Z - Extension activated! 
2026-03-18 16:17:22 [debug] : [hosted-plugin: 19620] calling activation function on Material Icon Theme 
2026-03-18 16:17:22 [debug] : [hosted-plugin: 19620] calling activation function on JSON Language Features (built-in) 
2026-03-18 16:17:23 [debug] : [hosted-plugin: 19620] calling activation function on GitLens — Git supercharged 
2026-03-18 16:17:23 [debug] : [1692a7d0-9efc-4252-b028-33e54e77b90d] Start of 18 plugins: 3885.7 ms [Finished 14.120 s after frontend start] 
2026-03-18 16:17:23 [debug] : [ProjectCache] fetching projects for project-cache 
2026-03-18 16:17:23 [debug] : [Platform Server] Executing method:[getPartFromXSA] with connection:(object). {"0":"request:","1":{"wrappers_":null,"arrayIndexOffset_":-1,"array":["C:\\Users\\dkhar\\OneDrive\\Documents\\GitHub\\ee4218\\platform"],"pivot_":1.7976931348623157e+308,"convertedPrimitiveFields_":{}}}
2026-03-18 16:17:23 [debug] : [ProjectDecorator] tree decoration updated 
2026-03-18 16:17:24 [debug] : [ProjectCache] fetching projects for project-cache 
2026-03-18 16:17:24 [debug] : [ProjectDecorator] tree decoration updated 
2026-03-18 16:17:25 [debug] : [ProjectCache] fetching projects for project-cache 
2026-03-18 16:17:25 [debug] : [ProjectDecorator] tree decoration updated 
2026-03-18 16:17:26 [debug] : [Platform Server] Executing method:[getPartFromXSA] with connection:(object). {"0":"request:","1":{"wrappers_":null,"arrayIndexOffset_":-1,"array":["C:\\Users\\dkhar\\OneDrive\\Documents\\GitHub\\ee4218\\platform"],"pivot_":1.7976931348623157e+308,"convertedPrimitiveFields_":{}}}
2026-03-18 16:17:26 [debug] : [Platform Server] Executing method:[getPartFromXSA] with connection:(object). {"0":"request:","1":{"wrappers_":null,"arrayIndexOffset_":-1,"array":["C:\\Users\\dkhar\\OneDrive\\Documents\\GitHub\\ee4218\\platform"],"pivot_":1.7976931348623157e+308,"convertedPrimitiveFields_":{}}}
2026-03-18 16:17:28 [debug] : [Platform Server] Executing method:[getPartFromXSA] with connection:(object). {"0":"request:","1":{"wrappers_":null,"arrayIndexOffset_":-1,"array":["C:\\Users\\dkhar\\OneDrive\\Documents\\GitHub\\ee4218\\platform"],"pivot_":1.7976931348623157e+308,"convertedPrimitiveFields_":{}}}
2026-03-18 16:19:10 [debug] : [Debugger Server] In 'setupSystemLaunchJson' with connection:[object Object] request:{"applicationpath":"","componentpath":"C:\\Users\\dkhar\\OneDrive\\Documents\\GitHub\\ee4218\\lab_2","createnew":false,"emulatorstarted":false,"debugport":"","target":"","debug":false,"launchname":"lab_2_app_hw_1","qemugdbport":"","plmgdbport":""} 
2026-03-18 16:19:10 [debug] : Received event from notification service: ON_BAREMETAL_DEBUG_PROGRESS. 
2026-03-18 16:19:10 [debug] : Received event from notification service: ON_BAREMETAL_DEBUG_PROGRESS. 
2026-03-18 16:19:10 [debug] : Received event from notification service: START_XSDB_SERVER. 
2026-03-18 16:19:10 [debug] : getTasks(): about to return task information for 0 tasks 
2026-03-18 16:19:10 [debug] : entering runTask 
2026-03-18 16:19:10 [debug] : got lock 
2026-03-18 16:19:10 [debug] : running task {"type":"shell","label":"XSDB Console","_scope":2,"problemMatcher":[],"presentation":{"echo":true,"reveal":"silent","focus":true,"panel":"dedicated","showReuseMessage":false,"clear":false,"close":false},"options":{"cwd":"C:\\Users\\dkhar\\.Xilinx\\Vitis\\2025.1\\.vitis"},"args":["/C","C:/Xilinx/2025.1/Vitis\\bin\\xsdb.bat","-n","-interactive","C:\\Users\\dkhar\\.Xilinx\\Vitis\\2025.1\\.vitis\\temp_xsct_launch_script.tcl"],"command":"cmd"}, already running = false 
2026-03-18 16:19:10 [debug] : task about to start 
2026-03-18 16:19:10 [debug] : Starting terminal process {"0":"{\n  \"command\": \"cmd.exe\",\n  \"args\": [\n    \"/S\",\n    \"/C\",\n    \"cmd /C C:/Xilinx/2025.1/Vitis\\\\bin\\\\xsdb.bat -n -interactive C:\\\\Users\\\\dkhar\\\\.Xilinx\\\\Vitis\\\\2025.1\\\\.vitis\\\\temp_xsct_launch_script.tcl\"\n  ],\n  \"commandLine\": \"/S /C \\\"cmd /C C:/Xilinx/2025.1/Vitis\\\\bin\\\\xsdb.bat -n -interactive C:\\\\Users\\\\dkhar\\\\.Xilinx\\\\Vitis\\\\2025.1\\\\.vitis\\\\temp_xsct_launch_script.tcl\\\"\",\n  \"options\": {\n    \"cwd\": \"C:\\\\Users\\\\dkhar\\\\.Xilinx\\\\Vitis\\\\2025.1\\\\.vitis\",\n    \"env\": {\n      \"ALLUSERSPROFILE\": \"C:\\\\ProgramData\",\n      \"APPDATA\": \"C:\\\\Users\\\\dkhar\\\\AppData\\\\Roaming\",\n      \"arr.length\": \"0\",\n      \"arr.Ubound\": \"-1\",\n      \"CMAKE_OBJECT_PATH_MAX\": \"4096\",\n      \"CommonProgramFiles\": \"C:\\\\Program Files\\\\Common Files\",\n      \"CommonProgramFiles(x86)\": \"C:\\\\Program Files (x86)\\\\Common Files\",\n      \"CommonProgramW6432\": \"C:\\\\Program Files\\\\Common Files\",\n      \"COMPUTERNAME\": \"DESKTOP-FV88VMA\",\n      \"ComSpec\": \"C:\\\\WINDOWS\\\\system32\\\\cmd.exe\",\n      \"DriverData\": \"C:\\\\Windows\\\\System32\\\\Drivers\\\\DriverData\",\n      \"HDI_APPROOT\": \"C:/Xilinx/2025.1/Vitis\",\n      \"HOMEDRIVE\": \"C:\",\n      \"HOMEPATH\": \"\\\\Users\\\\dkhar\",\n      \"HW_SERVER_DJTG_DISABLE\": \"1\",\n      \"HW_SERVER_FTDIMGR_DISABLE\": \"1\",\n      \"IDE_SKIP_SERVER_LICENSE\": \"1\",\n      \"INT_VARIABLE_NAME\": \"XILINX_PATH\",\n      \"JAVA_HOME\": \"C:/Xilinx/2025.1/Vivado\\\\tps\\\\win64\\\\jre11.0.16_1\",\n      \"LC_NUMERIC\": \"C\",\n      \"LOCALAPPDATA\": \"C:\\\\Users\\\\dkhar\\\\AppData\\\\Local\",\n      \"LOGONSERVER\": \"\\\\\\\\DESKTOP-FV88VMA\",\n      \"NOSPLASH\": \"false\",\n      \"NUMBER_OF_PROCESSORS\": \"8\",\n      \"OneDrive\": \"C:\\\\Users\\\\dkhar\\\\OneDrive\",\n      \"ORIGINAL_XDG_CURRENT_DESKTOP\": \"undefined\",\n      \"OS\": \"Windows_NT\",\n      \"Path\": \"C:/Xilinx/2025.1/Vitis\\\\bin;C:/Xilinx/2025.1/Vitis\\\\gnu\\\\microblaze\\\\nt\\\\bin;C:/Xilinx/2025.1/Vitis\\\\gnu\\\\arm\\\\nt\\\\bin;C:/Xilinx/2025.1/Vitis\\\\gnu\\\\microblaze\\\\linux_toolchain\\\\nt64_be\\\\bin;C:/Xilinx/2025.1/Vitis\\\\gnu\\\\microblaze\\\\linux_toolchain\\\\nt64_le\\\\bin;C:/Xilinx/2025.1/Vitis\\\\gnu\\\\aarch32\\\\nt\\\\gcc-arm-linux-gnueabi\\\\bin;C:/Xilinx/2025.1/Vitis\\\\gnu\\\\aarch32\\\\nt\\\\gcc-arm-none-eabi\\\\bin;C:/Xilinx/2025.1/Vitis\\\\gnu\\\\aarch64\\\\nt\\\\aarch64-linux\\\\bin;C:/Xilinx/2025.1/Vitis\\\\gnu\\\\aarch64\\\\nt\\\\aarch64-none\\\\bin;C:/Xilinx/2025.1/Vitis\\\\gnu\\\\armr5\\\\nt\\\\gcc-arm-none-eabi\\\\bin;C:/Xilinx/2025.1/Vitis\\\\gnu\\\\riscv\\\\nt\\\\riscv64-unknown-elf\\\\bin;C:/Xilinx/2025.1/Vivado\\\\tps\\\\win64\\\\python-3.13.0;C:/Xilinx/2025.1/Vivado\\\\tps\\\\win64\\\\git-2.46.0\\\\bin;C:/Xilinx/2025.1/Vivado\\\\tps\\\\win64\\\\cmake-3.24.2\\\\bin;C:/Xilinx/2025.1/Vitis/win64/tools/vcxx\\\\libexec;C:/Xilinx/2025.1/Vivado\\\\tps\\\\win64\\\\jre11.0.16_1\\\\bin;C:/Xilinx/2025.1/Vitis/lib/win64.o;C:/Xilinx/2025.1/Vivado\\\\tps\\\\win64\\\\libxslt/bin;C:/Xilinx/2025.1/Vitis/bin;C:\\\\WINDOWS\\\\system32;C:\\\\WINDOWS;C:\\\\WINDOWS\\\\System32\\\\Wbem;C:\\\\WINDOWS\\\\System32\\\\WindowsPowerShell\\\\v1.0\\\\;C:\\\\WINDOWS\\\\System32\\\\OpenSSH\\\\;C:\\\\Program Files\\\\Git\\\\cmd;C:\\\\Users\\\\dkhar\\\\AppData\\\\Local\\\\Microsoft\\\\WindowsApps;C:\\\\Users\\\\dkhar\\\\AppData\\\\Local\\\\Programs\\\\Microsoft VS Code\\\\bin;C:\\\\Users\\\\dkhar\\\\AppData\\\\Local\\\\GitHubDesktop\\\\bin\",\n      \"PATHEXT\": \".COM;.EXE;.BAT;.CMD;.VBS;.VBE;.JS;.JSE;.WSF;.WSH;.MSC\",\n      \"PROCESSOR_ARCHITECTURE\": \"AMD64\",\n      \"PROCESSOR_IDENTIFIER\": \"Intel64 Family 6 Model 142 Stepping 11, GenuineIntel\",\n      \"PROCESSOR_LEVEL\": \"6\",\n      \"PROCESSOR_REVISION\": \"8e0b\",\n      \"ProgramData\": \"C:\\\\ProgramData\",\n      \"ProgramFiles\": \"C:\\\\Program Files\",\n      \"ProgramFiles(x86)\": \"C:\\\\Program Files (x86)\",\n      \"ProgramW6432\": \"C:\\\\Program Files\",\n      \"PROMPT\": \"$P$G\",\n      \"PSModulePath\": \"C:\\\\Program Files\\\\WindowsPowerShell\\\\Modules;C:\\\\WINDOWS\\\\system32\\\\WindowsPowerShell\\\\v1.0\\\\Modules\",\n      \"PUBLIC\": \"C:\\\\Users\\\\Public\",\n      \"PYTHONPATH\": \"C:/Xilinx/2025.1/Vitis\\\\cli;C:/Xilinx/2025.1/Vitis\\\\cli\\\\python-packages\\\\win64;C:/Xilinx/2025.1/Vitis\\\\cli\\\\python-packages\\\\site-packages;C:/Xilinx/2025.1/Vitis\\\\cli\\\\proto;C:/Xilinx/2025.1/Vitis\\\\scripts\\\\python_pkg;\",\n      \"RDI_APPROOT\": \"C:/Xilinx/2025.1/Vitis\",\n      \"RDI_BASEROOT\": \"C:/Xilinx/2025.1\",\n      \"RDI_BINROOT\": \"C:/Xilinx/2025.1/Vitis/bin\",\n      \"RDI_CHECK_PROG\": \"True\",\n      \"RDI_DATADIR\": \"C:/Xilinx/2025.1/Vitis/data\",\n      \"RDI_INSTALLROOT\": \"C:/Xilinx\",\n      \"RDI_INSTALLVER\": \"Vitis\",\n      \"RDI_INSTALLVERSION\": \"2025.1\",\n      \"RDI_NO_JRE\": \"1\",\n      \"RDI_OPT_EXT\": \".o\",\n      \"RDI_OS_ARCH\": \"64\",\n      \"RDI_PROG\": \"buildinfo.exe\",\n      \"RDI_SESSION_INFO\": \"C:\\\\Xilinx\\\\2025.1\\\\Vitis\\\\bin:DESKTOP-FV88VMA-Wed18-03-2026_16-10-10.25\",\n      \"RDI_SHARED_DATA\": \"C:/Xilinx/SharedData/Vitis/data\",\n      \"RDI_TEMPINSTALL\": \"C:\\\\Xilinx\\\\2025.1\",\n      \"RDI_USE_JDK11\": \"1\",\n      \"SESSIONNAME\": \"Console\",\n      \"session_string\": \"C:\\\\Xilinx\\\\2025.1\\\\Vitis\\\\bin:DESKTOP-FV88VMA-Wed18-03-2026_16-10-11.10\",\n      \"supports_classic_ide\": \"true\",\n      \"SystemDrive\": \"C:\",\n      \"SystemRoot\": \"C:\\\\WINDOWS\",\n      \"TEMP\": \"C:\\\\Users\\\\dkhar\\\\AppData\\\\Local\\\\Temp\",\n      \"THEIA_APP_PROJECT_PATH\": \"C:\\\\Xilinx\\\\2025.1\\\\Vitis\\\\ide\\\\electron-app\\\\win64\\\\resources\\\\app\",\n      \"THEIA_CONFIG_DIR\": \"C:\\\\Users\\\\dkhar\\\\.theia\",\n      \"THEIA_DEFAULT_PLUGINS\": \"local-dir:C:\\\\Xilinx\\\\2025.1\\\\Vitis\\\\ide\\\\electron-app\\\\win64\\\\resources\\\\app\\\\plugins\",\n      \"THEIA_ELECTRON_TOKEN\": \"{\\\"value\\\":\\\"e6020680-bba7-4daa-89e6-2ba278ab3311\\\"}\",\n      \"THEIA_ELECTRON_VERSION\": \"30.1.2\",\n      \"THEIA_PLUGINS\": \"local-dir:C:\\\\Users\\\\dkhar\\\\.theia\\\\plugins\",\n      \"TMP\": \"C:\\\\Users\\\\dkhar\\\\AppData\\\\Local\\\\Temp\",\n      \"tooldir\": \"tps\\\\win64\\\\git-2.46.0\",\n      \"TOOLS_CLANGD\": \"C:/Xilinx/2025.1/Vitis/win64/tools/vcxx\\\\libexec\",\n      \"TPS_CMAKE\": \"C:/Xilinx/2025.1/Vivado\\\\tps\\\\win64\\\\cmake-3.24.2\",\n      \"TPS_GIT\": \"C:/Xilinx/2025.1/Vivado\\\\tps\\\\win64\\\\git-2.46.0\",\n      \"TPS_LIBXSLT\": \"C:/Xilinx/2025.1/Vivado\\\\tps\\\\win64\\\\libxslt\",\n      \"TPS_PYTHON\": \"C:/Xilinx/2025.1/Vivado\\\\tps\\\\win64\\\\python-3.13.0\",\n      \"USERDOMAIN\": \"DESKTOP-FV88VMA\",\n      \"USERDOMAIN_ROAMINGPROFILE\": \"DESKTOP-FV88VMA\",\n      \"USERNAME\": \"dkhar\",\n      \"USERPROFILE\": \"C:\\\\Users\\\\dkhar\",\n      \"VALIDATE_ARGS\": \"\\\"False\\\"\",\n      \"VITISNEW\": \"true\",\n      \"VSCODE_API_VERSION\": \"1.95.3\",\n      \"windir\": \"C:\\\\WINDOWS\",\n      \"XILINX_HLS\": \"C:/Xilinx/2025.1/Vitis\",\n      \"XILINX_VCXX\": \"C:/Xilinx/2025.1/Vitis/win64/tools/vcxx\",\n      \"XILINX_VERSION_DEFAULT\": \"2025.1\",\n      \"XILINX_VERSION_VITIS\": \"2025.1\",\n      \"XILINX_VITIS\": \"C:/Xilinx/2025.1/Vitis\",\n      \"XILINX_VITIS_GIT\": \"C:/Xilinx/2025.1/Vivado\\\\tps\\\\win64\\\\git-2.46.0\\\\bin\",\n      \"XILINX_VITIS_VERSION\": \"Vitis v2025.1 (64-bit)\",\n      \"XILINX_VIVADO\": \"C:/Xilinx/2025.1/Vivado\",\n      \"XIL_NO_OVERRIDE\": \"0\",\n      \"XIL_SUPPRESS_OVERRIDE_WARNINGS\": \"1\",\n      \"ZES_ENABLE_SYSMAN\": \"1\",\n      \"_RDI_DONT_SET_XILINX_AS_PATH\": \"True\",\n      \"_RDI_SETENV_RUN\": \"true\"\n    }\n  }\n}"}
2026-03-18 16:19:10 [debug] : Created new task, id: 0, process id: 1554123073, OS PID: 22236, context: file:///c%3A/Users/dkhar/OneDrive/Documents/lab2.theia-workspace 
2026-03-18 16:19:10 [debug] : task created: {"0":{"taskId":0,"ctx":"file:///c%3A/Users/dkhar/OneDrive/Documents/lab2.theia-workspace","config":{"type":"shell","label":"XSDB Console","_scope":2,"problemMatcher":[],"presentation":{"echo":true,"reveal":"silent","focus":true,"panel":"dedicated","showReuseMessage":false,"clear":false,"close":false},"options":{"cwd":"C:\\Users\\dkhar\\.Xilinx\\Vitis\\2025.1\\.vitis"},"args":["/C","C:/Xilinx/2025.1/Vitis\\bin\\xsdb.bat","-n","-interactive","C:\\Users\\dkhar\\.Xilinx\\Vitis\\2025.1\\.vitis\\temp_xsct_launch_script.tcl"],"command":"cmd"},"terminalId":1554123073,"processId":1554123073,"command":"cmd /C C:/Xilinx/2025.1/Vitis\\bin\\xsdb.bat -n -interactive C:\\Users\\dkhar\\.Xilinx\\Vitis\\2025.1\\.vitis\\temp_xsct_launch_script.tcl"}}
2026-03-18 16:19:10 [debug] : getTasks(): about to return task information for 1 tasks 
2026-03-18 16:19:10 [debug] : getTasks(): about to return task information for 1 tasks 
2026-03-18 16:19:11 [debug] : Task created. Task id: 0 
2026-03-18 16:19:11 [debug] : getTasks(): about to return task information for 1 tasks 
2026-03-18 16:19:11 [debug] : release lock 2 
2026-03-18 16:19:16 [debug] : [Debugger Server] In 'setXsdbServerAddress' with connection:[object Object] request:{"value":"XSDB Server URL: TCP:localhost:62913\r\nxsdb% "} 
2026-03-18 16:19:16 [debug] : >>>>rigel server service call with : {"0":"XSDB Server URL: TCP:localhost:62913\r\nxsdb% "}
2026-03-18 16:19:16 [debug] : RIGEL SERVER 16:19:16 INFO  : XSDB server has started successfully from frontend. 
2026-03-18 16:19:16 [debug] : RIGEL SERVER 16:19:16 INFO  : It has taken  6secs. 
2026-03-18 16:19:16 [debug] : Received event from notification service: ON_BAREMETAL_DEBUG_PROGRESS. 
2026-03-18 16:19:17 [debug] : RIGEL SERVER 16:19:17 INFO  : Connection to XSDB Server established. 
2026-03-18 16:19:17 [debug] : RIGEL SERVER 16:19:17 INFO  : It has taken  1secs. 
2026-03-18 16:19:17 [debug] : Received event from notification service: ON_BAREMETAL_DEBUG_PROGRESS. 
2026-03-18 16:19:20 [debug] : RIGEL SERVER 16:19:20 INFO  : connect -url tcp:127.0.0.1:3121 
2026-03-18 16:19:20 [debug] : RIGEL SERVER 16:19:20 INFO  : Done 
2026-03-18 16:19:20 [debug] : Received event from notification service: ON_BAREMETAL_DEBUG_PROGRESS. 
2026-03-18 16:19:46 [debug] : Received event from notification service: ON_BAREMETAL_DEBUG_PROGRESS. 
2026-03-18 16:19:46 [debug] : RIGEL SERVER 16:19:46 INFO  : bpremove -all 
2026-03-18 16:19:46 [debug] : Received event from notification service: ON_BAREMETAL_DEBUG_PROGRESS. 
2026-03-18 16:19:46 [debug] : RIGEL SERVER 16:19:46 INFO  : source C:/Xilinx/2025.1/Vitis/scripts/vitis/util/zynqmp_utils.tcl 
2026-03-18 16:19:46 [debug] : Received event from notification service: ON_BAREMETAL_DEBUG_PROGRESS. 
2026-03-18 16:19:48 [debug] : RIGEL SERVER 16:19:48 INFO  : Context for 'APU' is selected. 
2026-03-18 16:19:48 [debug] : RIGEL SERVER 16:19:48 INFO  : System reset is completed. 
2026-03-18 16:19:51 [debug] : RIGEL SERVER 16:19:51 INFO  : 'after 3000' command is executed. 
2026-03-18 16:19:51 [debug] : Received event from notification service: ON_BAREMETAL_DEBUG_PROGRESS. 
2026-03-18 16:19:51 [debug] : RIGEL SERVER 16:19:51 INFO  : 'targets -set -filter {jtag_cable_name =~ "Xilinx X-MLCC-01 XFL12WIJITMUA" && level==0 && jtag_device_ctx=="jsn-X-MLCC-01-XFL12WIJITMUA-04724093-0"}' command is executed. 
2026-03-18 16:19:56 [debug] : RIGEL SERVER 16:19:56 INFO  : Device configured successfully with "C:/Users/dkhar/OneDrive/Documents/GitHub/ee4218/lab_2/_ide/bitstream/lab2.bit" 
2026-03-18 16:19:56 [debug] : Received event from notification service: ON_BAREMETAL_DEBUG_PROGRESS. 
2026-03-18 16:19:56 [debug] : RIGEL SERVER 16:19:56 INFO  : targets -set -nocase -filter {name =~"PSU*" && jtag_cable_name =~ "Xilinx X-MLCC-01 XFL12WIJITMUA" && jtag_device_ctx=="jsn-X-MLCC-01-XFL12WIJITMUA-5ba00477-0"} 
2026-03-18 16:19:56 [debug] : RIGEL SERVER 16:19:56 INFO  : catch {disable_pmu_gate} 
2026-03-18 16:19:56 [debug] : RIGEL SERVER 16:19:56 INFO  : targets -set -nocase -filter {name =~"APU*" && jtag_cable_name =~ "Xilinx X-MLCC-01 XFL12WIJITMUA" && jtag_device_ctx=="jsn-X-MLCC-01-XFL12WIJITMUA-5ba00477-0"} 
2026-03-18 16:19:56 [debug] : Received event from notification service: ON_BAREMETAL_DEBUG_PROGRESS. 
2026-03-18 16:19:56 [debug] : Received event from notification service: ON_BAREMETAL_DEBUG_PROGRESS. 
2026-03-18 16:19:58 [debug] : RIGEL SERVER 16:19:58 INFO  : loadhw -hw C:/Users/dkhar/OneDrive/Documents/GitHub/ee4218/platform/export/platform/hw/lab2.xsa -mem-ranges [list {0x80000000 0xbfffffff} {0x400000000 0x5ffffffff} {0x1000000000 0x7fffffffff}] 
2026-03-18 16:19:58 [debug] : RIGEL SERVER 16:19:58 INFO  : configparams force-mem-access 1 
2026-03-18 16:19:58 [debug] : RIGEL SERVER 16:19:58 INFO  : targets -set -nocase -filter {name =~"APU*" && jtag_cable_name =~ "Xilinx X-MLCC-01 XFL12WIJITMUA" && jtag_device_ctx=="jsn-X-MLCC-01-XFL12WIJITMUA-5ba00477-0"} 
2026-03-18 16:19:58 [debug] : RIGEL SERVER 16:19:58 INFO  : source C:/Xilinx/2025.1/Vitis/vitis-server/scripts/jtag_reg.tcl 
2026-03-18 16:19:59 [debug] : RIGEL SERVER 16:19:59 INFO  : Boot mode is read from the target. 
2026-03-18 16:19:59 [debug] : RIGEL SERVER 16:19:59 INFO  : targets -set -nocase -filter {name =~ "*A53*#0"} 
2026-03-18 16:19:59 [debug] : RIGEL SERVER 16:19:59 INFO  : rst -processor 
2026-03-18 16:19:59 [debug] : Received event from notification service: ON_BAREMETAL_DEBUG_PROGRESS. 
2026-03-18 16:20:00 [debug] : RIGEL SERVER 16:20:00 INFO  : dow C:/Users/dkhar/OneDrive/Documents/GitHub/ee4218/platform/export/platform/sw/boot/fsbl.elf 
2026-03-18 16:20:01 [debug] : RIGEL SERVER 16:20:01 INFO  : set bp_20_0_fsbl_bp [bpadd -addr &XFsbl_Exit] 
2026-03-18 16:20:01 [debug] : Received event from notification service: ON_BAREMETAL_DEBUG_PROGRESS. 
2026-03-18 16:20:02 [debug] : RIGEL SERVER 16:20:02 INFO  : con -block -timeout 60 
2026-03-18 16:20:02 [debug] : RIGEL SERVER 16:20:02 INFO  : bpremove $bp_20_0_fsbl_bp 
2026-03-18 16:20:02 [debug] : RIGEL SERVER 16:20:02 INFO  : targets -set -nocase -filter {name =~ "*A53*#0" && jtag_cable_name =~ "Xilinx X-MLCC-01 XFL12WIJITMUA" && jtag_device_ctx=="jsn-X-MLCC-01-XFL12WIJITMUA-5ba00477-0"} 
2026-03-18 16:20:02 [debug] : RIGEL SERVER 16:20:02 INFO  : rst -processor 
2026-03-18 16:20:02 [debug] : Received event from notification service: ON_BAREMETAL_DEBUG_PROGRESS. 
2026-03-18 16:20:03 [debug] : RIGEL SERVER 16:20:03 INFO  : dow C:/Users/dkhar/OneDrive/Documents/GitHub/ee4218/lab_2/build/lab_2.elf 
2026-03-18 16:20:03 [debug] : RIGEL SERVER 16:20:03 INFO  : con 
2026-03-18 16:20:03 [debug] : RIGEL SERVER 16:20:03 INFO  : configparams force-mem-access 0 
2026-03-18 16:20:03 [debug] : Received event from notification service: ON_BAREMETAL_DEBUG_PROGRESS. 
2026-03-18 16:20:04 [debug] : [Debug Manager] Configuration: xuartps_hello_world_example_app_hw_1 [xuartps_hello_world_example] 
2026-03-18 16:20:04 [debug] : [Debug Manager] Configuration: lab_2_app_hw_1 [lab_2] 
2026-03-18 16:20:04 [debug] : [Debugger Server] In 'List target connections' with connection:[object Object] request:{"wrappers_":null,"arrayIndexOffset_":-1,"array":[],"pivot_":1.7976931348623157e+308,"convertedPrimitiveFields_":{}} 
2026-03-18 16:20:04 [debug] : [Debugger Server] In 'Test target connection' with connection:[object Object] request:{"wrappers_":{"10":[],"11":[]},"arrayIndexOffset_":-1,"array":["Local","127.0.0.1","3121",null,1,true,null,null,null,[],[]],"pivot_":1.7976931348623157e+308,"convertedPrimitiveFields_":{}} 
2026-03-18 16:20:04 [debug] : RIGEL SERVER 16:20:04 INFO  : Testing the connection for 127.0.0.1 
2026-03-18 16:20:04 [info] : [Debug Manager] Successfully verified the target connection used  Local 
2026-03-18 16:20:04 [debug] : [Debug Manager] Validating the launch configuration  'lab_2_app_hw_1 [lab_2]'. 
2026-03-18 16:20:04 [debug] : [Debug Manager] Updated the launch configuration 'lab_2_app_hw_1 [lab_2]' to override the 'ENABLE_KERNEL_DEBUG' to false in 'run' mode. 
2026-03-18 16:20:04 [info] : [Debug Manager] Starting launch in 'run' mode using configuration: {"type":"tcf-debug","request":"launch","name":"lab_2_app_hw_1","debugType":"baremetal-zu","attachToRunningTargetOptions":{"targetSetupMode":"standalone","executeScript":true,"scriptPath":""},"autoAttachProcessChildren":false,"target":{"targetConnectionId":"Local","peersIniPath":"../../_ide/.peers.ini","context":"ZUPlus"},"pathMap":[],"targetSetup":{"resetSystem":true,"programDevice":true,"partialBitstream":false,"skipRevisionCheck":false,"device":{"plDevice":"Auto Detect","psDevice":"Auto Detect"},"enableRPUSplitMode":false,"resetAPU":false,"resetRPU":false,"bitstreamFile":"${workspaceFolder}\\lab_2\\_ide\\bitstream\\lab2.bit","zuInitialization":{"isFsbl":true,"usingFSBL":{"initWithFSBL":true,"fsblFile":"${workspaceFolder}\\platform\\export\\platform\\sw\\boot\\fsbl.elf","fsblExitSymbol":"XFsbl_Exit"},"usingPsuInit":{"runPsuInit":true,"plPowerup":true,"psuInitTclFile":"${workspaceFolder}\\lab_2\\_ide\\psinit\\psu_init.tcl"}},"zuTraceOptions":{"isSelected":false,"scratchAddress":"0x60000","scratchSize":"0x60000","traceOutputPath":""},"downloadElf":[{"core":"psu_cortexa53_0","resetProcessor":true,"elfFile":"${workspaceFolder}\\lab_2\\build\\lab_2.elf","stopAtEntry":false,"isSelfRelocatingApp":false,"relativeAddress":""}],"crossTriggerBreakpoints":{"isSelected":false,"breakpoints":[]}},"internalConsoleOptions":"openOnSessionStart","__configUri":"file:///c%3A/Users/dkhar/OneDrive/Documents/GitHub/ee4218/lab_2/_ide/launch.json"} 
2026-03-18 16:20:04 [debug] : [Debug Manager] Selecting the launch 'lab_2_app_hw_1 [lab_2]' in debug configuration UI 
2026-03-18 16:20:04 [debug] : [hosted-plugin: 19620] PLUGIN_HOST(19620): PluginManagerExtImpl/loadPlugin(C:\Xilinx\2025.1\Vitis\ide\electron-app\win64\resources\app\plugins\tcf-debug-0.0.1\extension\dist\extension.js) 
2026-03-18 16:20:04 [debug] : [hosted-plugin: 19620] Debug configuration provider has been registered: tcf-debug, trigger: 1 
2026-03-18 16:20:04 [debug] : [hosted-plugin: 19620] false 
2026-03-18 16:20:04 [debug] : [hosted-plugin: 19620] false
calling activation function on TCF Debug Adapter 
2026-03-18 16:20:05 [debug] : [hosted-plugin: 19620] Creating local connection: d3161d9a-d8e7-476b-a4ec-ff492f116c49 
2026-03-18 16:20:05 [debug] : Creating plugin connection: d3161d9a-d8e7-476b-a4ec-ff492f116c49 
2026-03-18 16:20:05 [debug] : [hosted-plugin: 19620] [TCF-Adapter] [d3161d9a-d8e7-476b-a4ec-ff492f116c49] startDebugAdapter 
2026-03-18 16:20:05 [debug] : [hosted-plugin: 19620] starting debug adapter session 'd3161d9a-d8e7-476b-a4ec-ff492f116c49' 
2026-03-18 16:20:05 [debug] : Creating local connection: d3161d9a-d8e7-476b-a4ec-ff492f116c49 
2026-03-18 16:20:05 [debug] : [Debug Manager] Received pre launch event on configuration:lab_2_app_hw_1 [lab_2] 
2026-03-18 16:20:05 [debug] : [Debug Manager] Event{"type":"tcf-debug","request":"launch","name":"lab_2_app_hw_1","debugType":"baremetal-zu","attachToRunningTargetOptions":{"targetSetupMode":"standalone","executeScript":true,"scriptPath":""},"autoAttachProcessChildren":false,"target":{"targetConnectionId":"Local","peersIniPath":"../../_ide/.peers.ini","context":"ZUPlus"},"pathMap":[],"targetSetup":{"resetSystem":true,"programDevice":true,"partialBitstream":false,"skipRevisionCheck":false,"device":{"plDevice":"Auto Detect","psDevice":"Auto Detect"},"enableRPUSplitMode":false,"resetAPU":false,"resetRPU":false,"bitstreamFile":"c:\\Users\\dkhar\\OneDrive\\Documents\\GitHub\\ee4218\\lab_2\\_ide\\bitstream\\lab2.bit","zuInitialization":{"isFsbl":true,"usingFSBL":{"initWithFSBL":true,"fsblFile":"c:\\Users\\dkhar\\OneDrive\\Documents\\GitHub\\ee4218\\platform\\export\\platform\\sw\\boot\\fsbl.elf","fsblExitSymbol":"XFsbl_Exit"},"usingPsuInit":{"runPsuInit":true,"plPowerup":true,"psuInitTclFile":"c:\\Users\\dkhar\\OneDrive\\Documents\\GitHub\\ee4218\\lab_2\\_ide\\psinit\\psu_init.tcl"}},"zuTraceOptions":{"isSelected":false,"scratchAddress":"0x60000","scratchSize":"0x60000","traceOutputPath":""},"downloadElf":[{"core":"psu_cortexa53_0","resetProcessor":true,"elfFile":"c:\\Users\\dkhar\\OneDrive\\Documents\\GitHub\\ee4218\\lab_2\\build\\lab_2.elf","stopAtEntry":false,"isSelfRelocatingApp":false,"relativeAddress":""}],"crossTriggerBreakpoints":{"isSelected":false,"breakpoints":[]}},"internalConsoleOptions":"openOnSessionStart","__configUri":"file:///c%3A/Users/dkhar/OneDrive/Documents/GitHub/ee4218/lab_2/_ide/launch.json","env":{},"noDebug":true} 
2026-03-18 16:20:05 [debug] : [Debug Manager] Validating the launch configuration  'lab_2_app_hw_1 [lab_2]'. 
2026-03-18 16:20:05 [info] : [Debug Manager] Disabling breakpoints in the tool to enable run mode for 'lab_2_app_hw_1 [lab_2]'. 
2026-03-18 16:20:05 [debug] : [Debug Manager] Started debug session: lab_2_app_hw_1 [lab_2] 
2026-03-18 16:20:05 [debug] : [hosted-plugin: 19620] Creating plugin connection: d3161d9a-d8e7-476b-a4ec-ff492f116c49 
2026-03-18 16:20:05 [debug] : [hosted-plugin: 19620] [TCF-Adapter]   [d3161d9a-d8e7-476b-a4ec-ff492f116c49] <=== {
  "seq": 1,
  "type": "request",
  "command": "initialize",
  "arguments": {
    "clientID": "Theia",
    "clientName": "Theia IDE",
    "adapterID": "tcf-debug",
    "locale": "en-US",
    "linesStartAt1": true,
    "columnsStartAt1": true,
    "pathFormat": "path",
    "supportsVariableType": false,
    "supportsVariablePaging": false,
    "supportsRunInTerminalRequest": true
  }
} 
2026-03-18 16:20:05 [debug] : [hosted-plugin: 19620] [TCF-Adapter]   [d3161d9a-d8e7-476b-a4ec-ff492f116c49] <=== {
  "seq": 2,
  "type": "request",
  "command": "launch",
  "arguments": {
    "type": "tcf-debug",
    "request": "launch",
    "name": "lab_2_app_hw_1",
    "debugType": "baremetal-zu",
    "attachToRunningTargetOptions": {
      "targetSetupMode": "standalone",
      "executeScript": true,
      "scriptPath": ""
    },
    "autoAttachProcessChildren": false,
    "target": {
      "targetConnectionId": "Local",
      "peersIniPath": "../../_ide/.peers.ini",
      "context": "ZUPlus"
    },
    "pathMap": [],
    "targetSetup": {
      "resetSystem": true,
      "programDevice": true,
      "partialBitstream": false,
      "skipRevisionCheck": false,
      "device": {
        "plDevice": "Auto Detect",
        "psDevice": "Auto Detect"
      },
      "enableRPUSplitMode": false,
      "resetAPU": false,
      "resetRPU": false,
      "bitstreamFile": "c:\\Users\\dkhar\\OneDrive\\Documents\\GitHub\\ee4218\\lab_2\\_ide\\bitstream\\lab2.bit",
      "zuInitialization": {
        "isFsbl": true,
        "usingFSBL": {
          "initWithFSBL": true,
          "fsblFile": "c:\\Users\\dkhar\\OneDrive\\Documents\\GitHub\\ee4218\\platform\\export\\platform\\sw\\boot\\fsbl.elf",
          "fsblExitSymbol": "XFsbl_Exit"
        },
        "usingPsuInit": {
          "runPsuInit": true,
          "plPowerup": true,
          "psuInitTclFile": "c:\\Users\\dkhar\\OneDrive\\Documents\\GitHub\\ee4218\\lab_2\\_ide\\psinit\\psu_init.tcl"
        }
      },
      "zuTraceOptions": {
        "isSelected": false,
        "scratchAddress": "0x60000",
        "scratchSize": "0x60000",
        "traceOutputPath": ""
      },
      "downloadElf": [
        {
          "core": "psu_cortexa53_0",
          "resetProcessor": true,
          "elfFile": "c:\\Users\\dkhar\\OneDrive\\Documents\\GitHub\\ee4218\\lab_2\\build\\lab_2.elf",
          "stopAtEntry": false,
          "isSelfRelocatingApp": false,
          "relativeAddress": ""
        }
      ],
      "crossTriggerBreakpoints": {
        "isSelected": false,
        "breakpoints": []
      }
    },
    "internalConsoleOptions": "openOnSessionStart",
    "__configUri": "file:///c%3A/Users/dkhar/OneDrive/Documents/GitHub/ee4218/lab_2/_ide/launch.json",
    "env": {},
    "noDebug": true
  }
} 
2026-03-18 16:20:05 [debug] : [hosted-plugin: 19620] There is no document for debugconsole:/ 
2026-03-18 16:20:06 [debug] : [hosted-plugin: 19620] [TCF-Adapter]   [d3161d9a-d8e7-476b-a4ec-ff492f116c49] ===> {
  "type": "response",
  "seq": 1,
  "request_seq": 1,
  "command": "initialize",
  "success": true,
  "body": {
    "supportsFunctionBreakpoints": true,
    "supportsConditionalBreakpoints": true,
    "supportsHitConditionalBreakpoints": true,
    "supportsEvaluateForHovers": true,
    "supportsSetVariable": true,
    "supportsSetExpression": true,
    "supportsTerminateRequest": true,
    "supportsDataBreakpoints": true,
    "supportsDisassembleRequest": true,
    "supportsInstructionBreakpoints": true
  }
} 
2026-03-18 16:20:06 [debug] : [hosted-plugin: 19620] [TCF-Adapter]   [d3161d9a-d8e7-476b-a4ec-ff492f116c49] ===> {
  "type": "event",
  "seq": 2,
  "event": "initialized"
} 
2026-03-18 16:20:06 [debug] : [hosted-plugin: 19620] [TCF-Adapter]   [d3161d9a-d8e7-476b-a4ec-ff492f116c49] <=== {
  "seq": 3,
  "type": "request",
  "command": "setFunctionBreakpoints",
  "arguments": {
    "breakpoints": []
  }
} 
2026-03-18 16:20:06 [debug] : [hosted-plugin: 19620] [TCF-Adapter]   [d3161d9a-d8e7-476b-a4ec-ff492f116c49] ===> {
  "type": "response",
  "seq": 3,
  "request_seq": 2,
  "command": "launch",
  "success": true
} 
2026-03-18 16:20:06 [debug] : [hosted-plugin: 19620] [TCF-Adapter]   [d3161d9a-d8e7-476b-a4ec-ff492f116c49] ===> {
  "type": "response",
  "seq": 4,
  "request_seq": 3,
  "command": "setFunctionBreakpoints",
  "success": true,
  "body": {}
} 
2026-03-18 16:20:06 [debug] : Event posted using notification server in backend. {"0":{"wrappers_":{},"arrayIndexOffset_":-1,"array":["7df62256-7b60-4981-aec0-e277e2161581",null,26,null,null,null,null,"{\"type\":\"tcf-debug\",\"request\":\"launch\",\"name\":\"lab_2_app_hw_1\",\"debugType\":\"baremetal-zu\",\"attachToRunningTargetOptions\":{\"targetSetupMode\":\"standalone\",\"executeScript\":true,\"scriptPath\":\"\"},\"autoAttachProcessChildren\":false,\"target\":{\"targetConnectionId\":\"Local\",\"peersIniPath\":\"../../_ide/.peers.ini\",\"context\":\"ZUPlus\"},\"pathMap\":[],\"targetSetup\":{\"resetSystem\":true,\"programDevice\":true,\"partialBitstream\":false,\"skipRevisionCheck\":false,\"device\":{\"plDevice\":\"Auto Detect\",\"psDevice\":\"Auto Detect\"},\"enableRPUSplitMode\":false,\"resetAPU\":false,\"resetRPU\":false,\"bitstreamFile\":\"c:\\\\Users\\\\dkhar\\\\OneDrive\\\\Documents\\\\GitHub\\\\ee4218\\\\lab_2\\\\_ide\\\\bitstream\\\\lab2.bit\",\"zuInitialization\":{\"isFsbl\":true,\"usingFSBL\":{\"initWithFSBL\":true,\"fsblFile\":\"c:\\\\Users\\\\dkhar\\\\OneDrive\\\\Documents\\\\GitHub\\\\ee4218\\\\platform\\\\export\\\\platform\\\\sw\\\\boot\\\\fsbl.elf\",\"fsblExitSymbol\":\"XFsbl_Exit\"},\"usingPsuInit\":{\"runPsuInit\":true,\"plPowerup\":true,\"psuInitTclFile\":\"c:\\\\Users\\\\dkhar\\\\OneDrive\\\\Documents\\\\GitHub\\\\ee4218\\\\lab_2\\\\_ide\\\\psinit\\\\psu_init.tcl\"}},\"zuTraceOptions\":{\"isSelected\":false,\"scratchAddress\":\"0x60000\",\"scratchSize\":\"0x60000\",\"traceOutputPath\":\"\"},\"downloadElf\":[{\"core\":\"psu_cortexa53_0\",\"resetProcessor\":true,\"elfFile\":\"c:\\\\Users\\\\dkhar\\\\OneDrive\\\\Documents\\\\GitHub\\\\ee4218\\\\lab_2\\\\build\\\\lab_2.elf\",\"stopAtEntry\":false,\"isSelfRelocatingApp\":false,\"relativeAddress\":\"\"}],\"crossTriggerBreakpoints\":{\"isSelected\":false,\"breakpoints\":[]}},\"internalConsoleOptions\":\"openOnSessionStart\",\"__configUri\":\"file:///c%3A/Users/dkhar/OneDrive/Documents/GitHub/ee4218/lab_2/_ide/launch.json\",\"env\":{},\"noDebug\":true}"],"pivot_":1.7976931348623157e+308,"convertedPrimitiveFields_":{}}}
2026-03-18 16:20:06 [info] : [Debug Manager] Launch session has started on the configuration 'lab_2_app_hw_1 [lab_2]' 
2026-03-18 16:20:06 [debug] : [Debug Manager] Start event received for launch configuration JSON: {"type":"tcf-debug","request":"launch","name":"lab_2_app_hw_1","debugType":"baremetal-zu","attachToRunningTargetOptions":{"targetSetupMode":"standalone","executeScript":true,"scriptPath":""},"autoAttachProcessChildren":false,"target":{"targetConnectionId":"Local","peersIniPath":"../../_ide/.peers.ini","context":"ZUPlus"},"pathMap":[],"targetSetup":{"resetSystem":true,"programDevice":true,"partialBitstream":false,"skipRevisionCheck":false,"device":{"plDevice":"Auto Detect","psDevice":"Auto Detect"},"enableRPUSplitMode":false,"resetAPU":false,"resetRPU":false,"bitstreamFile":"c:\\Users\\dkhar\\OneDrive\\Documents\\GitHub\\ee4218\\lab_2\\_ide\\bitstream\\lab2.bit","zuInitialization":{"isFsbl":true,"usingFSBL":{"initWithFSBL":true,"fsblFile":"c:\\Users\\dkhar\\OneDrive\\Documents\\GitHub\\ee4218\\platform\\export\\platform\\sw\\boot\\fsbl.elf","fsblExitSymbol":"XFsbl_Exit"},"usingPsuInit":{"runPsuInit":true,"plPowerup":true,"psuInitTclFile":"c:\\Users\\dkhar\\OneDrive\\Documents\\GitHub\\ee4218\\lab_2\\_ide\\psinit\\psu_init.tcl"}},"zuTraceOptions":{"isSelected":false,"scratchAddress":"0x60000","scratchSize":"0x60000","traceOutputPath":""},"downloadElf":[{"core":"psu_cortexa53_0","resetProcessor":true,"elfFile":"c:\\Users\\dkhar\\OneDrive\\Documents\\GitHub\\ee4218\\lab_2\\build\\lab_2.elf","stopAtEntry":false,"isSelfRelocatingApp":false,"relativeAddress":""}],"crossTriggerBreakpoints":{"isSelected":false,"breakpoints":[]}},"internalConsoleOptions":"openOnSessionStart","__configUri":"file:///c%3A/Users/dkhar/OneDrive/Documents/GitHub/ee4218/lab_2/_ide/launch.json","env":{},"noDebug":true} 
2026-03-18 16:20:06 [debug] : Error setting breakpoints: Cannot read properties of undefined (reading 'forEach') 
2026-03-18 16:20:06 [debug] : [Debug Manager] Launch event posted to server using notification service - ON_DID_EDGE_HOST_LAUNCH_START 
2026-03-18 16:20:06 [debug] : Received event from notification service: ON_DID_EDGE_HOST_LAUNCH_START. 
2026-03-18 16:20:06 [debug] : [hosted-plugin: 19620] [TCF-Adapter]   [d3161d9a-d8e7-476b-a4ec-ff492f116c49] <=== {
  "seq": 4,
  "type": "request",
  "command": "setExceptionBreakpoints",
  "arguments": {
    "filters": []
  }
} 
2026-03-18 16:20:06 [debug] : [hosted-plugin: 19620] [TCF-Adapter]   [d3161d9a-d8e7-476b-a4ec-ff492f116c49] ===> {
  "type": "response",
  "seq": 5,
  "request_seq": 4,
  "command": "setExceptionBreakpoints",
  "success": true,
  "body": {
    "breakpoints": []
  }
} 
2026-03-18 16:20:06 [debug] : [hosted-plugin: 19620] [TCF-Adapter]   [d3161d9a-d8e7-476b-a4ec-ff492f116c49] <=== {
  "seq": 5,
  "type": "request",
  "command": "setInstructionBreakpoints",
  "arguments": {
    "breakpoints": []
  }
} 
2026-03-18 16:20:06 [debug] : [hosted-plugin: 19620] [TCF-Adapter]   [d3161d9a-d8e7-476b-a4ec-ff492f116c49] ===> {
  "type": "response",
  "seq": 6,
  "request_seq": 5,
  "command": "setInstructionBreakpoints",
  "success": true,
  "body": {
    "breakpoints": []
  }
} 
2026-03-18 16:20:06 [debug] : [hosted-plugin: 19620] [TCF-Adapter]   [d3161d9a-d8e7-476b-a4ec-ff492f116c49] <=== {
  "seq": 6,
  "type": "request",
  "command": "threads",
  "arguments": {}
} 
2026-03-18 16:20:06 [debug] : [hosted-plugin: 19620] [TCF-Adapter]   [d3161d9a-d8e7-476b-a4ec-ff492f116c49] ===> {
  "type": "response",
  "seq": 7,
  "request_seq": 6,
  "command": "threads",
  "success": true,
  "body": {
    "threads": [
      {
        "isContainer": true,
        "canRunProfiling": false,
        "id": 100,
        "name": "PS TAP"
      },
      {
        "isContainer": true,
        "canRunProfiling": false,
        "id": 101,
        "name": "PSU"
      },
      {
        "isContainer": true,
        "canRunProfiling": false,
        "id": 102,
        "name": "PS TAP/PMU"
      },
      {
        "isContainer": true,
        "canRunProfiling": false,
        "id": 103,
        "name": "PS TAP/PL"
      },
      {
        "isContainer": true,
        "canRunProfiling": false,
        "id": 104,
        "name": "PSU/RPU  (Reset)"
      },
      {
        "isContainer": true,
        "canRunProfiling": false,
        "id": 105,
        "name": "PSU/APU"
      },
      {
        "isContainer": false,
        "canRunProfiling": true,
        "id": 106,
        "name": "PS TAP/PMU/MicroBlaze PMU"
      },
      {
        "isContainer": false,
        "canRunProfiling": true,
        "id": 107,
        "name": "PSU/RPU/Cortex-R5 #0"
      },
      {
        "isContainer": false,
        "canRunProfiling": true,
        "id": 108,
        "name": "PSU/RPU/Cortex-R5 #1"
      },
      {
        "isContainer": false,
        "canRunProfiling": true,
        "id": 109,
        "name": "PSU/APU/Cortex-A53 #0"
      },
      {
        "isContainer": false,
        "canRunProfiling": true,
        "id": 110,
        "name": "PSU/APU/Cortex-A53 #1"
      },
      {
        "isContainer": false,
        "canRunProfiling": true,
        "id": 111,
        "name": "PSU/APU/Cortex-A53 #2"
      },
      {
        "isContainer": false,
        "canRunProfiling": true,
        "id": 112,
        "name": "PSU/APU/Cortex-A53 #3"
      }
    ]
  }
} 
2026-03-18 16:20:06 [debug] : [hosted-plugin: 19620] [TCF-Adapter]   [d3161d9a-d8e7-476b-a4ec-ff492f116c49] <=== {
  "seq": 7,
  "type": "request",
  "command": "stackTrace",
  "arguments": {
    "startFrame": 0,
    "levels": 20,
    "threadId": 100
  }
} 
2026-03-18 16:20:06 [debug] : [hosted-plugin: 19620] [TCF-Adapter]   [d3161d9a-d8e7-476b-a4ec-ff492f116c49] ===> {
  "type": "response",
  "seq": 8,
  "request_seq": 7,
  "command": "stackTrace",
  "success": true,
  "body": {
    "stackFrames": [
      {
        "id": 0,
        "name": "No Stack for Thread 100",
        "line": 0,
        "column": 0,
        "presentationHint": "label"
      }
    ],
    "totalFrames": 1
  }
} 
2026-03-18 16:20:07 [debug] : [hosted-plugin: 19620] [TCF-Adapter]   [d3161d9a-d8e7-476b-a4ec-ff492f116c49] <=== {
  "seq": 8,
  "type": "request",
  "command": "scopes",
  "arguments": {
    "frameId": 0
  }
} 
2026-03-18 16:20:07 [debug] : [hosted-plugin: 19620] [TCF-Adapter]   [d3161d9a-d8e7-476b-a4ec-ff492f116c49] ===> {
  "type": "response",
  "seq": 9,
  "request_seq": 8,
  "command": "scopes",
  "success": true,
  "body": {
    "scopes": [
      {
        "name": "Locals",
        "presentationHint": "locals",
        "variablesReference": 0,
        "expensive": false
      }
    ]
  }
} 
2026-03-18 16:20:07 [debug] : [hosted-plugin: 19620] [TCF-Adapter]   [d3161d9a-d8e7-476b-a4ec-ff492f116c49] ===> {
  "type": "event",
  "seq": 10,
  "event": "stopped",
  "body": {
    "reason": "Power On Reset",
    "threadId": 112
  }
} 
2026-03-18 16:20:07 [debug] : [hosted-plugin: 19620] [TCF-Adapter]   [d3161d9a-d8e7-476b-a4ec-ff492f116c49] ===> {
  "type": "event",
  "seq": 11,
  "event": "stopped",
  "body": {
    "reason": "Sleeping. No clock",
    "threadId": 106
  }
} 
2026-03-18 16:20:07 [debug] : [hosted-plugin: 19620] [TCF-Adapter]   [d3161d9a-d8e7-476b-a4ec-ff492f116c49] ===> {
  "type": "event",
  "seq": 12,
  "event": "stopped",
  "body": {
    "reason": "RPU Reset",
    "threadId": 107
  }
} 
2026-03-18 16:20:07 [debug] : [hosted-plugin: 19620] [TCF-Adapter]   [d3161d9a-d8e7-476b-a4ec-ff492f116c49] ===> {
  "type": "event",
  "seq": 13,
  "event": "stopped",
  "body": {
    "reason": "RPU Reset",
    "threadId": 108
  }
}
[TCF-Adapter]   [d3161d9a-d8e7-476b-a4ec-ff492f116c49] ===> {
  "type": "event",
  "seq": 14,
  "event": "stopped",
  "body": {
    "reason": "Power On Reset",
    "threadId": 110
  }
} 
2026-03-18 16:20:07 [debug] : [hosted-plugin: 19620] [TCF-Adapter]   [d3161d9a-d8e7-476b-a4ec-ff492f116c49] ===> {
  "type": "event",
  "seq": 15,
  "event": "stopped",
  "body": {
    "reason": "Power On Reset",
    "threadId": 111
  }
} 
2026-03-18 16:20:07 [debug] : [hosted-plugin: 19620] [TCF-Adapter]   [d3161d9a-d8e7-476b-a4ec-ff492f116c49] <=== {
  "seq": 9,
  "type": "request",
  "command": "threads",
  "arguments": {}
} 
2026-03-18 16:20:07 [debug] : [hosted-plugin: 19620] [TCF-Adapter]   [d3161d9a-d8e7-476b-a4ec-ff492f116c49] ===> {
  "type": "response",
  "seq": 16,
  "request_seq": 9,
  "command": "threads",
  "success": true,
  "body": {
    "threads": [
      {
        "isContainer": true,
        "canRunProfiling": false,
        "id": 100,
        "name": "PS TAP"
      },
      {
        "isContainer": true,
        "canRunProfiling": false,
        "id": 101,
        "name": "PSU"
      },
      {
        "isContainer": true,
        "canRunProfiling": false,
        "id": 102,
        "name": "PS TAP/PMU"
      },
      {
        "isContainer": true,
        "canRunProfiling": false,
        "id": 103,
        "name": "PS TAP/PL"
      },
      {
        "isContainer": true,
        "canRunProfiling": false,
        "id": 104,
        "name": "PSU/RPU  (Reset)"
      },
      {
        "isContainer": true,
        "canRunProfiling": false,
        "id": 105,
        "name": "PSU/APU"
      },
      {
        "isContainer": false,
        "canRunProfiling": true,
        "id": 106,
        "name": "PS TAP/PMU/MicroBlaze PMU"
      },
      {
        "isContainer": false,
        "canRunProfiling": true,
        "id": 107,
        "name": "PSU/RPU/Cortex-R5 #0"
      },
      {
        "isContainer": false,
        "canRunProfiling": true,
        "id": 108,
        "name": "PSU/RPU/Cortex-R5 #1"
      },
      {
        "isContainer": false,
        "canRunProfiling": true,
        "id": 109,
        "name": "PSU/APU/Cortex-A53 #0"
      },
      {
        "isContainer": false,
        "canRunProfiling": true,
        "id": 110,
        "name": "PSU/APU/Cortex-A53 #1"
      },
      {
        "isContainer": false,
        "canRunProfiling": true,
        "id": 111,
        "name": "PSU/APU/Cortex-A53 #2"
      },
      {
        "isContainer": false,
        "canRunProfiling": true,
        "id": 112,
        "name": "PSU/APU/Cortex-A53 #3"
      }
    ]
  }
} 
2026-03-18 16:20:07 [debug] : [hosted-plugin: 19620] [TCF-Adapter]   [d3161d9a-d8e7-476b-a4ec-ff492f116c49] <=== {
  "seq": 10,
  "type": "request",
  "command": "stackTrace",
  "arguments": {
    "startFrame": 0,
    "levels": 20,
    "threadId": 112
  }
} 
2026-03-18 16:20:07 [debug] : [hosted-plugin: 19620] [TCF-Adapter]   [d3161d9a-d8e7-476b-a4ec-ff492f116c49] <=== {
  "seq": 11,
  "type": "request",
  "command": "threads",
  "arguments": {}
} 
2026-03-18 16:20:07 [debug] : [hosted-plugin: 19620] [TCF-Adapter]   [d3161d9a-d8e7-476b-a4ec-ff492f116c49] ===> {
  "type": "response",
  "seq": 17,
  "request_seq": 10,
  "command": "stackTrace",
  "success": true,
  "body": {
    "stackFrames": [
      {
        "id": 0,
        "name": "No Stack for Thread 112",
        "line": 0,
        "column": 0,
        "presentationHint": "label"
      }
    ],
    "totalFrames": 1
  }
} 
2026-03-18 16:20:07 [debug] : [hosted-plugin: 19620] [TCF-Adapter]   [d3161d9a-d8e7-476b-a4ec-ff492f116c49] ===> {
  "type": "response",
  "seq": 18,
  "request_seq": 11,
  "command": "threads",
  "success": true,
  "body": {
    "threads": [
      {
        "isContainer": true,
        "canRunProfiling": false,
        "id": 100,
        "name": "PS TAP"
      },
      {
        "isContainer": true,
        "canRunProfiling": false,
        "id": 101,
        "name": "PSU"
      },
      {
        "isContainer": true,
        "canRunProfiling": false,
        "id": 102,
        "name": "PS TAP/PMU"
      },
      {
        "isContainer": true,
        "canRunProfiling": false,
        "id": 103,
        "name": "PS TAP/PL"
      },
      {
        "isContainer": true,
        "canRunProfiling": false,
        "id": 104,
        "name": "PSU/RPU  (Reset)"
      },
      {
        "isContainer": true,
        "canRunProfiling": false,
        "id": 105,
        "name": "PSU/APU"
      },
      {
        "isContainer": false,
        "canRunProfiling": true,
        "id": 106,
        "name": "PS TAP/PMU/MicroBlaze PMU"
      },
      {
        "isContainer": false,
        "canRunProfiling": true,
        "id": 107,
        "name": "PSU/RPU/Cortex-R5 #0"
      },
      {
        "isContainer": false,
        "canRunProfiling": true,
        "id": 108,
        "name": "PSU/RPU/Cortex-R5 #1"
      },
      {
        "isContainer": false,
        "canRunProfiling": true,
        "id": 109,
        "name": "PSU/APU/Cortex-A53 #0"
      },
      {
        "isContainer": false,
        "canRunProfiling": true,
        "id": 110,
        "name": "PSU/APU/Cortex-A53 #1"
      },
      {
        "isContainer": false,
        "canRunProfiling": true,
        "id": 111,
        "name": "PSU/APU/Cortex-A53 #2"
      },
      {
        "isContainer": false,
        "canRunProfiling": true,
        "id": 112,
        "name": "PSU/APU/Cortex-A53 #3"
      }
    ]
  }
} 
2026-03-18 16:20:07 [debug] : [hosted-plugin: 19620] [TCF-Adapter]   [d3161d9a-d8e7-476b-a4ec-ff492f116c49] <=== {
  "seq": 12,
  "type": "request",
  "command": "threads",
  "arguments": {}
} 
2026-03-18 16:20:07 [debug] : [hosted-plugin: 19620] [TCF-Adapter]   [d3161d9a-d8e7-476b-a4ec-ff492f116c49] ===> {
  "type": "response",
  "seq": 19,
  "request_seq": 12,
  "command": "threads",
  "success": true,
  "body": {
    "threads": [
      {
        "isContainer": true,
        "canRunProfiling": false,
        "id": 100,
        "name": "PS TAP"
      },
      {
        "isContainer": true,
        "canRunProfiling": false,
        "id": 101,
        "name": "PSU"
      },
      {
        "isContainer": true,
        "canRunProfiling": false,
        "id": 102,
        "name": "PS TAP/PMU"
      },
      {
        "isContainer": true,
        "canRunProfiling": false,
        "id": 103,
        "name": "PS TAP/PL"
      },
      {
        "isContainer": true,
        "canRunProfiling": false,
        "id": 104,
        "name": "PSU/RPU  (Reset)"
      },
      {
        "isContainer": true,
        "canRunProfiling": false,
        "id": 105,
        "name": "PSU/APU"
      },
      {
        "isContainer": false,
        "canRunProfiling": true,
        "id": 106,
        "name": "PS TAP/PMU/MicroBlaze PMU"
      },
      {
        "isContainer": false,
        "canRunProfiling": true,
        "id": 107,
        "name": "PSU/RPU/Cortex-R5 #0"
      },
      {
        "isContainer": false,
        "canRunProfiling": true,
        "id": 108,
        "name": "PSU/RPU/Cortex-R5 #1"
      },
      {
        "isContainer": false,
        "canRunProfiling": true,
        "id": 109,
        "name": "PSU/APU/Cortex-A53 #0"
      },
      {
        "isContainer": false,
        "canRunProfiling": true,
        "id": 110,
        "name": "PSU/APU/Cortex-A53 #1"
      },
      {
        "isContainer": false,
        "canRunProfiling": true,
        "id": 111,
        "name": "PSU/APU/Cortex-A53 #2"
      },
      {
        "isContainer": false,
        "canRunProfiling": true,
        "id": 112,
        "name": "PSU/APU/Cortex-A53 #3"
      }
    ]
  }
} 
2026-03-18 16:20:07 [debug] : [hosted-plugin: 19620] [TCF-Adapter]   [d3161d9a-d8e7-476b-a4ec-ff492f116c49] <=== {
  "seq": 13,
  "type": "request",
  "command": "stackTrace",
  "arguments": {
    "startFrame": 0,
    "levels": 20,
    "threadId": 107
  }
} 
2026-03-18 16:20:07 [debug] : [hosted-plugin: 19620] [TCF-Adapter]   [d3161d9a-d8e7-476b-a4ec-ff492f116c49] <=== {
  "seq": 14,
  "type": "request",
  "command": "threads",
  "arguments": {}
} 
2026-03-18 16:20:07 [debug] : [hosted-plugin: 19620] [TCF-Adapter]   [d3161d9a-d8e7-476b-a4ec-ff492f116c49] ===> {
  "type": "response",
  "seq": 20,
  "request_seq": 13,
  "command": "stackTrace",
  "success": true,
  "body": {
    "stackFrames": [
      {
        "id": 0,
        "name": "No Stack for Thread 107",
        "line": 0,
        "column": 0,
        "presentationHint": "label"
      }
    ],
    "totalFrames": 1
  }
} 
2026-03-18 16:20:07 [debug] : [hosted-plugin: 19620] [TCF-Adapter]   [d3161d9a-d8e7-476b-a4ec-ff492f116c49] ===> {
  "type": "response",
  "seq": 21,
  "request_seq": 14,
  "command": "threads",
  "success": true,
  "body": {
    "threads": [
      {
        "isContainer": true,
        "canRunProfiling": false,
        "id": 100,
        "name": "PS TAP"
      },
      {
        "isContainer": true,
        "canRunProfiling": false,
        "id": 101,
        "name": "PSU"
      },
      {
        "isContainer": true,
        "canRunProfiling": false,
        "id": 102,
        "name": "PS TAP/PMU"
      },
      {
        "isContainer": true,
        "canRunProfiling": false,
        "id": 103,
        "name": "PS TAP/PL"
      },
      {
        "isContainer": true,
        "canRunProfiling": false,
        "id": 104,
        "name": "PSU/RPU  (Reset)"
      },
      {
        "isContainer": true,
        "canRunProfiling": false,
        "id": 105,
        "name": "PSU/APU"
      },
      {
        "isContainer": false,
        "canRunProfiling": true,
        "id": 106,
        "name": "PS TAP/PMU/MicroBlaze PMU"
      },
      {
        "isContainer": false,
        "canRunProfiling": true,
        "id": 107,
        "name": "PSU/RPU/Cortex-R5 #0"
      },
      {
        "isContainer": false,
        "canRunProfiling": true,
        "id": 108,
        "name": "PSU/RPU/Cortex-R5 #1"
      },
      {
        "isContainer": false,
        "canRunProfiling": true,
        "id": 109,
        "name": "PSU/APU/Cortex-A53 #0"
      },
      {
        "isContainer": false,
        "canRunProfiling": true,
        "id": 110,
        "name": "PSU/APU/Cortex-A53 #1"
      },
      {
        "isContainer": false,
        "canRunProfiling": true,
        "id": 111,
        "name": "PSU/APU/Cortex-A53 #2"
      },
      {
        "isContainer": false,
        "canRunProfiling": true,
        "id": 112,
        "name": "PSU/APU/Cortex-A53 #3"
      }
    ]
  }
} 
2026-03-18 16:20:07 [debug] : [hosted-plugin: 19620] [TCF-Adapter]   [d3161d9a-d8e7-476b-a4ec-ff492f116c49] <=== {
  "seq": 15,
  "type": "request",
  "command": "stackTrace",
  "arguments": {
    "startFrame": 0,
    "levels": 20,
    "threadId": 108
  }
} 
2026-03-18 16:20:07 [debug] : [hosted-plugin: 19620] [TCF-Adapter]   [d3161d9a-d8e7-476b-a4ec-ff492f116c49] <=== {
  "seq": 16,
  "type": "request",
  "command": "threads",
  "arguments": {}
} 
2026-03-18 16:20:07 [debug] : [hosted-plugin: 19620] [TCF-Adapter]   [d3161d9a-d8e7-476b-a4ec-ff492f116c49] ===> {
  "type": "response",
  "seq": 22,
  "request_seq": 15,
  "command": "stackTrace",
  "success": true,
  "body": {
    "stackFrames": [
      {
        "id": 0,
        "name": "No Stack for Thread 108",
        "line": 0,
        "column": 0,
        "presentationHint": "label"
      }
    ],
    "totalFrames": 1
  }
} 
2026-03-18 16:20:07 [debug] : [hosted-plugin: 19620] [TCF-Adapter]   [d3161d9a-d8e7-476b-a4ec-ff492f116c49] ===> {
  "type": "response",
  "seq": 23,
  "request_seq": 16,
  "command": "threads",
  "success": true,
  "body": {
    "threads": [
      {
        "isContainer": true,
        "canRunProfiling": false,
        "id": 100,
        "name": "PS TAP"
      },
      {
        "isContainer": true,
        "canRunProfiling": false,
        "id": 101,
        "name": "PSU"
      },
      {
        "isContainer": true,
        "canRunProfiling": false,
        "id": 102,
        "name": "PS TAP/PMU"
      },
      {
        "isContainer": true,
        "canRunProfiling": false,
        "id": 103,
        "name": "PS TAP/PL"
      },
      {
        "isContainer": true,
        "canRunProfiling": false,
        "id": 104,
        "name": "PSU/RPU  (Reset)"
      },
      {
        "isContainer": true,
        "canRunProfiling": false,
        "id": 105,
        "name": "PSU/APU"
      },
      {
        "isContainer": false,
        "canRunProfiling": true,
        "id": 106,
        "name": "PS TAP/PMU/MicroBlaze PMU"
      },
      {
        "isContainer": false,
        "canRunProfiling": true,
        "id": 107,
        "name": "PSU/RPU/Cortex-R5 #0"
      },
      {
        "isContainer": false,
        "canRunProfiling": true,
        "id": 108,
        "name": "PSU/RPU/Cortex-R5 #1"
      },
      {
        "isContainer": false,
        "canRunProfiling": true,
        "id": 109,
        "name": "PSU/APU/Cortex-A53 #0"
      },
      {
        "isContainer": false,
        "canRunProfiling": true,
        "id": 110,
        "name": "PSU/APU/Cortex-A53 #1"
      },
      {
        "isContainer": false,
        "canRunProfiling": true,
        "id": 111,
        "name": "PSU/APU/Cortex-A53 #2"
      },
      {
        "isContainer": false,
        "canRunProfiling": true,
        "id": 112,
        "name": "PSU/APU/Cortex-A53 #3"
      }
    ]
  }
} 
2026-03-18 16:20:07 [debug] : [hosted-plugin: 19620] [TCF-Adapter]   [d3161d9a-d8e7-476b-a4ec-ff492f116c49] <=== {
  "seq": 17,
  "type": "request",
  "command": "stackTrace",
  "arguments": {
    "startFrame": 0,
    "levels": 20,
    "threadId": 110
  }
} 
2026-03-18 16:20:07 [debug] : [hosted-plugin: 19620] [TCF-Adapter]   [d3161d9a-d8e7-476b-a4ec-ff492f116c49] <=== {
  "seq": 18,
  "type": "request",
  "command": "threads",
  "arguments": {}
} 
2026-03-18 16:20:07 [debug] : [hosted-plugin: 19620] [TCF-Adapter]   [d3161d9a-d8e7-476b-a4ec-ff492f116c49] ===> {
  "type": "response",
  "seq": 24,
  "request_seq": 17,
  "command": "stackTrace",
  "success": true,
  "body": {
    "stackFrames": [
      {
        "id": 0,
        "name": "No Stack for Thread 110",
        "line": 0,
        "column": 0,
        "presentationHint": "label"
      }
    ],
    "totalFrames": 1
  }
} 
2026-03-18 16:20:07 [debug] : [hosted-plugin: 19620] [TCF-Adapter]   [d3161d9a-d8e7-476b-a4ec-ff492f116c49] ===> {
  "type": "response",
  "seq": 25,
  "request_seq": 18,
  "command": "threads",
  "success": true,
  "body": {
    "threads": [
      {
        "isContainer": true,
        "canRunProfiling": false,
        "id": 100,
        "name": "PS TAP"
      },
      {
        "isContainer": true,
        "canRunProfiling": false,
        "id": 101,
        "name": "PSU"
      },
      {
        "isContainer": true,
        "canRunProfiling": false,
        "id": 102,
        "name": "PS TAP/PMU"
      },
      {
        "isContainer": true,
        "canRunProfiling": false,
        "id": 103,
        "name": "PS TAP/PL"
      },
      {
        "isContainer": true,
        "canRunProfiling": false,
        "id": 104,
        "name": "PSU/RPU  (Reset)"
      },
      {
        "isContainer": true,
        "canRunProfiling": false,
        "id": 105,
        "name": "PSU/APU"
      },
      {
        "isContainer": false,
        "canRunProfiling": true,
        "id": 106,
        "name": "PS TAP/PMU/MicroBlaze PMU"
      },
      {
        "isContainer": false,
        "canRunProfiling": true,
        "id": 107,
        "name": "PSU/RPU/Cortex-R5 #0"
      },
      {
        "isContainer": false,
        "canRunProfiling": true,
        "id": 108,
        "name": "PSU/RPU/Cortex-R5 #1"
      },
      {
        "isContainer": false,
        "canRunProfiling": true,
        "id": 109,
        "name": "PSU/APU/Cortex-A53 #0"
      },
      {
        "isContainer": false,
        "canRunProfiling": true,
        "id": 110,
        "name": "PSU/APU/Cortex-A53 #1"
      },
      {
        "isContainer": false,
        "canRunProfiling": true,
        "id": 111,
        "name": "PSU/APU/Cortex-A53 #2"
      },
      {
        "isContainer": false,
        "canRunProfiling": true,
        "id": 112,
        "name": "PSU/APU/Cortex-A53 #3"
      }
    ]
  }
} 
2026-03-18 16:20:07 [debug] : [hosted-plugin: 19620] [TCF-Adapter]   [d3161d9a-d8e7-476b-a4ec-ff492f116c49] <=== {
  "seq": 19,
  "type": "request",
  "command": "stackTrace",
  "arguments": {
    "startFrame": 0,
    "levels": 20,
    "threadId": 111
  }
} 
2026-03-18 16:20:07 [debug] : [hosted-plugin: 19620] [TCF-Adapter]   [d3161d9a-d8e7-476b-a4ec-ff492f116c49] ===> {
  "type": "response",
  "seq": 26,
  "request_seq": 19,
  "command": "stackTrace",
  "success": true,
  "body": {
    "stackFrames": [
      {
        "id": 0,
        "name": "No Stack for Thread 111",
        "line": 0,
        "column": 0,
        "presentationHint": "label"
      }
    ],
    "totalFrames": 1
  }
} 
2026-03-18 16:20:08 [debug] : [hosted-plugin: 19620] [TCF-Adapter]   [d3161d9a-d8e7-476b-a4ec-ff492f116c49] <=== {
  "seq": 20,
  "type": "request",
  "command": "scopes",
  "arguments": {
    "frameId": 0
  }
} 
2026-03-18 16:20:08 [debug] : [hosted-plugin: 19620] [TCF-Adapter]   [d3161d9a-d8e7-476b-a4ec-ff492f116c49] ===> {
  "type": "response",
  "seq": 27,
  "request_seq": 20,
  "command": "scopes",
  "success": true,
  "body": {
    "scopes": [
      {
        "name": "Locals",
        "presentationHint": "locals",
        "variablesReference": 0,
        "expensive": false
      }
    ]
  }
} 
2026-03-18 16:24:05 [debug] : [Repository Server] Executing method:listRepoPaths with connection:(object). {"0":"request:","1":{"name":""}}
2026-03-18 16:24:05 [debug] : [Repository Service] Executing method:listRepoPaths from frontend. {"0":"request:","1":{"name":""}}
2026-03-18 16:24:05 [debug] : [Repository Service] Executing method:listRepoPaths from frontend. {"0":"request:","1":{"name":""}}
2026-03-18 16:24:05 [debug] : [Repository Server] Executing method:listRepoPaths with connection:(object). {"0":"request:","1":{"name":""}}
2026-03-18 16:24:05 [debug] : [Repository Server] Executing method:listPlatforms with connection:(object). {"0":"request:","1":{"name":"","repoPath":"","ignoreCertifiedRequisite":true,"flowList":[]}}
2026-03-18 16:24:05 [debug] : [Repository Service] Executing method:listPlatforms from frontend. {"0":"request:","1":{"name":"","repoPath":"","ignoreCertifiedRequisite":true,"flowList":[]}}
2026-03-18 16:24:05 [debug] : [Repository Service] Executing method:listPlatforms from frontend. {"0":"request:","1":{"name":"","repoPath":"","ignoreCertifiedRequisite":true,"flowList":[]}}
2026-03-18 16:24:05 [debug] : [Repository Server] Executing method:listPlatforms with connection:(object). {"0":"request:","1":{"name":"","repoPath":"","ignoreCertifiedRequisite":true,"flowList":[]}}
2026-03-18 16:24:13 [debug] : [Repository Server] Executing method:validatePlatform with connection:(object). {"0":"request:","1":{"platformPath":"C:\\Users\\dkhar\\OneDrive\\Documents\\GitHub\\ee4218\\platform\\export\\platform\\platform.xpfm"}}
2026-03-18 16:24:13 [debug] : [Repository Service] Executing method:validatePlatform from frontend. {"0":"request:","1":{"platformPath":"C:\\Users\\dkhar\\OneDrive\\Documents\\GitHub\\ee4218\\platform\\export\\platform\\platform.xpfm"}}
2026-03-18 16:24:13 [debug] : [Repository Server] Executing method:getFilteredPlatformDomains with connection:(object). {"0":"request:","1":{"platformPath":"C:\\Users\\dkhar\\OneDrive\\Documents\\GitHub\\ee4218\\platform\\export\\platform\\platform.xpfm","supportedOsList":[],"supportedCputypeList":[]}}
2026-03-18 16:24:13 [debug] : [Repository Service] Executing method:getFilteredPlatformDomains from frontend. {"0":"request:"}
2026-03-18 16:24:13 [debug] : [Platform Server] Executing method:[validateBSP] with connection:(object). {"0":"request:","1":{"wrappers_":{},"arrayIndexOffset_":-1,"array":["C:\\Users\\dkhar\\OneDrive\\Documents\\GitHub\\ee4218\\platform\\export\\platform\\platform.xpfm","standalone_psu_cortexa53_0",null],"pivot_":1.7976931348623157e+308,"convertedPrimitiveFields_":{}}}
2026-03-18 16:24:13 [debug] : RIGEL SERVER 16:24:13 INFO  : cmd.exe, /C, empyro.bat validate_bsp -t empty_application -d C:\Users\dkhar\OneDrive\Documents\GitHub\ee4218\platform\export\platform\sw\standalone_psu_cortexa53_0 -r C:\Users\dkhar\OneDrive\Documents\GitHub\ee4218\_ide\.wsdata\.repo.yaml 
2026-03-18 16:24:21 [debug] : RIGEL SERVER 16:24:21 INFO  : Successfully validated template empty_application 
2026-03-18 16:26:52 [debug] : [ProjectDecorator] tree decoration updated 
2026-03-18 16:26:52 [debug] : [ProjectCache] Project location updated to C:\Users\dkhar\OneDrive\Documents\GitHub\ee4218\platform 
2026-03-18 16:26:56 [debug] : [ProjectDecorator] tree decoration updated 
2026-03-18 16:26:56 [debug] : [ProjectCache] Project location updated to C:\Users\dkhar\OneDrive\Documents\GitHub\ee4218\platform 
2026-03-18 16:27:03 [debug] : [Platform Provider] updating project C:\Users\dkhar\OneDrive\Documents\GitHub\ee4218\platform 
2026-03-18 16:27:03 [debug] : [Platform Server] Executing method:[listDomains] with connection:(object). {"0":"request:","1":{"wrappers_":null,"arrayIndexOffset_":-1,"array":["C:\\Users\\dkhar\\OneDrive\\Documents\\GitHub\\ee4218\\platform"],"pivot_":1.7976931348623157e+308,"convertedPrimitiveFields_":{}}}
2026-03-18 16:27:03 [debug] : [Platform Provider] project updated C:\Users\dkhar\OneDrive\Documents\GitHub\ee4218\platform {"0":{"platformName":"platform","platformDescription":"","platformLocation":"C:\\Users\\dkhar\\OneDrive\\Documents\\GitHub\\ee4218\\platform","xsaPath":"C:\\Users\\dkhar\\OneDrive\\Documents\\GitHub\\ee4218\\lab2\\hw\\lab2.xsa","xsapathinplatform":"platform\\hw\\lab2.xsa","isCustomFsbl":false,"fsblPath":"","pmufwElf":"","supportedFamily":"zynquplus","flow":3,"emulationXsaPath":"","emulationXsaPathInPlatform":"","stdGenHooksList":[]}}
2026-03-18 16:28:58 [debug] : [Platform Server] Executing method:[updateHwXSA] with connection:(object). {"0":"request:","1":{"wrappers_":null,"arrayIndexOffset_":-1,"array":["C:\\Users\\dkhar\\OneDrive\\Documents\\GitHub\\ee4218\\lab3\\srcs\\fifo\\hw\\lab3_fifo.xsa",null,"C:\\Users\\dkhar\\OneDrive\\Documents\\GitHub\\ee4218\\platform"],"pivot_":1.7976931348623157e+308,"convertedPrimitiveFields_":{}}}
2026-03-18 16:28:58 [debug] : [Platform Server] Update lab3_fifo XSA for platform platform requested with internal id '30799036-f331-4815-adea-86b02ce1a79c'. 
2026-03-18 16:28:58 [debug] : RIGEL SERVER 16:28:58 INFO  : HW XSA update started 
2026-03-18 16:28:58 [debug] : [Platform Output] Updating XSA lab3_fifo.xsa for platform platform with id '30799036-f331-4815-adea-86b02ce1a79c' started. 
2026-03-18 16:28:59 [debug] : RIGEL SERVER 16:28:59 INFO  : Using sdt generation script from C:\Xilinx\2025.1\Vitis\vitis-server\scripts\platformutil.tcl 
2026-03-18 16:28:59 [debug] : RIGEL SERVER 16:28:59 INFO  : cmd.exe, /C, sdtgen.bat C:\Xilinx\2025.1\Vitis\vitis-server\scripts\platformutil.tcl C:\Users\dkhar\OneDrive\Documents\GitHub\ee4218\lab3\srcs\fifo\hw\lab3_fifo.xsa C:\Users\dkhar\OneDrive\Documents\GitHub\ee4218\platform\hw\sdt 
2026-03-18 16:29:42 [debug] : RIGEL SERVER 16:29:42 INFO  : -xsa C:\Users\dkhar\OneDrive\Documents\GitHub\ee4218\lab3\srcs\fifo\hw\lab3_fifo.xsa 
2026-03-18 16:29:42 [debug] : RIGEL SERVER 16:29:42 INFO  : -dir C:\Users\dkhar\OneDrive\Documents\GitHub\ee4218\platform\hw\sdt 
2026-03-18 16:29:42 [debug] : RIGEL SERVER 16:29:42 INFO  : -board_dts 
16:29:42 INFO  : -include_dts 
16:29:42 INFO  : -repo C:/Xilinx/2025.1/Vitis/data/system-device-tree-xlnx 
2026-03-18 16:29:42 [debug] : RIGEL SERVER 16:29:42 INFO  : -zocl disable
16:29:42 INFO  : INFO: [Hsi 55-2053] elapsed time for repository (C:/Xilinx/2025.1/Vitis/data/embeddedsw) loading 1 seconds 
2026-03-18 16:29:42 [debug] : RIGEL SERVER 16:29:42 INFO  : hsi::open_hw_design: Time (s): cpu = 00:00:24 ; elapsed = 00:00:24 . Memory (MB): peak = 241.582 ; gain = 181.902 
2026-03-18 16:29:42 [debug] : RIGEL SERVER 16:29:42 INFO  : SDT generated successfully 
2026-03-18 16:29:42 [debug] : RIGEL SERVER 16:29:42 INFO  : Generating BSP for the domain C:\Users\dkhar\OneDrive\Documents\GitHub\ee4218\platform\zynqmp_fsbl\zynqmp_fsbl_bsp 
2026-03-18 16:29:42 [debug] : RIGEL SERVER 16:29:42 INFO  : lopper command to reconfigure BSP :empyro.bat reconfig_bsp -d C:\Users\dkhar\OneDrive\Documents\GitHub\ee4218\platform\zynqmp_fsbl\zynqmp_fsbl_bsp 
2026-03-18 16:29:42 [debug] : RIGEL SERVER 16:29:42 INFO  : cmd.exe, /C, empyro.bat reconfig_bsp -d C:\Users\dkhar\OneDrive\Documents\GitHub\ee4218\platform\zynqmp_fsbl\zynqmp_fsbl_bsp 
2026-03-18 16:29:44 [debug] : RIGEL SERVER 16:29:44 INFO  : Domain reconfigured successfully 
2026-03-18 16:29:44 [debug] : RIGEL SERVER 16:29:44 INFO  : lopper command to regenerate BSP :empyro.bat regen_bsp -s C:\Users\dkhar\OneDrive\Documents\GitHub\ee4218\platform\hw\sdt\system-top.dts -d C:\Users\dkhar\OneDrive\Documents\GitHub\ee4218\platform\zynqmp_fsbl\zynqmp_fsbl_bsp -r C:\Users\dkhar\OneDrive\Documents\GitHub\ee4218\_ide\.wsdata\.repo.yaml 
2026-03-18 16:29:44 [debug] : RIGEL SERVER 16:29:44 INFO  : cmd.exe, /C, empyro.bat regen_bsp -s C:\Users\dkhar\OneDrive\Documents\GitHub\ee4218\platform\hw\sdt\system-top.dts -d C:\Users\dkhar\OneDrive\Documents\GitHub\ee4218\platform\zynqmp_fsbl\zynqmp_fsbl_bsp -r C:\Users\dkhar\OneDrive\Documents\GitHub\ee4218\_ide\.wsdata\.repo.yaml 
2026-03-18 16:31:33 [debug] : RIGEL SERVER 16:31:33 INFO  : [INFO]: Regenerating bsp 
2026-03-18 16:31:33 [debug] : RIGEL SERVER 16:31:33 INFO  : [INFO]: Starting domain creation
16:31:33 INFO  : [INFO]: Found HLS driver within SDT, copying the sources 
2026-03-18 16:31:33 [debug] : RIGEL SERVER 16:31:33 INFO  : [INFO]: Generating Domain-specific DTS for psu_cortexa53_0 
2026-03-18 16:31:33 [debug] : RIGEL SERVER 16:31:33 INFO  : [INFO]: Generating required metadata from domain specific DT 
2026-03-18 16:31:33 [debug] : RIGEL SERVER 16:31:33 INFO  : [INFO]: Successfully created Domain at C:\Users\dkhar\OneDrive\Documents\GitHub\ee4218\platform\zynqmp_fsbl\zynqmp_fsbl_bsp 
2026-03-18 16:31:33 [debug] : RIGEL SERVER 16:31:33 INFO  : -- Configuring done 
2026-03-18 16:31:33 [debug] : RIGEL SERVER 16:31:33 INFO  : -- Generating done 
2026-03-18 16:31:33 [debug] : RIGEL SERVER 16:31:33 INFO  : CMake Warning:
16:31:33 INFO  :   Manually-specified variables were not used by the project:
16:31:33 INFO  : 
2026-03-18 16:31:33 [debug] : RIGEL SERVER 16:31:33 INFO  :     CMAKE_TOOLCHAIN_FILE
16:31:33 INFO  : 
16:31:33 INFO  : 
2026-03-18 16:31:33 [debug] : RIGEL SERVER 16:31:33 INFO  : -- Build files have been written to: C:/Users/dkhar/OneDrive/Documents/GitHub/ee4218/platform/zynqmp_fsbl/zynqmp_fsbl_bsp/libsrc/build_configs/gen_bsp 
2026-03-18 16:31:33 [debug] : RIGEL SERVER 16:31:33 INFO  : [INFO]: Regenerated BSP successfully.
16:31:33 INFO  : BSP regenerated successfully 
2026-03-18 16:31:33 [debug] : RIGEL SERVER 16:31:33 INFO  : Generating BSP for the domain C:\Users\dkhar\OneDrive\Documents\GitHub\ee4218\platform\psu_cortexa53_0\standalone_psu_cortexa53_0\bsp 
2026-03-18 16:31:33 [debug] : RIGEL SERVER 16:31:33 INFO  : lopper command to reconfigure BSP :empyro.bat reconfig_bsp -d C:\Users\dkhar\OneDrive\Documents\GitHub\ee4218\platform\psu_cortexa53_0\standalone_psu_cortexa53_0\bsp 
2026-03-18 16:31:33 [debug] : RIGEL SERVER 16:31:33 INFO  : cmd.exe, /C, empyro.bat reconfig_bsp -d C:\Users\dkhar\OneDrive\Documents\GitHub\ee4218\platform\psu_cortexa53_0\standalone_psu_cortexa53_0\bsp 
2026-03-18 16:31:36 [debug] : RIGEL SERVER 16:31:36 INFO  : Domain reconfigured successfully 
2026-03-18 16:31:36 [debug] : RIGEL SERVER 16:31:36 INFO  : lopper command to regenerate BSP :empyro.bat regen_bsp -s C:\Users\dkhar\OneDrive\Documents\GitHub\ee4218\platform\hw\sdt\system-top.dts -d C:\Users\dkhar\OneDrive\Documents\GitHub\ee4218\platform\psu_cortexa53_0\standalone_psu_cortexa53_0\bsp -r C:\Users\dkhar\OneDrive\Documents\GitHub\ee4218\_ide\.wsdata\.repo.yaml 
2026-03-18 16:31:36 [debug] : RIGEL SERVER 16:31:36 INFO  : cmd.exe, /C, empyro.bat regen_bsp -s C:\Users\dkhar\OneDrive\Documents\GitHub\ee4218\platform\hw\sdt\system-top.dts -d C:\Users\dkhar\OneDrive\Documents\GitHub\ee4218\platform\psu_cortexa53_0\standalone_psu_cortexa53_0\bsp -r C:\Users\dkhar\OneDrive\Documents\GitHub\ee4218\_ide\.wsdata\.repo.yaml 
2026-03-18 16:32:51 [debug] : RIGEL SERVER 16:32:51 INFO  : [INFO]: Regenerating bsp 
2026-03-18 16:32:51 [debug] : RIGEL SERVER 16:32:51 INFO  : [INFO]: Starting domain creation
16:32:51 INFO  : [INFO]: Found HLS driver within SDT, copying the sources 
2026-03-18 16:32:51 [debug] : RIGEL SERVER 16:32:51 INFO  : [INFO]: Generating Domain-specific DTS for psu_cortexa53_0 
2026-03-18 16:32:51 [debug] : RIGEL SERVER 16:32:51 INFO  : [INFO]: Generating required metadata from domain specific DT
16:32:51 INFO  : [INFO]: Successfully created Domain at C:\Users\dkhar\OneDrive\Documents\GitHub\ee4218\platform\psu_cortexa53_0\standalone_psu_cortexa53_0\bsp
16:32:51 INFO  : -- Configuring done
16:32:51 INFO  : -- Generating done
16:32:51 INFO  : CMake Warning:
16:32:51 INFO  :   Manually-specified variables were not used by the project:
16:32:51 INFO  : 
16:32:51 INFO  :     CMAKE_TOOLCHAIN_FILE
16:32:51 INFO  : 
16:32:51 INFO  : 
16:32:51 INFO  : -- Build files have been written to: C:/Users/dkhar/OneDrive/Documents/GitHub/ee4218/platform/psu_cortexa53_0/standalone_psu_cortexa53_0/bsp/libsrc/build_configs/gen_bsp
16:32:51 INFO  : [INFO]: Regenerated BSP successfully. 
2026-03-18 16:32:51 [debug] : RIGEL SERVER 16:32:51 INFO  : BSP regenerated successfully 
2026-03-18 16:32:51 [debug] : Received event from notification service: ON_DID_UPDATE_COMPONENT. 
2026-03-18 16:32:51 [debug] : Received event from notification service: ON_UPDATE_PLATFORM_STATUS. 
2026-03-18 16:32:51 [debug] : RIGEL SERVER 16:32:51 INFO  : Hardware XSA update finished successfully 
2026-03-18 16:32:51 [debug] : [Platform Server] Updating lab3_fifo XSA for platform platform completed on 'platform' with internal id '30799036-f331-4815-adea-86b02ce1a79c'. 
2026-03-18 16:32:51 [debug] : [Platform Server] Updating lab3_fifo XSA for platform platform status event - label: platform, status_code:0, status_details:. 
2026-03-18 16:32:51 [debug] : [Platform Server] Updating lab3_fifo XSA for platform platform output steam finished on 'platform' with internal id '30799036-f331-4815-adea-86b02ce1a79c'. 
2026-03-18 16:32:51 [info] : [Platform Server] Updating lab3_fifo XSA for platform platform output stream finished - platform. 
2026-03-18 16:32:51 [debug] : [Platform Output] Updating XSA lab3_fifo.xsa for platform platform with id '30799036-f331-4815-adea-86b02ce1a79c' completed. 
2026-03-18 16:32:51 [debug] : [Platform Output] Deleting and canceling the build task with id '30799036-f331-4815-adea-86b02ce1a79c'. 
2026-03-18 16:32:51 [debug] : [ProjectCache] fetching projects for project-cache 
2026-03-18 16:32:51 [debug] : [ProjectDecorator] tree decoration updated 
2026-03-18 16:32:51 [debug] : [Platform Provider] updating project C:\Users\dkhar\OneDrive\Documents\GitHub\ee4218\platform 
2026-03-18 16:32:51 [debug] : [ProjectDecorator] tree decoration updated 
2026-03-18 16:32:51 [debug] : [ProjectCache] Project location updated to C:\Users\dkhar\OneDrive\Documents\GitHub\ee4218\platform 
2026-03-18 16:32:51 [debug] : [Platform Server] Executing method:[listDomains] with connection:(object). {"0":"request:","1":{"wrappers_":null,"arrayIndexOffset_":-1,"array":["C:\\Users\\dkhar\\OneDrive\\Documents\\GitHub\\ee4218\\platform"],"pivot_":1.7976931348623157e+308,"convertedPrimitiveFields_":{}}}
2026-03-18 16:32:51 [debug] : [Platform Provider] project updated C:\Users\dkhar\OneDrive\Documents\GitHub\ee4218\platform {"0":{"platformName":"platform","platformDescription":"","platformLocation":"C:\\Users\\dkhar\\OneDrive\\Documents\\GitHub\\ee4218\\platform","xsaPath":"C:\\Users\\dkhar\\OneDrive\\Documents\\GitHub\\ee4218\\lab3\\srcs\\fifo\\hw\\lab3_fifo.xsa","xsapathinplatform":"platform\\hw\\lab3_fifo.xsa","isCustomFsbl":false,"fsblPath":"","pmufwElf":"","supportedFamily":"zynquplus","flow":3,"emulationXsaPath":"","emulationXsaPathInPlatform":"","stdGenHooksList":[]}}
2026-03-18 16:32:55 [debug] : [Platform Server] Executing method:[getPartFromXSA] with connection:(object). {"0":"request:","1":{"wrappers_":null,"arrayIndexOffset_":-1,"array":["C:\\Users\\dkhar\\OneDrive\\Documents\\GitHub\\ee4218\\platform"],"pivot_":1.7976931348623157e+308,"convertedPrimitiveFields_":{}}}
2026-03-18 16:33:01 [debug] : [Platform Server] Executing method:[generatePlatform] with connection:(object). {"0":"request:","1":"C:\\Users\\dkhar\\OneDrive\\Documents\\GitHub\\ee4218\\platform"}
2026-03-18 16:33:01 [debug] : [Platform Server] Generate platform requested for platform with internal id 'cd498297-9c78-4349-a73c-6315fead4f93'. 
2026-03-18 16:33:01 [debug] : Received event from notification service: ON_DID_OPEN_COMPONENT. 
2026-03-18 16:33:01 [debug] : Received event from notification service: ON_DID_BUILD_START. 
2026-03-18 16:33:01 [debug] : Received event from notification service: ON_UPDATE_FLOWNAVIGATOR_STATUS. 
2026-03-18 16:33:01 [debug] : [Platform Server] Executing method:[getPartFromXSA] with connection:(object). {"0":"request:","1":{"wrappers_":null,"arrayIndexOffset_":-1,"array":["C:\\Users\\dkhar\\OneDrive\\Documents\\GitHub\\ee4218\\platform"],"pivot_":1.7976931348623157e+308,"convertedPrimitiveFields_":{}}}
2026-03-18 16:33:02 [debug] : RIGEL SERVER 16:33:02 INFO  : BSP build will be initiated for Domain zynqmp_fsbl 
2026-03-18 16:33:02 [debug] : RIGEL SERVER 16:33:02 INFO  : BSP build will be initiated for Domain standalone_psu_cortexa53_0
16:33:02 INFO  : Generating BSP for the domain C:\Users\dkhar\OneDrive\Documents\GitHub\ee4218\platform\zynqmp_fsbl\zynqmp_fsbl_bsp 
2026-03-18 16:33:02 [debug] : RIGEL SERVER 16:33:02 INFO  : Generating BSP for the domain C:\Users\dkhar\OneDrive\Documents\GitHub\ee4218\platform\psu_cortexa53_0\standalone_psu_cortexa53_0\bsp
16:33:02 INFO  : lopper command to reconfigure BSP :empyro.bat reconfig_bsp -d C:\Users\dkhar\OneDrive\Documents\GitHub\ee4218\platform\zynqmp_fsbl\zynqmp_fsbl_bsp 
2026-03-18 16:33:02 [debug] : RIGEL SERVER 16:33:02 INFO  : lopper command to reconfigure BSP :empyro.bat reconfig_bsp -d C:\Users\dkhar\OneDrive\Documents\GitHub\ee4218\platform\psu_cortexa53_0\standalone_psu_cortexa53_0\bsp 
2026-03-18 16:33:02 [debug] : RIGEL SERVER 16:33:02 INFO  : cmd.exe, /C, empyro.bat reconfig_bsp -d C:\Users\dkhar\OneDrive\Documents\GitHub\ee4218\platform\zynqmp_fsbl\zynqmp_fsbl_bsp 
2026-03-18 16:33:02 [debug] : RIGEL SERVER 16:33:02 INFO  : cmd.exe, /C, empyro.bat reconfig_bsp -d C:\Users\dkhar\OneDrive\Documents\GitHub\ee4218\platform\psu_cortexa53_0\standalone_psu_cortexa53_0\bsp 
2026-03-18 16:33:03 [debug] : RIGEL SERVER 16:33:03 INFO  : Domain reconfigured successfully 
2026-03-18 16:33:03 [debug] : RIGEL SERVER 16:33:03 INFO  : Generating BSP for the domain C:\Users\dkhar\OneDrive\Documents\GitHub\ee4218\platform\psu_cortexa53_0\standalone_psu_cortexa53_0\bsp 
2026-03-18 16:33:03 [debug] : RIGEL SERVER 16:33:03 INFO  : lopper command to build BSP :empyro.bat build_bsp -d C:\Users\dkhar\OneDrive\Documents\GitHub\ee4218\platform\psu_cortexa53_0\standalone_psu_cortexa53_0\bsp 
2026-03-18 16:33:03 [debug] : RIGEL SERVER 16:33:03 INFO  : cmd.exe, /C, empyro.bat build_bsp -d C:\Users\dkhar\OneDrive\Documents\GitHub\ee4218\platform\psu_cortexa53_0\standalone_psu_cortexa53_0\bsp 
2026-03-18 16:33:03 [debug] : RIGEL SERVER 16:33:03 INFO  : Domain reconfigured successfully 
2026-03-18 16:33:03 [debug] : RIGEL SERVER 16:33:03 INFO  : Generating BSP for the domain C:\Users\dkhar\OneDrive\Documents\GitHub\ee4218\platform\zynqmp_fsbl\zynqmp_fsbl_bsp 
2026-03-18 16:33:03 [debug] : RIGEL SERVER 16:33:03 INFO  : lopper command to build BSP :empyro.bat build_bsp -d C:\Users\dkhar\OneDrive\Documents\GitHub\ee4218\platform\zynqmp_fsbl\zynqmp_fsbl_bsp 
2026-03-18 16:33:03 [debug] : RIGEL SERVER 16:33:03 INFO  : cmd.exe, /C, empyro.bat build_bsp -d C:\Users\dkhar\OneDrive\Documents\GitHub\ee4218\platform\zynqmp_fsbl\zynqmp_fsbl_bsp 
2026-03-18 16:33:07 [debug] : [Platform Output] Generate platform platform with id 'cd498297-9c78-4349-a73c-6315fead4f93' started. 
2026-03-18 16:33:07 [debug] : [hosted-plugin: 19620] PLUGIN_HOST(19620): PluginManagerExtImpl/loadPlugin(C:\Xilinx\2025.1\Vitis\ide\electron-app\win64\resources\app\plugins\vitis-output-0.0.1\extension\lib\extension.js) 
2026-03-18 16:33:07 [debug] : [hosted-plugin: 19620] calling activation function on amd.vitis-output 
2026-03-18 16:33:07 [debug] : [hosted-plugin: 19620] There is no document for debugconsole:/ 
2026-03-18 16:33:43 [debug] : RIGEL SERVER 16:33:43 INFO  : Domain build successfully 
2026-03-18 16:33:47 [debug] : RIGEL SERVER 16:33:47 INFO  : Domain build successfully 
2026-03-18 16:33:47 [debug] : RIGEL SERVER 16:33:47 INFO  : Generating Boot ELFs 
2026-03-18 16:33:47 [debug] : RIGEL SERVER 16:33:47 INFO  : lopper command to retarget baremetal application :empyro.bat retarget_app -s C:\Users\dkhar\OneDrive\Documents\GitHub\ee4218\platform\zynqmp_fsbl -d C:\Users\dkhar\OneDrive\Documents\GitHub\ee4218\platform\zynqmp_fsbl\zynqmp_fsbl_bsp -b C:\Users\dkhar\OneDrive\Documents\GitHub\ee4218\platform\zynqmp_fsbl\build 
2026-03-18 16:33:47 [debug] : RIGEL SERVER 16:33:47 INFO  : cmd.exe, /C, empyro.bat retarget_app -s C:\Users\dkhar\OneDrive\Documents\GitHub\ee4218\platform\zynqmp_fsbl -d C:\Users\dkhar\OneDrive\Documents\GitHub\ee4218\platform\zynqmp_fsbl\zynqmp_fsbl_bsp -b C:\Users\dkhar\OneDrive\Documents\GitHub\ee4218\platform\zynqmp_fsbl\build 
2026-03-18 16:33:49 [debug] : RIGEL SERVER 16:33:49 INFO  : [INFO]: Retargeting app 
2026-03-18 16:33:49 [debug] : RIGEL SERVER 16:33:49 INFO  : [INFO]: Updating link libraries based on new domain
16:33:49 INFO  : Successfully retargeted Application C:\Users\dkhar\OneDrive\Documents\GitHub\ee4218\platform\zynqmp_fsbl 
2026-03-18 16:33:49 [debug] : RIGEL SERVER 16:33:49 INFO  : lopper command to build baremetal application :empyro.bat build_app --src_dir C:\Users\dkhar\OneDrive\Documents\GitHub\ee4218\platform\zynqmp_fsbl --build_dir C:\Users\dkhar\OneDrive\Documents\GitHub\ee4218\platform\zynqmp_fsbl\build 
2026-03-18 16:33:49 [debug] : RIGEL SERVER 16:33:49 INFO  : cmd.exe, /C, empyro.bat build_app --src_dir C:\Users\dkhar\OneDrive\Documents\GitHub\ee4218\platform\zynqmp_fsbl --build_dir C:\Users\dkhar\OneDrive\Documents\GitHub\ee4218\platform\zynqmp_fsbl\build 
2026-03-18 16:34:06 [debug] : RIGEL SERVER 16:34:06 INFO  : Successfully building the baremetal applicationC:\Users\dkhar\OneDrive\Documents\GitHub\ee4218\platform\zynqmp_fsbl\build 
2026-03-18 16:34:06 [debug] : RIGEL SERVER 16:34:06 INFO  : Generating Export directory 
2026-03-18 16:34:07 [debug] : Received event from notification service: ON_DID_UPDATE_COMPONENT. 
2026-03-18 16:34:07 [debug] : Received event from notification service: ON_UPDATE_PLATFORM_STATUS. 
2026-03-18 16:34:07 [debug] : [Platform Server] Generate platform completed on 'platform' with internal id 'cd498297-9c78-4349-a73c-6315fead4f93'. 
2026-03-18 16:34:07 [debug] : [Platform Server] Generate platform status event - label: platform, status_code:0, status_details:. 
2026-03-18 16:34:07 [debug] : [Platform Server] Generate platform output steam finished on 'platform' with internal id 'cd498297-9c78-4349-a73c-6315fead4f93'. 
2026-03-18 16:34:07 [info] : [Platform Server] Generate platform output stream finished - platform. 
2026-03-18 16:34:07 [debug] : RIGEL SERVER 16:34:07 INFO  : Platform Build Finished successfully. 
2026-03-18 16:34:07 [debug] : Received event from notification service: ON_DID_MODIFY_PLATFORM_REPOS. 
2026-03-18 16:34:07 [debug] : [Platform Output] Generate platform platform with id 'cd498297-9c78-4349-a73c-6315fead4f93' completed. 
2026-03-18 16:34:07 [debug] : [Platform Output] Deleting and canceling the build task with id 'cd498297-9c78-4349-a73c-6315fead4f93'. 
2026-03-18 16:34:07 [debug] : Received event from notification service: ON_DID_BUILD_STOP. 
2026-03-18 16:34:07 [debug] : Received event from notification service: ON_UPDATE_FLOWNAVIGATOR_STATUS. 
2026-03-18 16:34:35 [debug] : [Repository Server] Executing method:listRepoPaths with connection:(object). {"0":"request:","1":{"name":""}}
2026-03-18 16:34:35 [debug] : [Repository Service] Executing method:listRepoPaths from frontend. {"0":"request:","1":{"name":""}}
2026-03-18 16:34:35 [debug] : [Repository Service] Executing method:listRepoPaths from frontend. {"0":"request:","1":{"name":""}}
2026-03-18 16:34:35 [debug] : [Repository Server] Executing method:listRepoPaths with connection:(object). {"0":"request:","1":{"name":""}}
2026-03-18 16:34:35 [debug] : [Repository Server] Executing method:listPlatforms with connection:(object). {"0":"request:","1":{"name":"","repoPath":"","ignoreCertifiedRequisite":true,"flowList":[]}}
2026-03-18 16:34:35 [debug] : [Repository Service] Executing method:listPlatforms from frontend. {"0":"request:","1":{"name":"","repoPath":"","ignoreCertifiedRequisite":true,"flowList":[]}}
2026-03-18 16:34:35 [debug] : [Repository Service] Executing method:listPlatforms from frontend. {"0":"request:","1":{"name":"","repoPath":"","ignoreCertifiedRequisite":true,"flowList":[]}}
2026-03-18 16:34:35 [debug] : [Repository Server] Executing method:listPlatforms with connection:(object). {"0":"request:","1":{"name":"","repoPath":"","ignoreCertifiedRequisite":true,"flowList":[]}}
2026-03-18 16:35:00 [debug] : [Repository Server] Executing method:listRepoPaths with connection:(object). {"0":"request:","1":{"name":""}}
2026-03-18 16:35:00 [debug] : [Repository Service] Executing method:listRepoPaths from frontend. {"0":"request:","1":{"name":""}}
2026-03-18 16:35:00 [debug] : [Repository Service] Executing method:listRepoPaths from frontend. {"0":"request:","1":{"name":""}}
2026-03-18 16:35:00 [debug] : [Repository Server] Executing method:listRepoPaths with connection:(object). {"0":"request:","1":{"name":""}}
2026-03-18 16:35:00 [debug] : [Repository Server] Executing method:listPlatforms with connection:(object). {"0":"request:","1":{"name":"","repoPath":"","ignoreCertifiedRequisite":true,"flowList":[]}}
2026-03-18 16:35:00 [debug] : [Repository Service] Executing method:listPlatforms from frontend. {"0":"request:","1":{"name":"","repoPath":"","ignoreCertifiedRequisite":true,"flowList":[]}}
2026-03-18 16:35:00 [debug] : [Repository Server] Executing method:listPlatforms with connection:(object). {"0":"request:","1":{"name":"","repoPath":"","ignoreCertifiedRequisite":true,"flowList":[]}}
2026-03-18 16:35:00 [debug] : [Repository Service] Executing method:listPlatforms from frontend. {"0":"request:","1":{"name":"","repoPath":"","ignoreCertifiedRequisite":true,"flowList":[]}}
2026-03-18 16:35:13 [debug] : [Repository Server] Executing method:addRepoPaths with connection:(object). {"0":"request:","1":{"repoPathsList":[{"path":"c:\\Users\\dkhar\\OneDrive\\Documents\\GitHub\\ee4218\\platform","type":2,"repoState":0}]}}
2026-03-18 16:35:13 [debug] : [Repository Service] Executing method:addRepoPaths from frontend. {"0":"request:","1":{"repoPathsList":[{"path":"c:\\Users\\dkhar\\OneDrive\\Documents\\GitHub\\ee4218\\platform","type":2,"repoState":0}]}}
2026-03-18 16:35:13 [debug] : Received event from notification service: ON_DID_MODIFY_PLATFORM_REPOS. 
2026-03-18 16:35:13 [debug] : [Repository Server] Executing method:listRepoPaths with connection:(object). {"0":"request:","1":{"name":""}}
2026-03-18 16:35:13 [debug] : [Repository Service] Executing method:listRepoPaths from frontend. {"0":"request:","1":{"name":""}}
2026-03-18 16:35:13 [debug] : [Repository Server] Executing method:listPlatforms with connection:(object). {"0":"request:","1":{"name":"","repoPath":"","ignoreCertifiedRequisite":true,"flowList":[]}}
2026-03-18 16:35:13 [debug] : [Repository Service] Executing method:listPlatforms from frontend. {"0":"request:","1":{"name":"","repoPath":"","ignoreCertifiedRequisite":true,"flowList":[]}}
2026-03-18 16:35:25 [debug] : [Repository Server] Executing method:addRepoPaths with connection:(object). {"0":"request:","1":{"repoPathsList":[{"path":"c:\\Users\\dkhar\\OneDrive\\Documents\\GitHub\\ee4218\\platform","type":2,"repoState":0}]}}
2026-03-18 16:35:25 [debug] : [Repository Service] Executing method:addRepoPaths from frontend. {"0":"request:","1":{"repoPathsList":[{"path":"c:\\Users\\dkhar\\OneDrive\\Documents\\GitHub\\ee4218\\platform","type":2,"repoState":0}]}}
2026-03-18 16:35:25 [debug] : RIGEL SERVER 16:35:25 WARN  : Given repository already existing c:\Users\dkhar\OneDrive\Documents\GitHub\ee4218\platform 
2026-03-18 16:35:25 [debug] : Received event from notification service: ON_DID_MODIFY_PLATFORM_REPOS. 
2026-03-18 16:35:25 [debug] : [Repository Server] Executing method:listRepoPaths with connection:(object). {"0":"request:","1":{"name":""}}
2026-03-18 16:35:25 [debug] : [Repository Service] Executing method:listRepoPaths from frontend. {"0":"request:","1":{"name":""}}
2026-03-18 16:35:25 [debug] : [Repository Server] Executing method:listPlatforms with connection:(object). {"0":"request:","1":{"name":"","repoPath":"","ignoreCertifiedRequisite":true,"flowList":[]}}
2026-03-18 16:35:25 [debug] : [Repository Service] Executing method:listPlatforms from frontend. {"0":"request:","1":{"name":"","repoPath":"","ignoreCertifiedRequisite":true,"flowList":[]}}
2026-03-18 16:35:33 [debug] : [Platform Server] Executing method:[generatePlatform] with connection:(object). {"0":"request:","1":"C:\\Users\\dkhar\\OneDrive\\Documents\\GitHub\\ee4218\\platform"}
2026-03-18 16:35:33 [debug] : [Platform Server] Generate platform requested for platform with internal id '0a154bd2-457f-4869-ab4c-bd9236297e35'. 
2026-03-18 16:35:33 [debug] : Received event from notification service: ON_DID_OPEN_COMPONENT. 
2026-03-18 16:35:33 [debug] : Received event from notification service: ON_DID_BUILD_START. 
2026-03-18 16:35:33 [debug] : Received event from notification service: ON_UPDATE_FLOWNAVIGATOR_STATUS. 
2026-03-18 16:35:33 [debug] : [Platform Server] Executing method:[getPartFromXSA] with connection:(object). {"0":"request:","1":{"wrappers_":null,"arrayIndexOffset_":-1,"array":["C:\\Users\\dkhar\\OneDrive\\Documents\\GitHub\\ee4218\\platform"],"pivot_":1.7976931348623157e+308,"convertedPrimitiveFields_":{}}}
2026-03-18 16:35:33 [debug] : RIGEL SERVER 16:35:33 INFO  : BSP build will be initiated for Domain zynqmp_fsbl
16:35:33 INFO  : Generating BSP for the domain C:\Users\dkhar\OneDrive\Documents\GitHub\ee4218\platform\zynqmp_fsbl\zynqmp_fsbl_bsp
16:35:33 INFO  : BSP build will be initiated for Domain standalone_psu_cortexa53_0
16:35:33 INFO  : lopper command to reconfigure BSP :empyro.bat reconfig_bsp -d C:\Users\dkhar\OneDrive\Documents\GitHub\ee4218\platform\zynqmp_fsbl\zynqmp_fsbl_bsp
16:35:33 INFO  : Generating BSP for the domain C:\Users\dkhar\OneDrive\Documents\GitHub\ee4218\platform\psu_cortexa53_0\standalone_psu_cortexa53_0\bsp
16:35:33 INFO  : lopper command to reconfigure BSP :empyro.bat reconfig_bsp -d C:\Users\dkhar\OneDrive\Documents\GitHub\ee4218\platform\psu_cortexa53_0\standalone_psu_cortexa53_0\bsp
16:35:33 INFO  : cmd.exe, /C, empyro.bat reconfig_bsp -d C:\Users\dkhar\OneDrive\Documents\GitHub\ee4218\platform\zynqmp_fsbl\zynqmp_fsbl_bsp
16:35:33 INFO  : cmd.exe, /C, empyro.bat reconfig_bsp -d C:\Users\dkhar\OneDrive\Documents\GitHub\ee4218\platform\psu_cortexa53_0\standalone_psu_cortexa53_0\bsp 
2026-03-18 16:35:35 [debug] : RIGEL SERVER 16:35:35 INFO  : Domain reconfigured successfully 
2026-03-18 16:35:35 [debug] : RIGEL SERVER 16:35:35 INFO  : Generating BSP for the domain C:\Users\dkhar\OneDrive\Documents\GitHub\ee4218\platform\psu_cortexa53_0\standalone_psu_cortexa53_0\bsp 
2026-03-18 16:35:35 [debug] : RIGEL SERVER 16:35:35 INFO  : lopper command to build BSP :empyro.bat build_bsp -d C:\Users\dkhar\OneDrive\Documents\GitHub\ee4218\platform\psu_cortexa53_0\standalone_psu_cortexa53_0\bsp 
2026-03-18 16:35:35 [debug] : RIGEL SERVER 16:35:35 INFO  : cmd.exe, /C, empyro.bat build_bsp -d C:\Users\dkhar\OneDrive\Documents\GitHub\ee4218\platform\psu_cortexa53_0\standalone_psu_cortexa53_0\bsp 
2026-03-18 16:35:36 [debug] : RIGEL SERVER 16:35:36 INFO  : Domain reconfigured successfully 
2026-03-18 16:35:36 [debug] : RIGEL SERVER 16:35:36 INFO  : Generating BSP for the domain C:\Users\dkhar\OneDrive\Documents\GitHub\ee4218\platform\zynqmp_fsbl\zynqmp_fsbl_bsp 
2026-03-18 16:35:36 [debug] : RIGEL SERVER 16:35:36 INFO  : lopper command to build BSP :empyro.bat build_bsp -d C:\Users\dkhar\OneDrive\Documents\GitHub\ee4218\platform\zynqmp_fsbl\zynqmp_fsbl_bsp 
2026-03-18 16:35:36 [debug] : RIGEL SERVER 16:35:36 INFO  : cmd.exe, /C, empyro.bat build_bsp -d C:\Users\dkhar\OneDrive\Documents\GitHub\ee4218\platform\zynqmp_fsbl\zynqmp_fsbl_bsp 
2026-03-18 16:35:36 [debug] : [Platform Output] Generate platform platform with id '0a154bd2-457f-4869-ab4c-bd9236297e35' started. 
2026-03-18 16:35:39 [debug] : RIGEL SERVER 16:35:39 INFO  : Domain build successfully 
2026-03-18 16:35:41 [debug] : RIGEL SERVER 16:35:41 INFO  : Domain build successfully 
2026-03-18 16:35:41 [debug] : RIGEL SERVER 16:35:41 INFO  : Generating Boot ELFs 
2026-03-18 16:35:41 [debug] : RIGEL SERVER 16:35:41 INFO  : lopper command to retarget baremetal application :empyro.bat retarget_app -s C:\Users\dkhar\OneDrive\Documents\GitHub\ee4218\platform\zynqmp_fsbl -d C:\Users\dkhar\OneDrive\Documents\GitHub\ee4218\platform\zynqmp_fsbl\zynqmp_fsbl_bsp -b C:\Users\dkhar\OneDrive\Documents\GitHub\ee4218\platform\zynqmp_fsbl\build 
2026-03-18 16:35:41 [debug] : RIGEL SERVER 16:35:41 INFO  : cmd.exe, /C, empyro.bat retarget_app -s C:\Users\dkhar\OneDrive\Documents\GitHub\ee4218\platform\zynqmp_fsbl -d C:\Users\dkhar\OneDrive\Documents\GitHub\ee4218\platform\zynqmp_fsbl\zynqmp_fsbl_bsp -b C:\Users\dkhar\OneDrive\Documents\GitHub\ee4218\platform\zynqmp_fsbl\build 
2026-03-18 16:35:44 [debug] : RIGEL SERVER 16:35:44 INFO  : [INFO]: Retargeting app 
2026-03-18 16:35:44 [debug] : RIGEL SERVER 16:35:44 INFO  : [INFO]: Updating link libraries based on new domain
16:35:44 INFO  : Successfully retargeted Application C:\Users\dkhar\OneDrive\Documents\GitHub\ee4218\platform\zynqmp_fsbl 
2026-03-18 16:35:44 [debug] : RIGEL SERVER 16:35:44 INFO  : lopper command to build baremetal application :empyro.bat build_app --src_dir C:\Users\dkhar\OneDrive\Documents\GitHub\ee4218\platform\zynqmp_fsbl --build_dir C:\Users\dkhar\OneDrive\Documents\GitHub\ee4218\platform\zynqmp_fsbl\build 
2026-03-18 16:35:44 [debug] : RIGEL SERVER 16:35:44 INFO  : cmd.exe, /C, empyro.bat build_app --src_dir C:\Users\dkhar\OneDrive\Documents\GitHub\ee4218\platform\zynqmp_fsbl --build_dir C:\Users\dkhar\OneDrive\Documents\GitHub\ee4218\platform\zynqmp_fsbl\build 
2026-03-18 16:36:03 [debug] : RIGEL SERVER 16:36:03 INFO  : Successfully building the baremetal applicationC:\Users\dkhar\OneDrive\Documents\GitHub\ee4218\platform\zynqmp_fsbl\build 
2026-03-18 16:36:03 [debug] : RIGEL SERVER 16:36:03 INFO  : Generating Export directory 
2026-03-18 16:36:03 [debug] : Received event from notification service: ON_DID_UPDATE_COMPONENT. 
2026-03-18 16:36:03 [debug] : Received event from notification service: ON_UPDATE_PLATFORM_STATUS. 
2026-03-18 16:36:03 [debug] : [Platform Server] Generate platform completed on 'platform' with internal id '0a154bd2-457f-4869-ab4c-bd9236297e35'. 
2026-03-18 16:36:03 [debug] : [Platform Server] Generate platform status event - label: platform, status_code:0, status_details:. 
2026-03-18 16:36:03 [debug] : [Platform Server] Generate platform output steam finished on 'platform' with internal id '0a154bd2-457f-4869-ab4c-bd9236297e35'. 
2026-03-18 16:36:03 [info] : [Platform Server] Generate platform output stream finished - platform. 
2026-03-18 16:36:03 [debug] : RIGEL SERVER 16:36:03 INFO  : Platform Build Finished successfully. 
2026-03-18 16:36:03 [debug] : Received event from notification service: ON_DID_MODIFY_PLATFORM_REPOS. 
2026-03-18 16:36:03 [debug] : [Platform Output] Generate platform platform with id '0a154bd2-457f-4869-ab4c-bd9236297e35' completed. 
2026-03-18 16:36:03 [debug] : [Platform Output] Deleting and canceling the build task with id '0a154bd2-457f-4869-ab4c-bd9236297e35'. 
2026-03-18 16:36:03 [debug] : Received event from notification service: ON_DID_BUILD_STOP. 
2026-03-18 16:36:03 [debug] : Received event from notification service: ON_UPDATE_FLOWNAVIGATOR_STATUS. 
2026-03-18 16:36:43 [debug] : [Platform Server] Executing method:[getBspData] with connection:(object). {"0":"request:","1":{"wrappers_":null,"arrayIndexOffset_":-1,"array":["C:\\Users\\dkhar\\OneDrive\\Documents\\GitHub\\ee4218\\platform","standalone_psu_cortexa53_0"],"pivot_":1.7976931348623157e+308,"convertedPrimitiveFields_":{}}}
2026-03-18 16:36:43 [debug] : RIGEL SERVER 16:36:43 INFO  : cmd.exe, /C, lopper.bat -O  . C:\Users\dkhar\OneDrive\Documents\GitHub\ee4218\platform\hw\sdt\system-top.dts -- baremetal_getsupported_comp_xlnx psu_cortexa53_0 C:\Users\dkhar\OneDrive\Documents\GitHub\ee4218\_ide\.wsdata\.repo.yaml 
2026-03-18 16:36:50 [debug] : RIGEL SERVER 16:36:50 INFO  : Supported Library List generated. 
2026-03-18 16:36:54 [debug] : [Platform Server] Executing method:[getDrivers] with connection:(object). {"0":"request:","1":{"wrappers_":null,"arrayIndexOffset_":-1,"array":["C:\\Users\\dkhar\\OneDrive\\Documents\\GitHub\\ee4218\\platform","standalone_psu_cortexa53_0"],"pivot_":1.7976931348623157e+308,"convertedPrimitiveFields_":{}}}
2026-03-18 16:36:54 [debug] : RIGEL SERVER 16:36:54 INFO  : Updating Examples in Driver C:\Users\dkhar\OneDrive\Documents\GitHub\ee4218\platform\psu_cortexa53_0\standalone_psu_cortexa53_0\bsp 
2026-03-18 16:36:54 [debug] : RIGEL SERVER 16:36:54 INFO  : cmd.exe, /C, empyro.bat load_example -d C:\Users\dkhar\OneDrive\Documents\GitHub\ee4218\platform\psu_cortexa53_0\standalone_psu_cortexa53_0\bsp 
2026-03-18 16:36:56 [debug] : RIGEL SERVER 16:36:56 INFO  : [INFO]: Loading Valid Example names for BSP 
2026-03-18 16:36:56 [debug] : RIGEL SERVER 16:36:56 INFO  : [INFO]: Successfully loaded all the valid examples for the BSP 
2026-03-18 16:36:56 [debug] : RIGEL SERVER 16:36:56 INFO  : Updated Examples in Driver 
2026-03-18 16:37:09 [debug] : [Repository Server] Executing method:listRepoPaths with connection:(object). {"0":"request:","1":{"name":""}}
2026-03-18 16:37:09 [debug] : [Repository Service] Executing method:listRepoPaths from frontend. {"0":"request:","1":{"name":""}}
2026-03-18 16:37:09 [debug] : [Repository Service] Executing method:listRepoPaths from frontend. {"0":"request:","1":{"name":""}}
2026-03-18 16:37:09 [debug] : [Repository Server] Executing method:listRepoPaths with connection:(object). {"0":"request:","1":{"name":""}}
2026-03-18 16:37:09 [debug] : [Repository Server] Executing method:listPlatforms with connection:(object). {"0":"request:","1":{"name":"","repoPath":"","ignoreCertifiedRequisite":true,"flowList":[]}}
2026-03-18 16:37:09 [debug] : [Repository Service] Executing method:listPlatforms from frontend. {"0":"request:","1":{"name":"","repoPath":"","ignoreCertifiedRequisite":true,"flowList":[]}}
2026-03-18 16:37:09 [debug] : [Repository Service] Executing method:listPlatforms from frontend. {"0":"request:","1":{"name":"","repoPath":"","ignoreCertifiedRequisite":true,"flowList":[]}}
2026-03-18 16:37:09 [debug] : [Repository Server] Executing method:listPlatforms with connection:(object). {"0":"request:","1":{"name":"","repoPath":"","ignoreCertifiedRequisite":true,"flowList":[]}}
2026-03-18 16:38:16 [debug] : socked closed 
2026-03-18 16:38:16 [debug] : closing connection for 1 
2026-03-18 16:38:16 [debug] : Closing channel on service path '/localization-server'. 
2026-03-18 16:38:16 [debug] : Closing channel on service path '/os'. 
2026-03-18 16:38:16 [debug] : Closing channel on service path '/services/commands'. 
2026-03-18 16:38:16 [debug] : Closing channel on service path '/services/keyboard'. 
2026-03-18 16:38:16 [debug] : Closing channel on service path '/services/logger'. 
2026-03-18 16:38:16 [debug] : Closing channel on service path '/services/messageService'. 
2026-03-18 16:38:16 [debug] : Closing channel on service path '/services/ChannelCloseService'. 
2026-03-18 16:38:16 [debug] : Closing channel on service path '/services/startup-workspace'. 
2026-03-18 16:38:16 [debug] : Closing channel on service path '/services/rigel-workspace'. 
2026-03-18 16:38:16 [debug] : Closing channel on service path '/services/remote-filesystem'. 
2026-03-18 16:38:16 [debug] : Closing channel on service path '/services/envs'. 
2026-03-18 16:38:16 [debug] : Closing channel on service path '/services/workspace'. 
2026-03-18 16:38:16 [debug] : Closing channel on service path '/services/stopwatch'. 
2026-03-18 16:38:16 [debug] : Closing channel on service path '/services/rigel-utils'. 
2026-03-18 16:38:16 [debug] : [Rigel Utils Server] Disposing objects in backend. 
2026-03-18 16:38:16 [debug] : Closing channel on service path '/services/application'. 
2026-03-18 16:38:16 [debug] : Closing channel on service path '/services/i18n'. 
2026-03-18 16:38:16 [debug] : Closing channel on service path '/services/quickInput'. 
2026-03-18 16:38:16 [debug] : Closing channel on service path '/services/project'. 
2026-03-18 16:38:16 [debug] : Closing channel on service path '/services/component'. 
2026-03-18 16:38:16 [debug] : Closing channel on service path '/services/feature-registry'. 
2026-03-18 16:38:16 [debug] : Closing channel on service path '/services/debugger'. 
2026-03-18 16:38:16 [debug] : Closing channel on service path '/services/debug'. 
2026-03-18 16:38:16 [debug] : Closing channel on service path '/services/shell-terminal'. 
2026-03-18 16:38:16 [debug] : Closing channel on service path '/services/quickPick'. 
2026-03-18 16:38:16 [debug] : Closing channel on service path '/services/task'. 
2026-03-18 16:38:16 [debug] : a client has disconnected - removed from list: 
2026-03-18 16:38:16 [debug] : Closing channel on service path '/services/search'. 
2026-03-18 16:38:16 [debug] : Closing channel on service path '/services/hostedPlugin'. 
2026-03-18 16:38:16 [debug] : Closing channel on service path '/services/plugin-ext'. 
2026-03-18 16:38:16 [debug] : Closing channel on service path '/services/plugin-paths'. 
2026-03-18 16:38:16 [debug] : Closing channel on service path '/services/vsx-environment'. 
2026-03-18 16:38:16 [debug] : Closing channel on service path '/services/request-service'. 
2026-03-18 16:38:16 [debug] : Closing channel on service path '/services/cli-preferences'. 
2026-03-18 16:38:16 [debug] : Closing channel on service path '/services/server'. 
2026-03-18 16:38:16 [debug] : Closing channel on service path '/services/repository'. 
2026-03-18 16:38:16 [debug] : [Repository Server] Disposing objects in backend. 
2026-03-18 16:38:16 [debug] : Closing channel on service path '/services/program_flash'. 
2026-03-18 16:38:16 [debug] : [Program Flash Server] Disposing objects in backend. 
2026-03-18 16:38:16 [debug] : Closing channel on service path '/services/build'. 
2026-03-18 16:38:16 [debug] : [Build Server] Disposing objects in backend. 
2026-03-18 16:38:16 [debug] : Closing channel on service path 'services/rigel-backend-helper'. 
2026-03-18 16:38:16 [debug] : Closing channel on service path '/services/aie'. 
2026-03-18 16:38:16 [debug] : [AIE Server] Disposing objects in backend. 
2026-03-18 16:38:16 [debug] : Closing channel on service path '/services/analysis'. 
2026-03-18 16:38:16 [debug] : Closing channel on service path '/services/notification'. 
2026-03-18 16:38:16 [debug] : Closing channel on service path '/services/recent-summaries'. 
2026-03-18 16:38:16 [debug] : Closing channel on service path '/services/platform'. 
2026-03-18 16:38:16 [debug] : Closing channel on service path '/services/hls/l1library/service'. 
2026-03-18 16:38:16 [debug] : Closing channel on service path '/services/elf-reader'. 
2026-03-18 16:38:16 [debug] : [Elf Reader Server] Disposing objects in backend. 
2026-03-18 16:38:16 [debug] : Closing channel on service path '/services/rigel_explorer'. 
2026-03-18 16:38:16 [debug] : Closing channel on service path '/services/linker-script'. 
2026-03-18 16:38:16 [debug] : Closing channel on service path '/services/rigel-logger'. 
2026-03-18 16:38:16 [debug] : [Logger Server] Disposing objects in backend. 
2026-03-18 16:38:16 [debug] : Closing channel on service path '/services/vitis-hls'. 
2026-03-18 16:38:16 [debug] : Closing channel on service path '/services/device'. 
2026-03-18 16:38:16 [debug] : Closing channel on service path '/services/vcxx'. 
2026-03-18 16:38:16 [debug] : [Rigel Vcxx Server] Disposing objects in backend. 
2026-03-18 16:38:16 [debug] : Closing channel on service path '/services/mini-browser-service'. 
2026-03-18 16:38:16 [debug] : Closing channel on service path '/services/hls/report'. 
2026-03-18 16:38:16 [debug] : Closing channel on service path '/services/hls/common/data/info'. 
2026-03-18 16:38:16 [debug] : Closing channel on service path '/services/flow_navigator'. 
2026-03-18 16:38:16 [debug] : Closing channel on service path '/services/hls/common/file/service'. 
2026-03-18 16:38:16 [debug] : Closing channel on service path '/services/hls/dataflow/info'. 
2026-03-18 16:38:16 [debug] : Closing channel on service path '/services/hls/directive'. 
2026-03-18 16:38:16 [debug] : Closing channel on service path '/services/hls_flow'. 
2026-03-18 16:38:16 [debug] : [Hls Flow Server] Disposing objects in backend. 
2026-03-18 16:38:16 [debug] : Closing channel on service path '/services/project-utils'. 
2026-03-18 16:38:16 [debug] : Closing channel on service path '/services/bootgen'. 
2026-03-18 16:38:16 [debug] : Closing channel on service path '/services/cdo-utils'. 
2026-03-18 16:38:16 [debug] : Closing channel on service path '/services/report-model'. 
2026-03-18 16:38:16 [debug] : Closing channel on service path '/services/hls/wave/open'. 
2026-03-18 16:38:16 [debug] : Closing channel on service path '/services/search-in-workspace'. 
2026-03-18 16:38:16 [debug] : Closing channel on service path '/services/keyStore'. 
2026-03-18 16:38:16 [debug] : Closing channel on service path '/services/languagePackService'. 
2026-03-18 16:38:16 [debug] : Closing channel on service path '/services/terminals/1554123073'. 
